seminar_id,university,discipline,seminar_name,seminar_link
001fae-92e882-7e,University of Louisville,Mathematics,Differential Equations and Applied Math Seminar,https://louisville.edu/math/seminars
003ac8-0efc4e-2f,Binghamton University,Mathematics,Arithmetic Seminar,https://www2.math.binghamton.edu/p/seminars/arit
005d0a-caf943-2a,Montana State University,Mathematics,Applied Mathematics Seminars,https://math.montana.edu/events/seminars/applied_mathematics_seminars.html
008535-f3cced-21,University of Wisconsin-Madison,Mathematics,Logic,https://hilbert.math.wisc.edu/logic/seminar.html
008cef-9bdf9c-0d,University of Wisconsin-Madison,Physics,Plasma Theory Seminar,https://www.physics.wisc.edu/events/?year=2023&semester=Fall&name=PlasmaTheory
00aa10-e8beff-4c,University of Georgia,Mathematics,Geometry,https://calendar.google.com/calendar/u/0/embed?src=t86v1ggjej5btmqp2b9mu203ek@group.calendar.google.com&ctz=America/New_York
00b316-d7200e-fd,"University of California, Irvine",Mathematics,Nonlinear PDEs Seminar,https://www.math.uci.edu/seminars-calendar/month/2023-08
011abf-b70a67-65,Rutgers University-New Brunswick,Physics,Geometry & Physics Seminar,[NO LINK FOUND]
011ce3-f043e2-21,Kansas State University,Physics,Colloquium,https://www.phys.ksu.edu/about/events/colloquia/
011e14-875572-14,University at Buffalo,Computer Science,CSE Symposia,https://engineering.buffalo.edu/computer-science-engineering/news-and-events/events/cse-symposia.html
013a53-eb8d4a-88,Oregon State University,Computer Science,Materials and Devices Seminar,https://engineering.oregonstate.edu/events/materials-and-devices-seminars
01dcca-7bbb99-e5,Stony Brook University,Physics,Nuclear Theory Seminar,https://sites.google.com/a/stonybrook.edu/nuclear_theory_seminars/
01de47-a88483-6e,Ohio University,Physics,Nanoscale Quantum Phenomena Institute Seminar,https://www.ohio.edu/cas/nqpi/news/events
01fa01-187e22-7b,Duke University,Mathematics,Colloquium,https://math.duke.edu/colloquium-events
02178a-edb0b8-b1,"University of California, Irvine",Physics,Particle Physics Seminar,https://www.physics.uci.edu/seminars?field_date_value%5Bvalue%5D%5Byear%5D=2023&field_date_value%5Bvalue%5D%5Bmonth%5D=8&field_date_value%5Bvalue%5D%5Bday%5D=1
022725-6d33b2-9b,Louisiana State University,Mathematics,Control and Optimization Seminar,https://www.math.lsu.edu/calendar?selecttime=all&selectevent=Control+and+Optimization+Seminar
024587-53f55d-3d,Colorado State University,Mathematics,Number Theory Lab,https://sites.google.com/view/csu-numbertheory-lab/home
024600-71da61-b1,University of Memphis,Mathematics,Combinatorics Seminar,https://www.memphis.edu/msci/news/calendar.php
0246a9-3c736f-77,Clemson University,Mathematics,SMSS Seminar,https://www.clemson.edu/science/academics/departments/mathstat/index.html
0248f3-7f4441-14,Tufts University,Mathematics,Geometric Group Theory and Topology Seminar,https://sites.tufts.edu/ggtt/fall-2023/
028dbb-5175b2-50,University of Virginia,Mathematics,Number Theory Seminar,https://math.virginia.edu/seminars/ntsem/
02adab-fbecf1-62,Dartmouth College,Mathematics,Geometry Seminar,https://math.dartmouth.edu/~gts/
02bc35-6c731d-77,Carnegie Mellon University,Computer Science,Systems Design and Implementation (SDI) Seminar Series,https://www.pdl.cmu.edu/SDI/index.shtml
03392d-63bd38-9a,University of Connecticut,Mathematics,Mathematics Colloquium,https://math.uconn.edu/calendar-2/
0343da-985cf4-0e,University of Chicago,Mathematics,Geometry/Topology Seminar,http://math.uchicago.edu/seminars/geometry_topology.html
037913-25d3de-fa,University of Washington,Mathematics,Number Theory Seminar,https://math.washington.edu/events/series/number-theory-seminar
037aee-5187c5-4b,Dartmouth College,Mathematics,Topology Seminar,https://math.dartmouth.edu/~topology/
039b0a-0cb93e-f6,Arizona State University,Mathematics,Data-Oriented Mathematical and Statistical Sciences (DoMSS) seminar,https://math.asu.edu/asu-events-type/concert
03a7c7-525fe4-c2,University of Nebraska-Lincoln,Chemistry,Chemistry Colloquium,https://chem.unl.edu/colloquia-schedule#Fall2023
03fa38-199b92-45,University of Colorado Boulder,Mathematics,Geometry Analysis Seminar,https://math.colorado.edu/seminars/
0440cb-2db6c1-41,Northeastern University,Computer Science,Programming Language Seminar,https://prl.khoury.northeastern.edu/seminars.html
045e8a-441431-f5,"University of California, Davis",Mathematics,Algebra & Discrete Mathematics Seminar,https://www.math.ucdavis.edu/research/seminars?type=6&when=past
048afd-b56b8b-7b,University of Cincinnati,Mechanical Engineering,Speakers,https://ceas.uc.edu/academics/departments/mechanical-materials-engineering/speakers.html
04b408-f784d7-ac,Texas A&M University,Mathematics,Number Theory Seminar,https://www.math.tamu.edu/seminars/number_theory/
04e79f-5028b0-ac,Virginia Commonwealth University,Computer Science,Seminars,https://egr.vcu.edu/departments/computer/research/seminars/
058042-a002d6-1f,University of Illinois Chicago,Physics,Physics Seminar,https://phys.uic.edu/our-events/?event_month=08&event_day=1&event_year=2023
058e33-5258a5-fd,Boston University,Physics,Bio/CM Seminar,https://www.bu.edu/physics/events/?date=20230801&topic=8180
059130-ac3c3e-80,North Carolina State University,Mathematics,Colloquium,https://math.sciences.ncsu.edu/events/category/colloquium/
059b2e-0ac028-51,North Carolina State University,Mathematics,Geometry and Topology Seminar,https://math.sciences.ncsu.edu/events/category/geometry-and-topology-seminar/list/?eventDisplay=past
05feb1-c7c890-af,Binghamton University,Mathematics,Combinatorics Seminar,https://www2.math.binghamton.edu/p/seminars/comb/start
0691a6-6ee969-47,Yale University,Computer Science,CS Colloquium,https://cpsc.yale.edu/calendar/month/2023-10?page=0
06af24-486e60-04,University of Massachusetts Amherst,Mathematics,Geometry & Geometric Analysis Seminar,https://www.umass.edu/mathematics-statistics/seminars/geometry-and-geometric-analysis-seminar
06d591-975592-48,New York University,Mathematics,Mathematics Colloquium,https://math.nyu.edu/dynamic/calendars/seminars/mathematics-colloquium/
06e46a-f64c31-d5,"University of California, San Diego",Mathematics,Algebra Seminars,https://mathweb.ucsd.edu/~asalehig/AlgebraSeminar-23.html
06f139-d14dcb-99,University of Delaware,Mathematics,Teaching Seminar,https://www.mathsci.udel.edu/events/seminars-and-colloquia/teaching-seminar
070c95-519ed4-ac,University of Illinois Urbana-Champaign,Physics,"Astrophysics, Relativity and Cosmology Seminar",https://physics.illinois.edu/calendar/seminars/1962
076f84-2e12fe-78,University of Wisconsin-Madison,Chemistry,Chemical Biology Seminars,https://chem.wisc.edu/chemical-biology-seminars/
078e81-afde7a-ca,Syracuse University,Physics,Soft Matter and Biological Physics Seminar,https://artsandsciences.syracuse.edu/physics/physics-events/soft-matter-and-biological-physics-seminar-series/
07a019-01ca44-a1,Brown University,Physics,Colloquium,https://www.brown.edu/academics/physics/2023-2024-colloquium-schedule
07b159-e11b6a-30,University of Tennessee,Chemistry,CHEM 501 Chemistry Seminar,https://chem.utk.edu/chem-501-seminar/
0827ad-65389c-d1,University of Michigan,Mathematics,RTG Seminar on Number Theory,https://lsa.umich.edu/math/seminars/seminars-and-colloquia/rtg-seminar-number-theory.html#view=week
0829eb-fb5608-35,Cornell University,Computer Science,Systems Lunch,https://www.cs.cornell.edu/courses/cs7490/2023sp/
082a7c-cef7a5-58,Kent State University,Mathematics,Informal Analysis Seminar,https://www.kent.edu/math/informal-analysis-seminar
084aec-dcee6d-fb,Purdue University,Physics,Astrophysics Seminars,https://www.physics.purdue.edu/events/astro-physics/archive.html
086a11-532139-0c,"University of California, Los Angeles",Mathematics,Math Machine Learning Seminar,https://secure.math.ucla.edu/seminars/show_quarter.php?t=1704182400&type=Math%20Machine%20Learning&id=&tba=
08783c-af46b5-41,New York University,Mathematics,Geometric Analysis and Topology Seminar,https://math.nyu.edu/dynamic/calendars/seminars/geometric-analysis-and-topology-seminar/
0888cc-80dcd3-8c,"University of Maryland, College Park",Mathematics,Sayas Numerics Seminar,https://www-math.umd.edu/research/seminars/sayas-numerics-seminar.html
088e2b-7801ee-c0,Clemson University,Mechanical Engineering,Seminar Series,https://www.clemson.edu/cecas/departments/me/news-events/seminar/index.html
089265-dd6228-06,University of Alabama in Huntsville,Mathematics,Mathematical Sciences Colloquium Series,https://www.uah.edu/events/calendar/month.calendar/2023/09/23
0895f9-067ce7-da,Purdue University,Physics,"Atomic, Molecular, Optical Seminars",https://www.physics.purdue.edu/events/atomic-molecular-optical/archive.html
08af46-bd4f45-0b,University at Buffalo,Mathematics,Analysis Seminar,https://www.buffalo.edu/cas/math/news-events/calendar.html#title_1714411604_cop_722274259
08b2ad-871b53-22,University of North Carolina at Chapel Hill,Mathematics,Physically Inspired Mathematics Seminar,https://math.unc.edu/events/physically-inspired-math/
08de03-74568d-14,Colorado School of Mines,Physics,Colloquia,https://physics.mines.edu/colloquia/
08f577-df1d13-90,University of Wisconsin-Madison,Mathematics,Applied and Computational Math,https://wiki.math.wisc.edu/index.php/Applied/ACMS
091e6a-43893d-19,Rutgers University-New Brunswick,Mathematics,Topology/Geometry Seminar,https://sites.google.com/view/yanwenluo/seminar
091eaa-98f544-e6,University of Minnesota,Mathematics,Special Events and Seminars,https://cse.umn.edu/math/events/special-events-and-seminars
09516c-97650f-f5,Duke University,Mathematics,Research Training Group (RTG) Seminars,https://sites.duke.edu/mathrtg21/spring-2022/
0966b8-833dd9-cb,University of Houston,Mathematics,Data-Enabled Science Seminar,https://www.math.uh.edu/~andreas/seminars/
0981bb-fbb99c-8f,"University of California, Santa Cruz",Physics,Colloquium,https://www.physics.ucsc.edu/news-events/colloquia/index.html
09adbe-115b9f-19,Princeton University,Mathematics,Algebraic Geometry Seminar,https://www.math.princeton.edu/events/seminars/algebraic-geometry-seminar/archive/254
09b181-e94a8e-ed,University of Wisconsin-Madison,Chemistry,Inorganic Chemistry Seminars,https://chem.wisc.edu/inorganic-chemistry-seminars/
09b6b2-b03245-76,Boston College,Mathematics,Math & Machine Learning Seminar,https://sites.google.com/view/bcmmlseminar/
0a3ef5-5c69a6-2b,University of Wisconsin-Madison,Physics,Physics Department Colloquium,https://www.physics.wisc.edu/events/?year=2023&semester=Fall
0a7e6f-67877c-29,Princeton University,Mathematics,PACM Colloquium,https://www.math.princeton.edu/events/seminars/pacm-colloquium/archive/254
0a9d77-f684ff-8a,"University of California, Irvine",Physics,Plasma Physics Seminar,https://www.physics.uci.edu/seminars?field_date_value%5Bvalue%5D%5Byear%5D=2023&field_date_value%5Bvalue%5D%5Bmonth%5D=8&field_date_value%5Bvalue%5D%5Bday%5D=1
0ab2fa-d49365-83,Columbia University,Mathematics,Informal Mathematical Physics Seminar,https://sites.google.com/view/columbia-informal-math-physics
0ac71a-1f1cf9-c8,Cornell University,Mathematics,Number Theory Seminar,https://pi.math.cornell.edu/m/event-list-p/numtheory
0ad6ec-dc61be-74,Virginia Tech,Mathematics,Math Education Seminar,https://math.vt.edu/calendar.html
0ae6a3-c63ba2-2a,Georgetown University,Physics,Colloquia,https://physics.georgetown.edu/talks-events/colloquia/
0b179f-1a779c-6d,Ohio State University,Mathematics,Number Theory Seminar,https://research.math.osu.edu/numbertheory/
0b2346-47908a-b7,Binghamton University,Mathematics,Statistics Seminar,https://www2.math.binghamton.edu/p/seminars/stat
0b50a1-c7cfd7-82,Brandeis University,Physics,Physics Department Colloquia,https://www.brandeis.edu/physics/events/colloquia/index.html
0b98ab-7656c6-1d,University of Chicago,Chemistry,Chemistry Colloquia,https://events.uchicago.edu/chem/month/date/20230901
0bc297-6655d5-c0,"University of California, Riverside",Computer Science,Distinguished Lecture Series,https://www1.cs.ucr.edu/events
0c5861-7c2846-26,Indiana University Bloomington,Chemistry,Physical,https://www.chem.indiana.edu/internal-tools/seminar-information/
0c8b29-4d8ba9-d4,University of Michigan,Mechanical Engineering,Mechanical Engineering Seminar Series,https://me.engin.umich.edu/news-events/events/seminars/
0c9de2-68d4f1-d0,Tulane University,Mathematics,Mathematics Colloquium,https://sse.tulane.edu/colloquium-past-years
0cd47b-0e5d48-e0,"University of California, Santa Cruz",Mathematics,Geometry & Analysis Seminar,https://docs.google.com/document/d/1WcQMv71PXkoJd-2Sx6N8-ls_Bw2oCuZNHZP3yX5TvXo/edit#heading=h.bs99ml40qrn8
0ced91-704999-5f,Iowa State University,Mathematics,Combinatorics/Algebra Seminar,https://jdhsmith.math.iastate.edu/math/seminar.htm
0cee9c-4400fb-97,Northeastern University,Mathematics,Topology Seminar,https://topology.sites.northeastern.edu/
0d05ee-10e108-0d,Iowa State University,Mathematics,Algebra and Geometry Seminar,http://jthartwig.net/ag/
0d091a-267479-aa,University of Georgia,Chemistry,Inorganic Seminar,https://www.chem.uga.edu/events/past?field_type_of_event_target_id=29&items_per_page=10&page=0
0d2528-e3e71f-da,Princeton University,Mathematics,Number Theory Working Seminar,https://www.math.princeton.edu/events/seminars/number-theory-working-seminar
0d5de8-0d34b8-22,Auburn University,Mathematics,Department Colloquia,https://www.auburn.edu/cosam/departments/math/research/colloquia.htm
0d64a1-dedf3f-60,"University of California, San Diego",Chemistry,Chem Ed,https://chemistry.ucsd.edu/ext/seminars.html
0db08a-23f095-ba,University of Notre Dame,Physics,Particle Physics Seminar,https://physics.nd.edu/news-events/events/calendar/particle-physics-seminar/
0e637f-95892d-6d,Vanderbilt University,Physics,Physics Colloquium,https://as.vanderbilt.edu/physics-astronomy/colloquium-series/
0eaac3-793b30-4d,University of Wisconsin-Madison,Mathematics,Geometric Analysis Reading Seminar,https://math.wisc.edu/seminars/
0eaf7b-fbc084-ab,Cornell University,Mathematics,Topology and Geometric Group Theory Seminar,https://pi.math.cornell.edu/m/event-list-p/geomgroup
0ec2f7-fd40f2-2f,University of Southern California,Mathematics,Mathematics Colloquium,https://sites.google.com/usc.edu/gpanova/colloquium
0ec491-20fe6b-d0,California Institute of Technology,Physics,Chemical Physics Seminars,https://www.its.caltech.edu/~cps/
0f01ed-8508d6-07,"University of California, Los Angeles",Physics,Condensed Matter Physics Seminars,https://www.pa.ucla.edu/condensed-matter-seminars.php
0f0a7a-345883-3c,University of Florida,Mathematics,Analysis and Probability Seminar,https://people.clas.ufl.edu/g-roman/analysis-and-probability-seminar/
0f24d1-7ccc62-8e,University of Missouri,Mathematics,Differential Equations Seminar,https://math.missouri.edu/seminars
0f2f5e-c8e178-db,California Institute of Technology,Chemistry,CCE Seminars: Inorganic-Organometallic Seminar,https://cce.caltech.edu/news-and-events/cce-seminars/inorganic-chemistry/inorganic-organometallic-seminar
0f3b3e-9b0550-4c,University of Arizona,Mathematics,IAB Colloquium,https://www.math.arizona.edu/events/archive/5
0f5c65-8df78f-ce,"University of California, Berkeley",Mathematics,"Seminar 217, CDAR Risk Seminar",https://events.berkeley.edu/math/month/date/20230801
0f9b3d-fcc0d4-5e,University of Michigan,Mathematics,Colloquium Series,https://lsa.umich.edu/math/seminars/seminars-and-colloquia/colloquium-series.html#date=2023-12-10&view=month
0fa505-face0a-59,"Graduate Center, CUNY",Mathematics,NYC Geometry Seminar,https://geometrynyc.wixsite.com/home/nyc-geometry-seminar
10858b-fc8543-e6,Brandeis University,Computer Science,Computer Science Seminars,https://www.brandeis.edu/science/science-events/planning-calendar.html
10d866-56146b-9d,"University of California, Los Angeles",Chemistry,Jeffrey I. Zink Inorganic Chemistry Seminar Series,https://www.chemistry.ucla.edu/calendar/month/2023-09/
10e2eb-1ed185-c0,University of Missouri,Mathematics,Pre-print Algebra Seminar,https://math.missouri.edu/seminars
1194d0-7e014e-48,University of Georgia,Mathematics,Math Colloquium,https://calendar.google.com/calendar/u/0/embed?src=dnlc6uonf34kv488nvn5ol5q4g@group.calendar.google.com&ctz=America/New_York
119ae7-646532-6c,"University of California, San Diego",Chemistry,Special Seminar,https://chemistry.ucsd.edu/ext/seminars.html
11a9ad-20255e-57,"University of California, Los Angeles",Mechanical Engineering,Fluid Mechanism Seminar,https://www.mae.ucla.edu/past-events/
11b003-d5eaf2-f8,Washington State University,Chemistry,Events & Seminars,https://chem.wsu.edu/events-seminars/
11b531-3a984b-04,University of Miami,Computer Science,Colloquia,https://csc.as.miami.edu/announcements/colloquia/index.html
11de47-300d27-53,Syracuse University,Chemistry,Chemistry Colloquium,https://calendar.syracuse.edu/events/?view=past&page=1&organizer=10359&_gl=1*crghpx*_gcl_au*NTE0Nzk0MTczLjE3MDk5MTUyMzg.
123a1a-2a31c8-a1,California Institute of Technology,Mechanical Engineering,Mechanical and Civil Engineering Seminar,https://www.cms.caltech.edu/news-events/seminars/filter?date_start=&date_end=&type=all&search=&past=0&mc=1&series=182
124b83-56b845-1b,"University of California, San Diego",Chemistry,Department Colloquia,https://chemistry.ucsd.edu/ext/seminars.html
12586a-a1faa7-b5,Carnegie Mellon University,Computer Science,Software Research Seminar (SSG),https://s3d.cmu.edu/events/sssg.html
127ee4-f4f08b-b5,Carnegie Mellon University,Computer Science,Artificial Intelligence Seminar,https://www.cs.cmu.edu/~aiseminar/
1285a6-8fe8c1-93,University of Chicago,Mathematics,Patrick Billingsley Lectures in Probability,https://stat.uchicago.edu/events/billingsley-lectures-on-probability/
12d4e7-bdfb96-da,"University of California, San Diego",Mathematics,Probability Seminars,https://marcocarfagnini.wordpress.com/probability-seminar/
12deb4-1b70d7-8b,University of Arizona,Mathematics,"Modeling, Computation, Nonlinearity, Randomness and Waves Seminar",https://www.math.arizona.edu/events/archive/5
12f461-b39d81-77,Rutgers University-New Brunswick,Mathematics,Complex Analysis and Geometry Seminar,https://sites.google.com/view/rutgers-ca-seminar/schedule
134bf3-98037b-2d,Northwestern University,Mathematics,Probability Seminar,https://www.math.northwestern.edu/activities/seminars/?group=PrSe&startDate=2023-08-18T05%3A00%3A00.000Z&endDate=2023-09-01T05%3A00%3A00.000Z&days=undefined
1364a7-bafdca-99,University of Louisville,Physics,Physics Colloquium,https://louisville.edu/physics/events/copy_of_physics-colloquium
13c4c8-fd1c57-d9,Tufts University,Mathematics,Colloquium Series,https://math.tufts.edu/news-events/colloquium-series
13d150-3314b9-4a,University of Virginia,Chemistry,Seminars,https://chemistry.as.virginia.edu/seminars-archive
13d5b1-86734f-f1,"University of California, Davis",Mathematics,William Thurston Lectures,https://www.math.ucdavis.edu/research/thurston_lectures
140dcc-499b35-b5,Harvard University,Computer Science,TOC Seminar,https://toc.seas.harvard.edu/toc-seminar
141fdc-305d40-35,Boston College,Mathematics,Algebraic Geometry Seminar,https://sites.google.com/bc.edu/2021-22bcntagseminar
142e80-600353-9e,University of Houston,Mechanical Engineering,Seminars,https://www.me.uh.edu/research/seminars
1451db-5f5159-60,Columbia University,Mathematics,Department Colloquium,https://www.math.columbia.edu/category/colloquia/
14568e-f0fc54-c7,University of Arizona,Mathematics,Program in Applied Mathematics Brown Bag Seminar,https://www.math.arizona.edu/events/archive/5
145b13-d2c791-0d,"University of California, Santa Barbara",Computer Science,CS Talk,https://cs.ucsb.edu/ (at the bottom)
146216-51dccc-9e,University of Wisconsin-Madison,Chemistry,Organic Chemistry Seminars,https://chem.wisc.edu/organic-chemistry-seminars/
1474e0-69b9ac-1a,University of Mississippi,Chemistry,Seminars,https://chemistry.olemiss.edu/events/
14982d-3ad234-84,University of Pennsylvania,Mathematics,MathBio Seminar,math.upenn.edu/events/s
14998a-814110-84,Boston University,Mathematics,Geometry and Physics Seminar,https://math.bu.edu/research/geom/seminar.html
14bfbd-7f30c4-e4,University of Michigan,Computer Science,Theory Seminars,https://cse.engin.umich.edu/events/all-seminars/theory/
14d5b4-ddb3cf-f5,"University of California, Irvine",Mathematics,Distinguished Lectures,https://www.math.uci.edu/category/event-category/distinguished-lectures
14eb82-27042c-2d,University of Georgia,Chemistry,Physical Seminar,https://www.chem.uga.edu/events/past?field_type_of_event_target_id=22&items_per_page=10&page=0
14ee17-1608f4-cf,Dartmouth College,Mathematics,Algebra and Number Theory Seminar,https://math.dartmouth.edu/~zahlen/
150266-c746ca-a9,Columbia University,Computer Science,VIGR Seminar,https://vigr.cs.columbia.edu/vigr_seminar.html
1545aa-d0dbd0-ff,Virginia Tech,Physics,Soft Matter and Biological Physics Seminar,https://www.phys.vt.edu/Newsandevents/Events.html
154975-f8ef1f-3d,"University at Albany, SUNY",Physics,Physics Seminars,https://www.albany.edu/physics/colloquia-and-seminars
158842-d0c47c-1e,Stony Brook University,Physics,Worlds of Physics,http://chi.physics.sunysb.edu/wop/
159c40-1d68a4-b9,Princeton University,Mathematics,Joint PU/IAS Analysis Seminar,https://www.math.princeton.edu/events/seminars/joint-puias-analysis-seminar/archive/254
16094b-ee728c-74,Montana State University,Chemistry,Chemistry and Biochemistry Seminars,https://chemistry.montana.edu/seminars/index.html
1632fe-2b7e08-47,Boston University,Physics,Departmental Seminar,https://www.bu.edu/physics/events/?date=20230801&topic=8181
164d63-ee9263-b7,New York University,Mathematics,Analysis Seminar,https://math.nyu.edu/dynamic/calendars/seminars/analysis-seminar/
166b41-73e4f7-90,New York University,Mathematics,MaD Seminar,https://mad.cds.nyu.edu/seminar/
167259-627a63-2d,University of Arizona,Chemistry,BCP Journal Club Seminar,https://cbc.arizona.edu/events
169a4f-3f7d3a-58,Massachusetts Institute of Technology,Mathematics,SIAM Seminar,https://web.mit.edu/siam/www/
169d47-d02bdf-10,Ohio State University,Mathematics,Algebraic Geometry Seminar,https://research.math.osu.edu/agseminar/AG-2023-2024.html
16c3a3-87dca3-e5,University of Oklahoma,Mathematics,Geometry and Topology Seminar,https://math.ou.edu/events/seminars/geometry_topology
16d531-009c16-7d,"University of California, Berkeley",Mathematics,Applied Math Seminar,https://events.berkeley.edu/math/month/date/20230801
174cb3-09ac2c-14,"University of California, Irvine",Mathematics,Mathematical Physics Seminar,https://www.math.uci.edu/seminars-calendar/month/2023-08
174d30-df924d-c4,University of Delaware,Mathematics,Discrete Mathematics/Algebra Seminar,https://www.mathsci.udel.edu/events/seminars-and-colloquia/discrete-mathematics
175f93-30c4bc-eb,"University of California, Irvine",Physics,Astrophysics Seminar,https://www.physics.uci.edu/seminars?field_date_value%5Bvalue%5D%5Byear%5D=2023&field_date_value%5Bvalue%5D%5Bmonth%5D=8&field_date_value%5Bvalue%5D%5Bday%5D=1
17d7ca-b1b021-12,Virginia Tech,Physics,Condensed Matter Seminars,https://www.phys.vt.edu/Newsandevents/Events.html
183479-ce7cba-a1,University of Missouri,Chemistry,Colloquium Seminars,https://calendar.missouri.edu/department/chemistry/calendar/day/2023/8/1?card_size=big&days=153&experience=
18a52c-75b384-f8,"University of California, San Diego",Mechanical Engineering,Biomechanics & Medical Devices,https://mae.ucsd.edu/seminars/archives?field_seminar_series_target_id=3
18fabd-3843fa-ee,Dartmouth College,Mathematics,Colloquium,https://math.dartmouth.edu/calendar/agenda-colloq-past.php
191a70-d4123f-ad,Georgia Institute of Technology,Physics,School of Physics Seminar,https://physics.gatech.edu/event/school-physics-seminar
1934c0-46decf-60,George Mason University,Chemistry,Seminars,https://science.gmu.edu/academics/departments-units/chemistry-biochemistry/seminars
1943bd-dd3040-8d,University of Michigan,Physics,Complex Systems,https://lsa.umich.edu/physics/news-events/seminars-colloquia/complex-systems.html#view=month
1951a2-70cac7-f3,Colorado State University,Chemistry,Organic Seminars,https://www.chem.colostate.edu/organic-seminars/
1956fd-b9715d-44,University of Minnesota,Mathematics,Combinatorics Seminar,https://cse.umn.edu/math/seminar-calendar
195a10-8498ad-fc,Johns Hopkins University,Chemistry,Visiting Faculty Seminar,https://chemistry.jhu.edu/events-calendar/category/visiting-faculty-seminar/
19711a-a99c34-9a,"University of California, Berkeley",Chemistry,G. N. Lewis Memorial Lecture,https://events.berkeley.edu/chem/month/date/20230801
1981a8-ac4c1d-f7,Montana State University,Mathematics,Colloquiua,https://math.montana.edu/events/seminars/colloquia.html
198c52-06192d-14,University of Georgia,Mathematics,MALT Seminar,https://calendar.google.com/calendar/u/0/embed?src=e4o8pm3vtl01ivv029577d5m8g@group.calendar.google.com&ctz=America/New_York
198cf5-803383-9e,Yale University,Mathematics,Applied Mathematics/Analysis Seminar,https://math.yale.edu/calendar/grid/month/2023-12?term_node_tid_depth_join=46
19c3a6-009880-48,Michigan State University,Physics,High Energy Physics Seminar,https://pa.msu.edu/news-events-seminars/hep-seminar-schedule.aspx
1a21b3-f88892-9e,University of Illinois Urbana-Champaign,Chemistry,Chemical Biology Seminars,http://go.illinois.edu/chemistrybiology
1a6095-3dd388-72,Auburn University,Mathematics,Topology Seminar,https://www.auburn.edu/cosam/departments/math/research/seminars/topology-continuum-theory.htm
1a79c5-a87c6f-25,Virginia Tech,Physics,Astronomical Sciences Seminar,https://www.phys.vt.edu/Newsandevents/Events.html
1a7a33-ad8f63-ba,"University of California, Berkeley",Chemistry,Merck-Banyu Seminar Lecture,https://events.berkeley.edu/chem/month/date/20230801
1a7ad5-871502-5c,George Washington University,Mathematics,"University Seminar (CCAS): Computability, Complexity, and Algebraic Structure",https://math.columbian.gwu.edu/university-seminar-computability-complexity-and-algebraic-structure
1a9023-af1dec-a5,"University of California, Los Angeles",Mathematics,Number Theory Seminar,https://secure.math.ucla.edu/seminars/show_quarter.php?t=1704182400&type=Number%20Theory&id=&tba=
1aa489-d713f2-1c,Washington University in St. Louis,Computer Science,CSE Colloquia Series,https://cse.wustl.edu/news-events/past-colloquia.html
1aa59d-5a8f72-b6,Kent State University,Mathematics,Algebra Seminar,https://www.math.kent.edu/~white/seminar/algsem.html
1aa5c5-39b46e-64,Vanderbilt University,Mathematics,Geometry Seminar,https://math.vanderbilt.edu/rasdear/public_html/seminar/Old/Fall2023.html
1b065b-36010c-82,University of Delaware,Mathematics,Analysis Seminar,https://www.mathsci.udel.edu/events/seminars-and-colloquia/analysis
1b0b84-44e690-a3,University of Texas at Arlington,Computer Science,Colloquia,https://www.uta.edu/academics/schools-colleges/engineering/academics/departments/cse/colloquia
1b1c2d-c3a1c0-e8,New York University,Mathematics,Probability and Mathematical Physics Seminar,https://math.nyu.edu/dynamic/calendars/seminars/probability-and-mathematical-physics-seminar/
1b210a-2435c7-a9,Binghamton University,Mathematics,Data Science Seminar,https://www2.math.binghamton.edu/p/seminars/datasci
1b64f0-f5a9ad-6d,Ohio State University,Mathematics,Math to Industry,https://u.osu.edu/careerprep/
1b6b3d-38f401-de,Texas A&M University,Mathematics,Colloquia,https://www.math.tamu.edu/seminars/colloquia/
1b7fc8-db4f7a-19,University of Connecticut,Mathematics,Algebra Seminar,https://math.uconn.edu/calendar-2/
1ba1fc-40358b-b7,University of Chicago,Physics,Physics Colloquium,https://physics.uchicago.edu/events/colloquia-and-lectures/
1bb2ba-4337df-01,"University of California, Riverside",Chemistry,CHEM 254 Seminar,https://chem.ucr.edu/events
1bc459-2243ab-76,Duke University,Mathematics,Applied Math & Analysis Seminar,https://math.duke.edu/applied-math-analysis-events
1be8fb-b2f0d7-15,University of Notre Dame,Physics,Condensed Matter Seminar,https://physics.nd.edu/news-events/events/calendar/condensed-matter-seminar/
1bee8c-a75308-7f,"University of California, San Diego",Mathematics,Seminars on Mathematics for Complex Biological Systems,https://math.ucsd.edu/~bli/research/mathbiosci/MBBseminar/
1c056a-e44e07-da,University of Michigan,Physics,Department Colloquia,https://lsa.umich.edu/physics/news-events/seminars-colloquia/department-colloquia.html#date=2023-11-07&view=month
1c62f3-29a99f-85,Utah State University,Mathematics,Colloquium and Seminars,https://www.usu.edu/math/news/colloquiums
1c63dc-e62fb3-6b,Temple University,Mathematics,Colloquium,https://www.math.temple.edu/events/seminars/colloquium/2023/
1c670c-c35bfe-6c,University of Michigan,Mathematics,Differential Equations,https://lsa.umich.edu/math/seminars/seminars-and-colloquia/differential-equations.html#view=week
1c7f9e-67dd36-6e,Rutgers University-New Brunswick,Physics,Physics and Astronomy Colloquium,https://physics.rutgers.edu/events/colloquium?view=article&id=2582:colloquim-fall-2023&catid=13:events
1cde7d-db239d-c7,Arizona State University,Physics,Friday Cosmology Seminar,https://cosmology.asu.edu/events/cosmology-seminars/friday
1d36f0-52fa39-a8,Stony Brook University,Mathematics,Math Club,https://www.math.stonybrook.edu/past-events
1d45c4-c5c48c-b8,University of Kentucky,Mechanical Engineering,William Maxwell Reed Seminar Series,https://www.engr.uky.edu/research-faculty/departments/mechanical-and-aerospace-engineering/research/william-maxwell-reed-seminar-series
1d6037-61f0ad-b7,University of Chicago,Mathematics,Probability and Statistical Physics Seminar,http://math.uchicago.edu/~probstatphys
1da974-8a2dcf-81,University of Wisconsin-Madison,Physics,Plasma Physics,https://www.physics.wisc.edu/events/?year=2023&semester=Fall
1db731-735a1f-fe,Michigan State University,Physics,Colloquium,https://pa.msu.edu/news-events-seminars/colloquium-schedule.aspx
1dd1fd-04f157-e4,University of Michigan,Computer Science,Computer Engineering Seminars,https://cse.engin.umich.edu/events/all-seminars/computer-engineering/
1de9d2-a8993a-72,Johns Hopkins University,Physics,Department-wide Colloquium,https://physics-astronomy.jhu.edu/series/department-wide-colloquium/
1deb5d-36fe46-e0,University of Alabama,Chemistry,Department Seminars,https://chemistry.ua.edu/events/month/2023-09/
1df397-ac900e-5d,University of Wisconsin-Madison,Mathematics,PDE Geometric Analysis Seminar,https://hilbert.math.wisc.edu/wiki/index.php/PDE_Geometric_Analysis_seminar
1dfdc5-617b7e-53,Rutgers University-New Brunswick,Mathematics,Geometric Analysis Seminar,https://geometricanalysisrutgers.wordpress.com/
1e22cb-20fc56-2c,Oklahoma State University-Stillwater,Mathematics,Mathematics Education Seminar,https://www.mathdept.okstate.edu/announce/
1e4af5-864e8d-7a,Utah State University,Chemistry,Chemistry & Biochemistry Seminars,https://www.usu.edu/chem/seminars
1e5d13-0a8490-ac,Tufts University,Physics,Astronomy Seminar,https://sites.tufts.edu/astroevents/astro-seminars/
1edc86-46ceaf-44,University of Washington,Mathematics,Distinguished Seminar in Optimization & Data,https://math.washington.edu/events/series/distinguished-seminar-optimization-data
1f05d2-c38084-b9,North Dakota State University,Mathematics,Analysis and Geometry Seminar,https://www.ndsu.edu/math/research/seminars_and_colloquium/analysis_and_geometry_seminar/
1f13a2-8b1743-9c,"University of California, Berkeley",Mathematics,Topology Seminar,https://events.berkeley.edu/math/month/date/20230801
1f196d-0e3b15-5c,University of Hawaii at Manoa,Mathematics,Colloquium,https://math.hawaii.edu/wordpress/event/colloquium-talk/
1f2dd8-b41656-3d,Brandeis University,Mathematics,Brandeis-Harvard-MIT-Northeastern Joint Mathematics Colloquium,https://colloquium.sites.northeastern.edu/
1f2ffb-e70142-7c,University of Washington,Mathematics,Probability Seminar,https://math.washington.edu/events/series/probability-seminar
1f52d0-155a70-a9,Johns Hopkins University,Chemistry,Ephraim and Wilma Shaw Roseman Seminar Series,https://chemistry.jhu.edu/events-calendar/category/ephraim-and-wilma-shaw-roseman-seminar-series/
1f8281-5b0696-14,University of Arizona,Chemistry,Physical Chemistry Seminar,https://cbc.arizona.edu/events
1fa975-3356fd-4d,Massachusetts Institute of Technology,Chemistry,Organic Chemistry Seminars,https://chemistry.mit.edu/wp-content/uploads/2024/03/Organic-Seminar-Poster-2023-2024-02-28-202424.pdf
1fc5ce-174f62-39,"University of California, Los Angeles",Chemistry,Distinguished Lecture Series,https://www.chemistry.ucla.edu/calendar/month/2023-09/
1ff564-ee5117-1d,University of Pennsylvania,Mathematics,CAGE: Philadelphia Area Combinatorics and Alg. Geometry Seminar,https://www.math.upenn.edu/events/seminars/cage-philadelphia-area-combinatorics-and-alg-geometry-seminar
1ff62d-8feb49-c9,Dartmouth College,Mathematics,Combinatorics Seminar,https://math.dartmouth.edu/~comb/
1ffdf4-89e520-16,University of Texas at Dallas,Mathematics,Nonlinear Analysis and Dynamical Systems Seminar,https://personal.utdallas.edu/~oxm130230/nads/
20166e-41d1c4-b0,Tufts University,Physics,Joint Tufts/MIT Cosmology Seminar,https://cosmos.phy.tufts.edu/joint-seminar/Fall-2023/
202caa-2379f3-c4,Pennsylvania State University,Mathematics,Special Colloquium,https://math-cal.cloud.science.psu.edu/events/seminar/391
2049a8-02b4f2-d4,"University of California, Irvine",Mathematics,Harmonic Analysis Seminar,https://www.math.uci.edu/seminars-calendar/month/2023-08
204f85-979a42-90,University of Kentucky,Mathematics,Applied Math Seminar,https://www.ms.uky.edu/~dmu228/AppliedMathSeminar.html
206226-0f6984-8e,"University of California, Riverside",Physics,Condensed Matter Seminar,https://www.physics.ucr.edu/colloquia-seminars
20687a-dd55d8-e1,University of Chicago,Mathematics,Zhentog Chern-Weil Symposium in Mathematics,https://mathematics.uchicago.edu/events/lecture-series/chern-weil-symposium/
2071f1-c8ee5b-88,University of Oklahoma,Mathematics,Karcher Colloquium,https://math.ou.edu/events/seminars/karcher
20b5f4-babe1c-53,Stony Brook University,Physics,Astronomy and Astrophysics Seminar,https://www.astro.sunysb.edu/astro/seminars_share.html
20cf69-fbca32-ac,Dartmouth College,Physics,Physics and Astronomy Colloquia,https://physics.dartmouth.edu/news-events/physics-and-astronomy-colloquia
20e351-fc70ca-68,Johns Hopkins University,Mathematics,Number Theory Seminar,https://mathematics.jhu.edu/events-calendar/category/seminars/number-theory-seminars/
2103ca-eaca9e-c3,Ohio State University,Physics,"Atomic, Molecular and Optical Seminar",https://physics.osu.edu/amo-seminar
2129db-85fa2d-7a,University of Hawaii at Manoa,Physics,UHM Physics Department Colloquia,https://indico.phys.hawaii.edu/category/6/
213f4f-ffa635-c0,University of Michigan,Mathematics,"Complex Analysis, Dynamics and Geometry",https://lsa.umich.edu/math/seminars/seminars-and-colloquia/complex-analysis-dynamics-geometry.html#date=2024-03-10&view=month
214c5f-278771-f5,University of Michigan,Chemistry,Materials Chemistry Events,https://lsa.umich.edu/chem/news-events/all-events/materials-chemistry-events.html#date=2023-09-08&view=month
21b611-c02b39-a4,Arizona State University,Physics,Theoretical Physics Seminar,https://www.public.asu.edu/~ishovkov/colloquium/index.html
21b81e-93bda8-d7,Tulane University,Computer Science,Colloquia,https://sse.tulane.edu/cs/events/colloquia
221186-a72a53-7f,"University of California, Santa Barbara",Physics,Peale Lecture,https://www.physics.ucsb.edu/events/peale-lecture
222e67-a35c2b-88,University of Tennessee,Physics,Colloquium,http://www.phys.utk.edu/archives/colloquium/colloquium-fall-2023.html
223285-14f038-2a,New York University,Physics,Physics Colloquiua,https://physics.nyu.edu/events.html?EventsPage=colloquia
227222-df75da-75,University of Arizona,Physics,Mathematical Physics and Probability Seminar,https://w3.physics.arizona.edu/events
227db7-e955f2-1d,Vanderbilt University,Mathematics,PDE Seminar,https://my.vanderbilt.edu/pderesearch/pde-seminar-fall-2023/
227f57-d1b682-fa,University of Missouri,Mathematics,Analysis Seminar,https://math.missouri.edu/seminars
229cdd-473b85-6e,Washington State University,Physics,Physics Colloquium,https://physics.wsu.edu/colloquium/
22b1d2-b9da12-d2,Johns Hopkins University,Mechanical Engineering,MechE Seminar Series,https://me.jhu.edu/event/mech-seminar-series-dr-lindsay-case-from-massachusetts-institute-of-technology/
22c22e-62879e-83,University of Illinois Urbana-Champaign,Mechanical Engineering,MechSE Seminars,https://calendars.illinois.edu/list/2791?skinId=47448
22f72a-8ed382-6e,University of South Carolina,Mathematics,Applied and Computational Mathematics Seminars,https://sc.edu/study/colleges_schools/artsandsciences/mathematics/beyond_classroom/colloquia_and_seminars/acm/index.php
230c42-18b349-86,Carnegie Mellon University,Mathematics,Probability/Math Finance Seminar,https://www.cmu.edu/math/news-events/math_finance_seminars.html
235413-77381d-74,University of Colorado Boulder,Physics,Nuclear/Particle Physics Seminars,https://spot.colorado.edu/~kinneye/NuclearParticleSeminar.html
239860-b2b400-44,Tulane University,Chemistry,Chemistry Seminars,https://sse.tulane.edu/chem/seminars-1
23a36e-69b407-1e,Pennsylvania State University,Physics,Physics Colloquia,https://science.psu.edu/events?search=&date%5Bmin%5D=2023-08-04&date%5Bmax%5D=2023-12-22&department=16&type=All
23b4cd-a54bb7-b8,University of Notre Dame,Mathematics,Topology Seminars,https://math.nd.edu/events/calendar/topology-seminars/
242ac9-6e29b2-67,University of Michigan,Mathematics,Logic,https://lsa.umich.edu/math/seminars/seminars-and-colloquia/logic.html#view=month
245cb9-f576b5-42,University of Oklahoma,Mathematics,Early Career Math Colloquium,https://math.ou.edu/events/seminars/early_career
247c10-ca0668-ce,Northwestern University,Mathematics,Dynamical Systems Seminar,https://www.math.northwestern.edu/activities/seminars/?group=DySySe&startDate=2023-09-26T05%3A00%3A00.000Z&endDate=2023-10-10T05%3A00%3A00.000Z&days=undefined
249308-980400-28,University of Chicago,Mathematics,Computations in Science Seminars,https://compinsci.psd.uchicago.edu/
249470-3fa383-98,Pennsylvania State University,Mathematics,Computational and Applied Mathematics Colloquium,https://math-cal.cloud.science.psu.edu/events/seminar/373/2023
24ce84-6a64c2-bd,University of Michigan,Physics,Biophysics,https://lsa.umich.edu/physics/news-events/seminars-colloquia/biophysics-seminars.html#date=2023-12-07&view=month
24e5fe-8957fe-3c,University at Buffalo,Mathematics,Applied Math Seminar,https://www.buffalo.edu/cas/math/news-events/calendar.html#title_1714411604_cop_722274259
24ea37-a9ded1-11,Rice University,Mathematics,Analysis Seminar,https://docs.google.com/document/d/1L022-Z8qaa_8f-X4-SCKm7yLFJJOG2GzeXpjoR5XQu8/edit
24efab-827d6c-e1,Georgia Institute of Technology,Chemistry,Colloquium Seminar,https://chemistry.gatech.edu/hg/past-events?page=2
25339d-784088-07,University of Notre Dame,Mathematics,Logic Seminars,https://math.nd.edu/events/calendar/logic-seminars/
255e18-fa2507-67,Tufts University,Physics,Condensed Matter Seminar,https://as.tufts.edu/physics/news-events/seminars/condensed-matter-seminar
256909-179d98-d1,University of Connecticut,Physics,Condensed Matter Physics Seminar,https://events.uconn.edu/physics-department/month/date/20230901
256e9f-28c591-16,University of New Mexico,Computer Science,Computer Science Colloquium Series,https://www.cs.unm.edu/about/colloquium.html
2570c3-528877-76,Boston University,Physics,HEE Seminar,https://www.bu.edu/physics/events/?date=20230801&topic=8183
259310-60d7ea-1d,University of Texas at Dallas,Mathematics,Colloquium,https://math.utdallas.edu/colloquium/
25c262-8f8251-d0,"Graduate Center, CUNY",Mathematics,Combinatorics Seminar,https://www.nycombinatorics.org/seminar
25ecbf-8944f9-39,Princeton University,Chemistry,Catalysis/Synthesis Seminar,https://chemistry.princeton.edu/department/seminars-events/?event_range=past&event_type=8&event_research_area=222&event_search=
2612b4-ca5ac1-47,University of Utah,Chemistry,Seminars,https://chem.utah.edu/events/index.php
269f60-9743d8-c0,Ohio State University,Mathematics,Quantum Symmetry Seminar,https://www.asc.ohio-state.edu/math/vqss/?_gl=1*1jediyr*_ga*NTI1NzA4NDU1LjE3MTYzMDYzNzI.*_ga_09WC99HMPE*MTcxNjU2NDEwNy40LjEuMTcxNjU2NjYyMC4wLjAuMA..#talks
2719a6-c7fe27-38,University of Wisconsin-Madison,Mathematics,Algebra and Algebraic Geometry,https://wiki.math.wisc.edu/index.php/Algebra_and_Algebraic_Geometry_Seminar_Spring_2024
271ebe-13a861-2a,University of Michigan,Physics,Saturday Morning Physics,https://lsa.umich.edu/physics/news-events/seminars-colloquia/saturday-morning-physics#q=&filter=&tags=&v=&start=08/16/2023&end=12/18/2023&page=1&time=1710085332345
273fa2-5060ca-c8,Rensselaer Polytechnic Institute,Mathematics,Colloquium,https://science.rpi.edu/mathematical-sciences/events/mathematical-sciences-colloquium-0
275a9b-117962-2d,University of Michigan,Chemistry,Inorganic Chemistry Events,https://lsa.umich.edu/chem/news-events/all-events/inorganic-chemistry-events.html#date=2023-08-08&view=month
277204-7c5825-e2,University of Wisconsin-Madison,Physics,Astronomy Colloquium,https://www.physics.wisc.edu/events/?year=2023&semester=Fall
278db4-02d7d5-e4,University of Alabama at Birmingham,Mathematics,Colloquium,https://www.uab.edu/cas/mathematics/events/colloquium
27f1e7-f97c46-86,Cornell University,Mathematics,Discrete Geometry and Combinatorics Seminar,https://pi.math.cornell.edu/m/event-list-p/webgeo
27fbdf-258406-7b,University of Virginia,Mathematics,Algebra Seminar,https://math.virginia.edu/seminars/algebra/
282006-c4871c-c8,Arizona State University,Chemistry,Chemical Engineering Seminars,https://semte.engineering.asu.edu/seminars/
28299d-f555ed-05,University of Michigan,Chemistry,Analytical Chemistry Events,https://lsa.umich.edu/chem/news-events/all-events/analytical-chemistry-events.html#date=2023-12-08&view=month
283111-027304-9a,Columbia University,Mathematics,Symplectic Geometry and Gauge Theory Seminar,https://math.columbia.edu/department/SGGT/Current/
28327b-02544c-61,Ohio State University,Physics,Center for Cosmology and AstropParticle Physics,https://ccapp.osu.edu/events/current-seminars
283950-c8da24-ee,University of Michigan,Physics,HET (High-Energy Transformation) Seminars,https://lsa.umich.edu/physics/news-events/seminars-colloquia/het-seminars.html#view=month
286adc-8b7e57-da,University of Tennessee,Mathematics,CAM Seminar,https://calendar.utk.edu/department/mathematics/calendar/month/2023/11
287587-a536b6-92,Boston University,Computer Science,CISE Seminar Series,https://www.bu.edu/cise/fall-2023-cise-seminars-lectures-workshops/
289207-9b98ab-c3,"University of California, Los Angeles",Physics,BLYSS Seminars,https://bhaumik-institute.physics.ucla.edu/seminars-and-colloquia
28aa3d-1acaa4-b9,Harvard University,Physics,LPPC Seminar,https://groups.google.com/g/lppc-seminar
28db97-87a6e9-21,Arizona State University,Physics,Biological Physics Seminar,https://cbp.asu.edu/content/biological-physics-seminar
2917a9-10c521-36,Stony Brook University,Physics,Astronomy Open Nights,https://www.astro.sunysb.edu/opennight/
296ed4-084f8b-df,University of Rochester,Chemistry,Organic Seminars,https://www.sas.rochester.edu/chm/news-events/events/seminars.html
296f16-abc6c8-be,Syracuse University,Physics,Gravitational Waves Seminar,https://artsandsciences.syracuse.edu/physics/physics-events/gravitational-waves-seminar-series/
2a3bb1-3ffdb0-2a,Dartmouth College,Mathematics,Applied and Computational Mathematics Seminar,https://math.dartmouth.edu/~acms/
2a4362-a16ae7-07,University of Illinois Chicago,Mathematics,Seminars,https://mscs.uic.edu/research-2/seminars/
2a447b-1b6ad2-e8,University of Illinois Chicago,Mechanical Engineering,Seminars,https://mie.uic.edu/seminars/
2a5bc9-cc81b4-5e,University of Kansas,Chemistry,Departmental Seminars,https://chem.ku.edu/about/seminars/departmental
2a8559-6c649c-0b,University of Texas at Arlington,Chemistry,Seminar Series,https://www.uta.edu/academics/schools-colleges/science/departments/chemistry/events
2aca4e-ee5d9c-88,University of Missouri,Mathematics,Algebra Seminar,https://math.missouri.edu/seminars
2b17d0-21e67b-da,"University of California, Santa Barbara",Chemistry,Materials Seminar,https://www.chem.ucsb.edu/news
2b4cc5-6b1915-92,Northwestern University,Mathematics,Algebraic Geometry Seminar,https://www.math.northwestern.edu/activities/seminars/?group=AlGeSe&startDate=2023-11-17T06%3A00%3A00.000Z&endDate=2023-12-01T06%3A00%3A00.000Z&days=undefined
2b64a2-439aff-3c,University of Virginia,Physics,Gravity Seminars,http://www.physics.virginia.edu/Announcements/talk-list.asp?GID=grav_sem_committee&ORDER=desc&OMITNULL=1&MAXTALK=50&SHOWMORE=1
2b6f21-88b562-82,Harvard University,Physics,CUA Seminar Series,https://cua.mit.edu/event-type/cua-seminar-series/
2ba917-158630-c2,"University of California, Los Angeles",Mechanical Engineering,MAE Department Seminar,https://www.mae.ucla.edu/past-events/
2baa2e-bd8e39-bc,University of Michigan,Mathematics,Geometry,https://lsa.umich.edu/math/seminars/seminars-and-colloquia/geometry.html#date=2024-03-10&view=month
2bb577-beec08-36,Tufts University,Physics,Colloquium,https://as.tufts.edu/physics/news-events/events/events-calendar
2bcbfb-c365c7-42,"University of California, Berkeley",Mathematics,Chern Lectures,https://math.berkeley.edu/about/events/lectures/chern
2be995-e1ff50-6a,"University of California, Davis",Physics,Physics Colloquium,https://physics.ucdavis.edu/news-events/colloquia-and-seminars/colloquium
2bf4a9-cf5a5d-cb,University of Illinois Urbana-Champaign,Physics,Anthony J. Leggett Institute for Condensed Matter Physics Seminar,https://physics.illinois.edu/calendar/seminars/1954
2c76c7-e003bf-44,"University of Maryland, College Park",Mathematics,Dynamics Seminar,https://www-math.umd.edu/research/seminars/dynamics-seminar.html
2cbcb0-7f6dad-b0,Kansas State University,Physics,"Condensed, Soft, and Biological Matter Seminars",https://www.phys.ksu.edu/about/events/cms-seminar/
2cd9d5-da6688-08,Brown University,Mechanical Engineering,Fluids Seminar,https://events.brown.edu/engineering/event/269388-fluids-seminar-adrian-herrera-amaya-brown
2cedc1-2c1383-0c,Northeastern University,Mathematics,Analysis - Geometry Seminar,https://web.northeastern.edu/braverman/AGSeminar.html
2cf96e-806178-35,University of Louisiana at Lafayette,Chemistry,Chemistry Seminars,https://chemistry.louisiana.edu/news-events
2d0854-b8adde-6d,University of Virginia,Mathematics,Harmonic Analysis and PDE Seminar,https://math.virginia.edu/seminars/diffeq/
2d143c-e76d21-cd,University of Nebraska-Lincoln,Mathematics,Colloquia,https://math.unl.edu/colloquia
2d244e-252307-08,Texas A&M University,Mathematics,Working Seminar on Banach and Metric Spaces,https://www.math.tamu.edu/seminars/nonlineargeometries/
2d6e0b-a2b1df-c6,Purdue University,Mathematics,Mathematical Physics Seminar,https://www.math.purdue.edu/~ebkaufma/seminar.html
2d7e54-e26c65-c7,Oregon State University,Computer Science,AI Seminar,https://engineering.oregonstate.edu/EECS/research/AI-seminars
2d9288-a8a2e5-1e,University of South Carolina,Physics,Colloquia,https://sc.edu/study/colleges_schools/artsandsciences/physics_and_astronomy/research/seminarsandcolloquia/colloquia/index.php
2d959d-6de411-79,New York University,Chemistry,Seminar,https://as.nyu.edu/departments/chemistry/events/2024/department-seminars/seminar--priya-banerjee--buffalo.html
2d9b5d-a335ae-d1,Pennsylvania State University,Mathematics,Center for Dynamics and Geometry Colloquium,#NAME?
2e218a-f9655a-ac,University of Massachusetts Amherst,Mathematics,Analysis and PDE Seminar,https://www.umass.edu/mathematics-statistics/seminars/analysis-seminar?semester_tid=107
2e25f5-67151f-a2,Ohio State University,Mathematics,Harmonic analysis & several complex variables seminar,https://u.osu.edu/hascv/
2e28be-1b0ca8-4b,University of Delaware,Physics,Vernon Lecture,https://www.physics.udel.edu/events/outreach
2e898f-e2a69f-92,Texas A&M University,Mathematics,Geometry Seminar,https://www.math.tamu.edu/seminars/geometry/
2e8de6-79564d-ce,Ohio State University,Mathematics,Arithmetic Geometry,https://research.math.osu.edu/arithgeoseminar/ArithGeomSeminar.html
2e9e13-38c7a5-46,Arizona State University,Physics,Wednesday Cosmology Seminar,https://cosmology.asu.edu/events/cosmology-seminars/wednesday
2f2c30-9d8b31-24,"University of California, Davis",Physics,Nuclear Seminar,https://physics.ucdavis.edu/news-events/colloquia-and-seminars/nuclear
2f6158-df5fb5-05,Rutgers University-New Brunswick,Physics,Equity and Inclusion Journal Club,https://www.physics.rutgers.edu/rumipa/eijc.html
2f6dff-5a4583-1e,"University of California, Berkeley",Mathematics,Richard M. Karp Distinguished Lecture,https://events.berkeley.edu/math/month/date/20230801
2f8538-e851a0-c8,University of Colorado Boulder,Mathematics,Probability Seminar,https://math.colorado.edu/seminars/
2f8b60-34047a-de,"University of Maryland, College Park",Mechanical Engineering,Mechanical Engineering Seminar Series,https://enme.umd.edu/events/me-seminar-series
2f9bd1-e82290-4a,University of Texas at Arlington,Physics,Colloquium Series,https://www.uta.edu/academics/schools-colleges/science/departments/physics/events
2fc2fc-b03713-a7,Northwestern University,Mathematics,Number Theory,https://www.math.northwestern.edu/activities/seminars/?group=undefined&startDate=2023-11-27T06%3A00%3A00.000Z&endDate=2023-12-11T06%3A00%3A00.000Z&days=undefined
2ff8fc-f22539-04,University of Connecticut,Chemistry,Chemistry Colloquia,https://chemistry.uconn.edu/events/
300242-4f18c1-a7,"Graduate Center, CUNY",Mathematics,Probability Seminar,https://probability.commons.gc.cuny.edu/
30045e-ad83e3-76,University of Notre Dame,Mathematics,Geometric Analysis Seminars,https://math.nd.edu/events/calendar/geometric-analysis-seminars/
300f07-e11dda-fe,Harvard University,Computer Science,CRCS Seminar (Center for Research on Computation and Society),https://crcs.seas.harvard.edu/calendar/upcoming/events/crcs-lunch-seminar
3014fa-d5e3d6-45,University of Delaware,Mathematics,Mathematics Education Seminar,https://www.mathsci.udel.edu/events/seminars-and-colloquia/mathematics-education-seminar
301c28-e5dfd7-11,"Graduate Center, CUNY",Mathematics,Commutative Algebra and Algebraic Geometry Seminar,https://openlab.citytech.cuny.edu/caag/
302546-b2b41e-62,University of Notre Dame,Physics,Physics Colloquium,https://physics.nd.edu/news-events/events/calendar/colloquia/
304530-00d6c1-3d,New York University,Physics,CCPP Seminar,https://physics.nyu.edu/events.html?EventsPage=ccpp
30add6-d82e2f-ec,Stony Brook University,Physics,"Atomic, Molecular and Optical Physics Seminar",http://ultracold.physics.sunysb.edu/AMO/seminars/
30bb95-6d1ac1-7d,Virginia Tech,Mathematics,Algebra Seminar,https://math.vt.edu/calendar.html
30d2d1-88dbb4-83,"University of California, Los Angeles",Physics,Nuclear Seminars,https://nuclear.physics.ucla.edu/content/seminars
310d5f-1d84f2-ed,University of Oklahoma,Physics,Physics and Astronomy Colloquium,https://ou.edu/cas/physics-astronomy/news-events/colloquium
316283-f3973b-fe,University of Wisconsin-Milwaukee,Computer Science,Research Seminar,https://uwm.edu/engineering/event/research-seminar-modeling-smart-vehicles-in-a-smart-world/
31677e-a65b39-a2,Virginia Tech,Mathematics,MathBio Seminar,https://math.vt.edu/calendar.html
3172eb-4eb59c-6d,Massachusetts Institute of Technology,Mathematics,Number Theory Seminar,https://math.mit.edu/nt/
31af6b-9eda67-bd,Washington State University,Mechanical Engineering,Seminar Series,https://mme.wsu.edu/seminar-series/
31cb93-c5a3b5-0d,Texas A&M University,Mathematics,Topology Seminar,https://www.math.tamu.edu/seminars/topology/
31d1bf-c8cda1-72,"University of Maryland, College Park",Physics,Plasma Physics,https://umdphysics.umd.edu/events/calendar.html#year=2023&month=8&day=1&view=month
31daa5-e2bf52-58,University of Arizona,Chemistry,CBC Department Special Seminar,https://cbc.arizona.edu/events
31f5df-7d1f95-e8,University of Massachusetts Amherst,Mathematics,Valley Geometry Seminar,https://www.umass.edu/mathematics-statistics/seminars/valley-geometry-seminar?semester_tid=107
31fb32-d7d59c-ce,Auburn University,Mechanical Engineering,Jack and Ann Waddey Invited Seminar Series,https://eng.auburn.edu/aero/research/seminars/#gsc.tab=0
322353-7d6bc3-74,Harvard University,Mechanical Engineering,Applied Physics and Applied Mechanics Colloquiua,https://events.seas.harvard.edu/event/diverse_and_unique_motions_from_liquid_crystal_elastomer_microparticles_ribbons_looped_fibers_and_knots
325fbe-cc2767-3f,Vanderbilt University,Mechanical Engineering,VISE Seminar Series,https://www.vanderbilt.edu/vise/seminar-series-4/previous-seminars/
32cc6a-0513fa-6d,Massachusetts Institute of Technology,Mathematics,Infinite-Dimensional Algebra Seminar,https://math.mit.edu/infdim/
32cf26-167464-a0,Wayne State University,Physics,Condensed Matter & Biophysics Seminars,https://clas.wayne.edu/physics/seminars/pan
32d74d-11aee9-20,Mississippi State University,Chemistry,Department Seminars,https://www.chemistry.msstate.edu/seminars
32dc5a-cfc26b-82,University of South Carolina,Mathematics,"Algebraic Geometry, Commutative Algebra and Number Theory Seminar",https://sc.edu/study/colleges_schools/artsandsciences/mathematics/beyond_classroom/colloquia_and_seminars/agcant/index.php
32eef3-56f794-51,University of Iowa,Chemistry,Colloquium,https://events.uiowa.edu/?d=20231220&f=80
331817-d30ba9-50,"University of California, Irvine",Mathematics,Colloquium,https://www.math.uci.edu/seminars-calendar/month/2023-08
333e3d-08f9ee-03,Ohio State University,Chemistry,Analytical/Physical Seminars,https://www.chemistry.ohio-state.edu/events?field_evt_date_range_end_value_1=08%2F01%2F2023&field_evt_date_range_value=12%2F29%2F2023&field_evt_taxonomy2_target_id=55
3351f6-ea5f02-59,Carnegie Mellon University,Mathematics,Math Colloquium,https://www.cmu.edu/math/news-events/math_colloquia.html
3372e0-993a9f-54,California Institute of Technology,Mathematics,Number Theory Seminars,https://sites.google.com/view/caltechntseminar
338895-06c1c2-6e,Pennsylvania State University,Mathematics,Logic Seminar,https://math-cal.cloud.science.psu.edu/events/seminar/383/2023
338bb0-beb76d-55,University of Michigan,Chemistry,Chemical Biology Events,https://lsa.umich.edu/chem/news-events/all-events/chemical-biology-events.html#view=week
33e8d2-9520a6-58,Indiana University Bloomington,Mathematics,Algebra Seminar,https://math.indiana.edu/seminars/index.html
33f1bf-d6aad8-24,University of Colorado Boulder,Mathematics,Functional Analysis Seminar,https://math.colorado.edu/seminars/
33fc23-5ce873-c6,Rensselaer Polytechnic Institute,Chemistry,Department of Chemistry Seminar Series,https://science.rpi.edu/chemistry/events/department-chemistry-fall-2020-seminar-series
34256f-a76b94-21,Columbia University,Physics,Theory Seminars,https://www.physics.columbia.edu/content/theory-seminars
342c05-4fdeb2-42,"University of California, Irvine",Mathematics,Algebraic Geometry Seminar,https://www.math.uci.edu/seminars-calendar/month/2023-08
344d47-ddc31a-c1,"University of California, Los Angeles",Physics,Physics & Astronomy Colloquium,https://www.pa.ucla.edu/colloquium-archive/physics-and-astronomy-colloquium-2023-2024.php
3470dc-a2d8f8-6c,University of New Mexico,Mathematics,Colloquium,https://math.unm.edu/news-events/events/calendar/month/2023-10
34dd9d-8e97cf-3d,University of Arkansas,Physics,Robert D. Maurer Distinguished Lecture Series,https://physics.uark.edu/about-the-department/news-and-events/maurer-lecture-series/index.php
34f319-f60689-24,University of Montana,Chemistry,Seminar Series,
34f9d5-1cb21a-dc,North Dakota State University,Mathematics,Algebra & Discrete Mathematics Seminar,https://www.ndsu.edu/math/research/seminars_and_colloquium/algebra_discrete_mathematics_seminar/
350cbd-691de9-a7,"University of California, Santa Barbara",Chemistry,Physical Chemistry Seminar,https://www.chem.ucsb.edu/news
3562af-e9bbdc-20,University of Arizona,Mathematics,Mathematics Colloquium,https://www.math.arizona.edu/events/archive/5
35692c-476f38-99,University of Illinois Urbana-Champaign,Chemistry,Analytical Chemistry Seminars,https://calendars.illinois.edu/list/522?skinId=46169
3596ae-145d30-74,University of Miami,Chemistry,Seminars,https://chemistry.as.miami.edu/about-the-department/seminars/index.html
35dd3e-ffece6-a3,Stanford University,Chemistry,Chemical Biology Seminar,https://chemistry.stanford.edu/events/chemical-biology-seminar
35df9c-dcc9b8-c4,"University of California, Davis",Mathematics,Probability Seminar,https://www.math.ucdavis.edu/research/seminars?type=9&when=past
363e0a-2f1b83-4f,Iowa State University,Chemistry,Physical and Theoretical Chemistry Seminar,https://www.chem.iastate.edu/event/2023/ellinor-haglund-folding-and-function-proteins-complex-topologies
3644e9-b99ec8-c3,Yale University,Mathematics,Informal Number Theory Seminar,https://math.yale.edu/calendar/grid/month/2023-10?term_node_tid_depth_join=156
368b9b-4d1a71-f2,Massachusetts Institute of Technology,Physics,Lunchtime Seminars,https://web.mit.edu/lns/news/lunchtime.html
36a4dc-0708fc-8f,George Washington University,Mathematics,Applied Math Seminar,https://math.columbian.gwu.edu/all-seminars-colloquia?combine=&field_gw_event_type_target_id=7906&views_month_filter_event_date=&field_gw_event_when_value_year=
36c29a-656e79-c3,Louisiana State University,Mathematics,Geometry and Topology Seminar,https://www.math.lsu.edu/calendar?selecttime=past_year&selectevent=Geometry+and+Topology+Seminar
36cd78-71dc6d-af,University of Colorado Denver,Mathematics,Colloquium,https://www.brownbearsw.com/hosted/UCDenver?CalendarName=Math&Op=ShowIt&Amount=Month&NavType=Absolute&Type=Block&Date=2023%2F9%2F1
36eec5-bdf308-79,Virginia Tech,Mechanical Engineering,Distinguished Speaker Series,https://me.vt.edu/news/speakerseries.html
36f770-e8b3fd-bb,Iowa State University,Computer Science,CS Colloquium,https://www.cs.iastate.edu/events/seminars
3700fe-f4cd9d-a2,University of South Florida,Mathematics,Department Colloquiua,https://secure.cas.usf.edu/depts/mth/research/colloquia/
370ffe-0c9f95-45,Virginia Tech,Chemistry,Seminar Schedule,https://chem.vt.edu/about-us/events.html
372723-9be494-8a,"University of California, Riverside",Physics,Astronomy Seminar,https://www.physics.ucr.edu/colloquia-seminars
374d2a-b3662d-de,Emory University,Mathematics,Numerical Analysis and Scientific Computing Seminar,https://www.math.emory.edu/events/seminars/seminar.php?SEMID=1571
374dd7-1d0a88-f1,"University of California, Berkeley",Mathematics,Guest Lecture Series,https://events.berkeley.edu/math/month/date/20230801
377535-0cdc03-c8,Johns Hopkins University,Physics,JHU/STScI CAS Wine & Cheese Seminars,https://caswiki.johnshopkins.edu/index.php/CAS_Wine_and_Cheese_Seminars
37799a-16ba7d-59,George Mason University,Mathematics,"Combinatorics, Algebra, and Geometry Seminar (CAGS)",https://science.gmu.edu/academics/departments-units/mathematical-sciences/combinatorics-algebra-and-geometry-seminar-cags
37c980-595548-34,University of South Florida,Mathematics,Geometry/Topology,https://secure.cas.usf.edu/depts/mth/research/seminars/geometry-topology/fall23/
37dc5e-c3be8f-2f,Florida State University,Physics,Higher Energy Physics Seminar,https://physics.fsu.edu/news-events/high-energy-physics-seminar
3846db-b3df00-61,University of Central Florida,Mathematics,Mathematical Biology Seminar,https://sciences.ucf.edu/math/mathbio/mathematical-biology-seminar/
385dcb-1da035-1c,Stanford University,Mathematics,Analysis & PDE Seminar,https://mathematics.stanford.edu/events/analysis-pde
38601b-7a378a-98,"University at Albany, SUNY",Mathematics,Colloquium,https://albanymath.github.io/coll/index-23-9.html
387938-fbda47-26,University of Chicago,Mathematics,Algebraic Topology Seminar,http://math.uchicago.edu/~algtop/
3898e8-88b793-0c,University of Rochester,Physics,Quantum Optics Seminar,
38c0a3-a91cf7-08,Northwestern University,Computer Science,CS Colloquium Series,https://www.mccormick.northwestern.edu/computer-science/news-events/seminars-workshops-talks/cs-colloquium-series.html
38d065-1f37d7-bc,"University of California, Santa Cruz",Physics,Santa Cruz Institute for Particle Physics Seminar,https://www.physics.ucsc.edu/news-events/department-calendar/index.html
38e02e-14c170-16,Georgia Institute of Technology,Chemistry,Divisional Seminar,https://chemistry.gatech.edu/hg/past-events?page=2
390d1f-19dc2b-96,University of Louisiana at Lafayette,Mathematics,Applied Mathematics Seminar,https://math.louisiana.edu/node/96
390fc3-1803cf-5a,Stanford University,Mathematics,Probability Seminar,https://mathematics.stanford.edu/events/probability
391871-9e99d4-be,Purdue University,Physics,Physics Education Research Seminar,https://www.physics.purdue.edu/events/physics-education/archive.html
39321f-ede49a-c5,Colorado State University,Mathematics,Rocky Mountain Algebraic Combinatorics Seminar,https://www.math.colostate.edu/~hulpke/combinatorics/
395f3e-8895d8-35,University of Massachusetts Amherst,Mathematics,Mathematical & Computational Biology Seminar Series,https://www.umass.edu/mathematics-statistics/seminars/mathematical-computational-biology-seminar
3989f4-ab5b0f-1e,University of Massachusetts Amherst,Chemistry,Chemistry Seminars,https://www.umass.edu/chemistry/seminar-archive#2023
398a4e-1d36c2-ad,University of Tennessee,Mathematics,PDE Seminar,https://calendar.utk.edu/department/mathematics/calendar/month/2023/11
39a1ab-432548-8f,West Virginia University,Mechanical Engineering,Materials and Science Engineering Seminar,https://cal.wvu.edu/event/materials-science-engineering-seminar
39aa8f-a98676-c3,Tufts University,Mathematics,Computational & Applied Math Seminar,https://sites.tufts.edu/appliedmathseminar/fall-2023/
39ac30-8bfa14-e5,Iowa State University,Physics,Colloquium,https://www.physastro.iastate.edu/events/colloquium
39c822-9d751a-8a,University of Michigan,Computer Science,Diversity in Computing Seminars,https://cse.engin.umich.edu/events/all-seminars/women-in-computing/
3a7e6a-f4da6f-cf,"University of California, Riverside",Computer Science,Colloquium,https://www1.cs.ucr.edu/events
3a99f9-c530ab-fc,Rutgers University-New Brunswick,Mathematics,Experimental Mathematics Seminar,https://sites.math.rutgers.edu/~zeilberg/expmath/
3aa523-94ac66-f1,"University of California, San Diego",Mechanical Engineering,Dynamic Systems & Controls,https://mae.ucsd.edu/seminars/archives?field_seminar_series_target_id=4
3aaf16-691128-bf,George Mason University,Mechanical Engineering,Seminars,https://mechanical.gmu.edu/research/seminars
3ac0e9-670256-df,Yale University,Mathematics,Friday Morning Seminar,https://math.yale.edu/calendar/grid/month/2023-12?term_node_tid_depth_join=476
3adcc6-7966ad-91,Boston University,Mathematics,Statistics and Probability Seminar,https://www.bu.edu/stat/statistics-and-probability-seminar-series/
3ae77b-26dfcb-cb,"University of California, Davis",Mathematics,Mathematics of Data & Decisions Seminar,https://www.math.ucdavis.edu/research/seminars?type=29&when=past
3af205-6a1314-11,Rensselaer Polytechnic Institute,Mechanical Engineering,Seminar Series,https://mse.rpi.edu/seminars?page=1
3afcd3-ba2836-d5,Columbia University,Mathematics,Enumerative Invariants and Birational Transformations,https://math.columbia.edu/~plei/s24-birat.html
3b0378-b67cce-7e,"University of Maryland, College Park",Mathematics,Numerical Analysis Seminar,https://www-math.umd.edu/research/seminars/numerical-analysis-seminar.html
3b087b-117d60-25,"University of California, Davis",Mathematics,Featured Campus Seminars,https://www.math.ucdavis.edu/research/seminars?type=15&when=past
3b7b7f-22a6ef-88,Brandeis University,Computer Science,Computational Linguistics and Linguistics Speaker Series,https://www.brandeis.edu/science/science-events/planning-calendar.html
3b87be-092d56-37,University of Virginia,Mathematics,Galois-Grothendieck Seminar,https://math.virginia.edu/seminars/galois/
3be33f-c29741-4b,Stanford University,Mathematics,Topology Seminar,https://mathematics.stanford.edu/events/topology
3bfaae-2e65a5-93,Brown University,Mathematics,LCDS Seminar,https://appliedmath.brown.edu/lcds-seminars
3bfd79-3162ff-7d,Pennsylvania State University,Mathematics,Dynamical Systems Working Seminar,https://math-cal.cloud.science.psu.edu/events/seminar/400/2023
3c1ad8-2e7c58-9b,University of Denver,Chemistry,Seminars,https://science.du.edu/chemistry/event-calendar?search=&start_date=2023-10-01&end_date=2023-11-01#events-listing-date-filter-anchor
3c2a38-0ca61e-4a,Harvard University,Chemistry,Harvard/MIT Inorganic Chemistry Seminar,https://chemistry.harvard.edu/calendar/upcoming/seminars/inorganic-chemistry-seminar
3c2ff3-5bb333-57,"University of California, Irvine",Computer Science,Institute for Future Health Events,https://futurehealth.uci.edu/events/
3c3776-1602c0-6b,University of Memphis,Chemistry,Departmental Seminar Schedule,https://www.memphis.edu/chem/about/seminars.php
3c48d8-464bed-81,University of Alabama,Computer Science,Colloquium Series,https://cs.ua.edu/research/
3c491a-3bbe4b-59,Brandeis University,Mathematics,New England Dynamics and Number Theory Seminar,https://nednt.wescreates.wesleyan.edu/
3c95d3-9d8946-11,University of Chicago,Computer Science,Seminar,https://cs.uchicago.edu/news-events/events/calendar/
3cbf2f-6c91c9-cc,University of Massachusetts Amherst,Mathematics,Learning Learning Seminar,https://www.umass.edu/mathematics-statistics/seminars/learning-learning-seminar
3ce6fe-4618b2-83,"University of California, Davis",Mathematics,Mathematical Biology Seminar,https://www.math.ucdavis.edu/research/seminars?type=14&when=past
3ce8ef-86e561-d2,"Graduate Center, CUNY",Mathematics,Number Theory Seminar,https://sites.math.rutgers.edu/~bumby/nyntsem/
3cf243-75042c-eb,University of New Mexico,Physics,Center for Astrophysics Research and Technologies Seminar Series,https://physics.unm.edu/pandaweb/events/index.php?display=series&series_id=4
3cf822-41a3b2-b9,Tulane University,Physics,Physics and Engineering Physics Seminars,https://sse.tulane.edu/pep/seminars
3d1545-c806eb-5f,Purdue University,Physics,Physics Colloquium,https://www.physics.purdue.edu/events/colloq/archive.html
3d4360-0d1bf4-60,Columbia University,Physics,Zeminars in Programmable Quantum Materials (ProQM),https://www.physics.columbia.edu/content/zeminars-programmable-quantum-materials
3d499c-542c76-3a,University of Hawaii at Manoa,Mechanical Engineering,Leadership Seminar Series,https://www.eng.hawaii.edu/allevents/previous-events/
3dbf03-0d5e67-55,Wayne State University,Physics,Particle/Astro/Nuclear Seminars,https://events.wayne.edu/2023/12/01/pan-seminar-gregoire-pihan-wayne-state-97448/
3e4593-3652c8-17,Stanford University,Mathematics,Algebraic Geometry Seminar,https://mathematics.stanford.edu/events/algebraic-geometry
3e6050-369647-1c,Cornell University,Mathematics,Probability Seminar,https://pi.math.cornell.edu/m/event-list-p/probsem
3e73f0-f83dc5-01,University of Pennsylvania,Computer Science,Penn Institute for Computational Science Colloquium Series,
3e86dd-fe25ad-c7,University of Utah,Mathematics,Commutative Algebra,https://www.math.utah.edu/caseminar/Fall2023.html
3e9d38-c2423f-ed,Princeton University,Mathematics,Differential Geometry & Geometric Analysis Seminar,https://www.math.princeton.edu/events/seminars/differential-geometry-geometric-analysis-seminar/archive/254
3ea741-6f1bfe-35,Princeton University,Chemistry,Inorganic Chemistry,https://chemistry.princeton.edu/department/seminars-events/?event_range=past&event_type=8&event_research_area=224&event_search=
3eb2d1-f43d48-3d,"University of California, Irvine",Physics,Plasma and Optics Seminar,https://www.physics.uci.edu/seminars?field_date_value%5Bvalue%5D%5Byear%5D=2023&field_date_value%5Bvalue%5D%5Bmonth%5D=8&field_date_value%5Bvalue%5D%5Bday%5D=1
3ed1e4-abc2aa-bd,University of Georgia,Mathematics,Algebra,https://calendar.google.com/calendar/u/0/embed?src=ss4ps8h03v62f1vhuf40c2j87o@group.calendar.google.com&ctz=America/New_York
3edce7-18d358-3a,Massachusetts Institute of Technology,Mathematics,Integrable Probability Working Group,https://math.mit.edu/intprob/
3efd7d-7da279-ff,Arizona State University,Mathematics,Colloquium,https://math.asu.edu/asu-events-category/commencement
3f042b-edb130-a3,University of Arizona,Mathematics,Quantitative Biology Colloquium,https://www.math.arizona.edu/events/archive/5
3f4eff-e104a0-47,Rutgers University-New Brunswick,Physics,Institute for Quantitative Biomedicine,https://iqb.rutgers.edu/seminars
3f54f1-10440b-4c,University of Tennessee,Mathematics,Analysis Seminar,https://calendar.utk.edu/department/mathematics/calendar/month/2023/11
3f5f0b-21cb22-53,"University of Maryland, Baltimore County",Physics,Topical Seminar,https://physics.umbc.edu/colloquium-schedule/colloquium-archive/topical-seminars-fall-2023/
3f68f9-1cf0e6-72,Boston University,Computer Science,Computer Science Research Seminar Series,https://www.bu.edu/csmet/research/computer-science-research-seminar/
3f8c76-8da1b9-43,Ohio State University,Physics,Nuclear Physics,https://physics.osu.edu/nuclear-physics-seminar
3f95a2-5b5d96-37,West Virginia University,Physics,Colloquium,https://physics.wvu.edu/news-and-events/colloquium
3fae5c-726137-ca,"University of California, Irvine",Mathematics,Algebra Seminar,https://www.math.uci.edu/seminars-calendar/month/2023-08
3fb6dd-7502fe-84,George Washington University,Mathematics,Logic Seminar,https://math.columbian.gwu.edu/all-seminars-colloquia?combine=&field_gw_event_type_target_id=7936&views_month_filter_event_date=&field_gw_event_when_value_year=
3fca95-1d876b-82,New York University,Physics,Soft Condensed Matter Seminars,https://physics.nyu.edu/events.html?EventsPage=csmr
400d91-a09426-a3,University of Illinois Chicago,Physics,Condensed Matter Seminar,https://phys.uic.edu/our-events/?event_month=08&event_day=1&event_year=2023
403b90-31856d-4c,University of Oregon,Physics,Physics Colloquium,https://naturalsciences.uoregon.edu/physics/research/physics-colloquium
4076c4-c4c032-ab,University of Colorado Boulder,Mathematics,Topology Seminar,https://math.colorado.edu/seminars/
4078ea-b63d6e-72,University of Delaware,Mathematics,Applied Mathematics and Mathematical Medicine and Biology Seminar,https://www.mathsci.udel.edu/events/seminars-and-colloquia/applied-mathematics#7e3d05d2-151d-47d9-a8ce-adfeda13d3c6=%7B%22k%22%3A%22%22%2C%22l%22%3A1033%7D#9522cdaa-4bf1-4c39-9967-6ffa671ac14a=%7B%22k%22%3A%22%22%2C%22l%22%3A1033%7D
408523-7e4bbb-19,University of Florida,Mathematics,Biomathematics Seminar,https://biomath.math.ufl.edu/events/month/2023-08/
40962c-1e0e29-55,University of Utah,Physics,Colloquia,https://web.physics.utah.edu/~heap/
40a1fc-f5e8f0-7f,University of Massachusetts Amherst,Mathematics,Reading Seminar in Algebraic Geometry,https://www.umass.edu/mathematics-statistics/seminars/reading-seminar-in-algebraic-geometry?semester_tid=107
40bbe4-0c2a19-65,University of Illinois Urbana-Champaign,Physics,Nuclear Physics Seminar,https://physics.illinois.edu/calendar/seminars/7296
410865-4537f2-98,"University of California, Los Angeles",Mathematics,Financial and Actuarial Mathematics Seminar,https://secure.math.ucla.edu/seminars/show_quarter.php?t=1704182400&type=Financial%20and%20Actuarial%20Mathematics&id=&tba=
412528-cf2623-bb,University of Washington,Mathematics,Topology Seminar,https://math.washington.edu/events/series/topology-seminar
4125eb-6be93c-c8,Pennsylvania State University,Mathematics,"GAP (Geometry, Algebra, Physics) Seminar",https://math-cal.cloud.science.psu.edu/events/seminar/408/2023
413707-148a78-3d,Princeton University,Mathematics,Analysis of Fluids and Related Topics,https://www.math.princeton.edu/events/seminars/analysis-fluids-and-related-topics/archive/254
417388-0167eb-74,University of Illinois Chicago,Computer Science,Lectures and Seminars,https://cs.uic.edu/cs-research/lectures-seminars/
418248-124a3d-bf,Texas A&M University,Mathematics,Noncommutative Geometry Seminar,https://www.math.tamu.edu/seminars/noncomgeom/
418ae9-326f45-0a,University of Minnesota,Physics,Space Physics Seminar,https://cse.umn.edu/physics/space-physics-seminar
41aacf-10e061-23,University of Chicago,Mathematics,Pedagogy Seminar,https://math.uchicago.edu/~pedagogyseminar
41b8f7-851268-25,University of Houston,Mathematics,Colloquium,https://www.math.uh.edu/colloquium/fall23.php
41c7d7-cf0269-40,Purdue University,Chemistry,Analytical Seminar,https://www.chem.purdue.edu/about_us/calendar.html
41d2aa-a93c61-24,Johns Hopkins University,Physics,Theoretical Particle Physics Seminars,https://physics-astronomy.jhu.edu/series/particle-physics-theory-seminar-series/
4227be-399cee-da,Carnegie Mellon University,Mechanical Engineering,MechE Seminar Series,https://www.meche.engineering.cmu.edu/events/2024/02/09_seminar.html
424149-4b9de3-72,Pennsylvania State University,Mathematics,Combinatorics/Partitions Seminar,https://math-cal.cloud.science.psu.edu/events/seminar/388/2023
428a53-522aba-f1,University of Arizona,Mathematics,"Analysis, Dynamics, and Applications Seminar",https://www.math.arizona.edu/events/archive/5
42afab-734f95-a4,Massachusetts Institute of Technology,Computer Science,Cryptography and Information Security (CIS) Seminars,https://toc.csail.mit.edu/node/428
42e4d6-7bb66a-06,"University of California, Irvine",Physics,Particle/Astro-Machine Learning Seminar,https://www.physics.uci.edu/seminars?field_date_value%5Bvalue%5D%5Byear%5D=2023&field_date_value%5Bvalue%5D%5Bmonth%5D=8&field_date_value%5Bvalue%5D%5Bday%5D=1
43212b-07918a-5c,Washington University in St. Louis,Physics,Condensed Matter/Materials & Biological Physics Seminar,https://physics.wustl.edu/past-events/2025
436a96-84b0be-17,University of Massachusetts Amherst,Mathematics,Statistics and Data Science Seminar Series,https://www.umass.edu/mathematics-statistics/seminars/statistics-and-data-science-seminar?semester_tid=107
43aa94-d5b5eb-64,"University of California, Los Angeles",Mathematics,Analysis and PDE Seminar,https://secure.math.ucla.edu/seminars/show_quarter.php?t=1704182400&type=Analysis%20and%20PDE&id=&tba=
43ecc9-390f1d-82,Duke University,Chemistry,Chemistry Seminar,https://chem.duke.edu/events
441623-5d8055-e4,University of Chicago,Mathematics,Zygmund-Calderon Lectures in Analysis,https://mathematics.uchicago.edu/events/lecture-series/zygmund-calderon-lectures-in-analysis/
444fb5-6376b0-81,Texas A&M University,Mathematics,Mathematical Physics and Harmonic Analysis Seminar,https://www.math.tamu.edu/seminars/harmonic/
4474db-7e569d-6f,University of Massachusetts Amherst,Mathematics,Applied Mathematics & Computation Seminar,https://www.umass.edu/mathematics-statistics/seminars/applied-analysis-and-computation-seminar?semester_tid=107
4487a3-b142a0-1d,New York University,Computer Science,Computational Mathematics and Scientific Computing Seminar,https://cims.nyu.edu/dynamic/calendars/seminars/computational-mathematics-and-scientific-computing-seminar/
44c646-03227c-ba,University of Iowa,Chemistry,Seminars,https://events.uiowa.edu/?d=20231220&f=80
44d080-791236-21,"University of California, San Diego",Physics,Physics Colloquia,https://physics.ucsd.edu/events/seminars-colloquia
44f177-4ba2f2-6d,Indiana University Bloomington,Chemistry,Chemical Biology,https://www.chem.indiana.edu/internal-tools/seminar-information/
44f1a4-78a4fd-ae,University of South Carolina,Chemistry,Departmental Seminars,https://sc.edu/study/colleges_schools/chemistry_and_biochemistry/about/seminars/
45263a-cedaab-8b,University of Rochester,Mechanical Engineering,Mechanical Engineering Seminar Series,https://www.hajim.rochester.edu/me/news-events/events/index.html
452b39-566707-5f,Georgia Institute of Technology,Physics,School of Physics Colloquium,https://www.physics.gatech.edu/colloquium
455b59-d51dbd-b9,University of Wisconsin-Madison,Mathematics,Combinatorics,https://hilbert.math.wisc.edu/~terwilli/combsemsched.html
455cae-e9c5be-62,Florida International University,Physics,Physics Seminars,https://case.fiu.edu/physics/seminars/
456012-7e7bd1-a9,University of Denver,Physics,Colloquia and Seminars,https://science.du.edu/physics/colloquia-and-seminars
459287-773161-66,University of Wisconsin-Madison,Mathematics,PDE Reading Seminar,https://math.wisc.edu/seminars/
45b27a-7f298a-be,Oklahoma State University-Stillwater,Mathematics,Computational and Applied Math Seminar,https://www.mathdept.okstate.edu/announce/
45d5f8-56a52b-35,"University of California, Los Angeles",Computer Science,CS 201 Seminar,https://www.cal.cs.ucla.edu/cgi-bin/webevent.cgi
45ee20-ac2778-47,Georgia Institute of Technology,Chemistry,Organic Chemistry Seminar,https://chemistry.gatech.edu/hg/past-events?page=2
460b58-6484b2-3e,"University of California, Los Angeles",Physics,Astrophysics Colloquium,https://astro.ucla.edu/astrophysics-colloquium-archived-talks.html
46101a-86f51e-d0,Brown University,Mathematics,Colloquium,https://www.brown.edu/academics/math/colloquium
463dad-0ddef9-e9,University of Miami,Mathematics,Seminars,https://mathematics.miami.edu/events/seminars/index.html
466ed1-d19bec-aa,University of Texas at San Antonio,Physics,Physics & Astronomy Seminars,https://sciences.utsa.edu/physics-astronomy/seminars.html
468cc8-636c59-23,"University of California, Riverside",Mechanical Engineering,ME Seminars,https://www.me.ucr.edu/seminars
469d72-769329-27,"University of California, Los Angeles",Physics,SCSS Seminars,https://bhaumik-institute.physics.ucla.edu/seminars-and-colloquia
469ea7-091936-14,George Mason University,Mathematics,Quantum Computing Seminar,https://science.gmu.edu/academics/departments-units/mathematical-sciences/quantum-computing-seminar
46a4cc-5a3edf-60,Florida State University,Mathematics,Mathematics Colloquium,https://www.math.fsu.edu/colloquium/
46b4a8-1ac3fa-e2,University of Georgia,Mathematics,SMARTS,https://calendar.google.com/calendar/u/0/embed?src=m8mkolro9bjhs8e300v7nmnt84@group.calendar.google.com&ctz=America/New_York
46b9e2-a21be8-e7,Carnegie Mellon University,Computer Science,ML DB Seminar,https://db.cs.cmu.edu/seminar2023/
4707f9-15f8aa-8f,University of Massachusetts Amherst,Computer Science,Theory Seminar,https://groups.cs.umass.edu/theory/theory-seminar/
472d83-1c2503-1c,Stanford University,Mathematics,Symplectic Geometry Seminar,https://mathematics.stanford.edu/events/symplectic-geometry
477b42-deebe4-f3,University of Washington,Mathematics,Differential Geometry/PDE Seminar,https://math.washington.edu/events/series/differential-geometrypde-seminar
478223-2c80a4-55,Wayne State University,Chemistry,Analytical-Physical Seminar,https://events.wayne.edu/chemistry-analytical/2023/08/
47a370-167ac7-35,"University of California, Berkeley",Physics,Nano Seminar Series,https://events.berkeley.edu/physics/month/date/20230801
481b4e-bb9f38-32,"University of California, Berkeley",Mathematics,Logic Colloquium,https://events.berkeley.edu/math/month/date/20230801
4853c6-e8941c-0a,Brown University,Mathematics,Algebra and Algebraic Geometry Seminars,https://www.math.brown.edu/dabramov/SEMINAR/
48613d-04b12b-dc,Princeton University,Mathematics,IAS/Princeton Arithmetic Geometry Seminar,https://www.math.princeton.edu/events/seminars/iasprinceton-arithmetic-geometry-seminar/archive/254
486360-65bd85-02,Purdue University,Computer Science,Graphics Seminar,http://wiki.cs.purdue.edu/cgvlab/doku.php?id=talks:fall2023
486ae8-5c50be-9b,University of Texas at Dallas,Mechanical Engineering,The Jonsson School Distinguished Speaker Series,https://calendar.utdallas.edu/event/the_jonsson_school_distinguished_speaker_series_empowering_the_next_generation?utm_campaign=widget&utm_medium=widget&utm_source=Comet+Calendar
487947-00316d-d1,University of Chicago,Mathematics,Random Geometry and Statistical Physics Seminar,https://sites.google.com/view/rgsp-seminar/home
489228-992bf4-7a,"University of Maryland, College Park",Mathematics,Applied Dynamics Seminar,https://www-math.umd.edu/research/seminars/applied-dynamics-seminar.html
48de1f-38d33a-5f,Stanford University,Chemistry,Inorganic Chemistry Seminar,https://chemistry.stanford.edu/events/inorganic-chemistry-seminar
490950-470362-c6,University of Connecticut,Mechanical Engineering,Seminar,https://me.engr.uconn.edu/blog/category/events-and-seminars/past-seminars/
492742-80af2f-ec,University of Texas at El Paso,Mathematics,Colloquium Series,https://www.utep.edu/science/math/research/colloquium.html
493e5d-41dfc0-da,Case Western Reserve University,Mathematics,Analysis and Probability,https://mathstats.case.edu/seminars/#1557235071742-b6673dcd-4ea7
494171-68c9dc-85,Texas A&M University,Mathematics,Seminar on Banach and Metric Space Geometry,https://www.math.tamu.edu/seminars/banach_spaces/
499b04-4182d3-42,Arizona State University,Physics,Colloquia,https://physics.asu.edu/colloquia
4a2e75-4f973e-4c,Johns Hopkins University,Mechanical Engineering,MechE/LCSR/IAA Seminar,https://me.jhu.edu/event/meche-lcsr-iaa-seminar-ben-riviere-from-california-institute-of-technology/
4a4862-279a18-72,Columbia University,Computer Science,NLP Seminar,https://www.cs.columbia.edu/nlp/nlp_seminar.html
4a9620-d2ce55-f1,Montana State University,Computer Science,Seminars,https://www.cs.montana.edu/seminars/index.html
4ac23d-a6644e-92,University of Tennessee,Mathematics,Junior Colloquium,https://calendar.utk.edu/department/mathematics/calendar/month/2023/11
4accde-ee77d8-d7,New York University,Mathematics,"Mathematics, Information, and Computation (MIC) Seminar",https://mad.cds.nyu.edu/micsem/
4ad761-b836b4-56,New York University,Physics,High Energy Physics Seminar,https://physics.nyu.edu/events.html?EventsPage=hep
4af28c-9a7af5-27,University of Michigan,Computer Science,Michigan Institute for Data Science (MIDAS) Seminars,https://cse.engin.umich.edu/events/all-seminars/midas-seminars/
4af734-69f58a-6f,Purdue University,Mathematics,Colloquium,https://www.math.purdue.edu/~ebkaufma/Coll.html
4b26be-bb33f4-36,University of Missouri,Mathematics,Geometry and Topology Seminar,https://math.missouri.edu/seminars
4b2bd4-c18c0d-37,University of Southern California,Physics,Department Colloquia,https://dornsife.usc.edu/physics/colloquia/department-colloquium/
4b70d8-9e9526-d4,University of North Carolina at Chapel Hill,Chemistry,Physical Chemistry Seminars,https://chem.unc.edu/events-calendar/
4bbd09-318fdc-bb,University of Southern California,Physics,High Energy Physics Seminar Series,
4bd2df-49b63f-ee,University of Houston,Mathematics,Deep Learning and Deep Mining Seminar,https://www.math.uh.edu/local/seminar-and-events/deep-learning/
4bd403-684855-d3,Boston University,Physics,Center for Space Physics Seminar,https://www.bu.edu/csp/events/seminar-series/
4be1b8-32de38-14,Virginia Tech,Physics,Neutrino Physics Seminar,https://www.phys.vt.edu/Newsandevents/Events.html
4bedcf-1da5da-cb,Old Dominion University,Chemistry,Seminar,
4bfad5-cf18b6-b5,University of Florida,Physics,High Energy Seminar,https://www.phys.ufl.edu/hepseminars/index_2023Fall
4c1dab-50f7ce-aa,Ohio State University,Physics,Optical Science Seminar,https://opticalscience.osu.edu/events/seminars
4c4754-3aedd1-85,"University of Maryland, College Park",Mathematics,PDE-Applied Math Seminar,https://www-math.umd.edu/research/seminars/pde-applied-math-seminar.html
4c8a9e-450686-4c,Indiana University Bloomington,Mathematics,Probability and Related Fields Seminar,https://math.indiana.edu/seminars/index.html
4c9d90-bc4a87-4b,Cornell University,Computer Science,Scientific Computing and Numerics (SCAN) Seminar,https://cornell-scan.github.io/
4cdcc3-6b3af3-7b,University of Rochester,Physics,Physics and Astronomy Colloquia,https://www.pas.rochester.edu/news-events/events/colloquia/index.html
4ce0e1-1135c8-2e,Johns Hopkins University,Mathematics,Analysis and PDE Seminar,https://sites.google.com/view/hopkins-pde-seminar
4d0a75-5aa6ae-d6,University of Utah,Mathematics,Max Dehn Seminar,https://www.math.utah.edu/seminars/maxdehn/
4d211e-8deb28-f9,Emory University,Mathematics,Analysis and Differential Geometry Seminar,https://www.math.emory.edu/events/seminars/seminar.php?SEMID=1567
4d3834-ee13f2-6d,Florida International University,Chemistry,Chemistry and Biochemistry Seminars,https://case.fiu.edu/chemistry/seminars/
4d47cc-b284f4-9e,University of North Carolina at Chapel Hill,Physics,Physics Colloquium,https://physics.unc.edu/seminars/colloquia/
4d73b4-6ee15b-4a,"University of California, Los Angeles",Physics,Bhaumik Lectures,https://bhaumik-institute.physics.ucla.edu/bhaumik-lectures
4da718-6f0402-c0,Tulane University,Mathematics,Applied and Computational Math Seminar,https://tulane.app.box.com/s/2d9o6liadqx5r0fkeyuunb28dn6muc05
4dc728-f40e0c-90,University of Pennsylvania,Mathematics,Galois Seminar,https://www.math.upenn.edu/events/seminars/galois-seminar
4de3df-ccf3a4-99,University of Louisville,Mathematics,Probability and Statistics Seminar,https://louisville.edu/math/seminars
4e0ddc-5a1282-e1,Iowa State University,Mathematics,Colloquiua,
4e14c5-8f594f-2b,University of Iowa,Mathematics,Colloquium,https://math.uiowa.edu/events/colloquia
4e379a-406f5d-73,Georgia Institute of Technology,Computer Science,Machine Learning Seminar Series,https://www.cc.gatech.edu/events/2023/09/13/machine-learning-seminar-series-sparse-dense-and-back-sparse-again-fuxin-li
4e6f18-2688d9-20,University of Pennsylvania,Computer Science,Colloquium Series and Special Talks,https://www.cis.upenn.edu/events/
4ed910-2de68e-8e,University of Arizona,Chemistry,ORGINS Seminar,https://cbc.arizona.edu/events
4ef8d2-2c8907-a0,Virginia Tech,Mathematics,Colloquia,https://math.vt.edu/calendar.html
4f67b4-f12d17-6e,Pennsylvania State University,Mechanical Engineering,Seminars,https://www.engr.psu.edu/faculty-staff/seminars.aspx
4f6b5c-fe537f-f8,University of Cincinnati,Chemistry,Seminar Series,https://www.artsci.uc.edu/departments/chemistry/news-events-and-seminars/seminars-archive.html
4fc430-c773aa-f1,University of Florida,Computer Science,Colloquium,https://www.cise.ufl.edu/news-events/events/colloquium/
4fc7c1-7fb7bb-22,North Carolina State University,Mathematics,Computational and Applied Mathematics Seminar,https://math.sciences.ncsu.edu/events/category/computational-applied-seminar/
503ade-f6e71c-c8,New York University,Physics,Astrophysics and Relativity Seminars,https://physics.nyu.edu/events.html?EventsPage=astro
5044c8-6b4bdd-47,University of Washington,Mathematics,Inverse Problems Seminar,https://math.washington.edu/events/series/inverse-problems-seminar
50453b-04a7ad-49,Oregon State University,Mathematics,Mathematical Education Seminar,https://internal.math.oregonstate.edu/events?type=14&search=
504ae4-489e38-d8,University of Utah,Physics,HEAP Seminar,https://web.physics.utah.edu/~heap/
504bdf-cbf291-3a,University of Louisiana at Lafayette,Mathematics,Topology Seminar,https://math.louisiana.edu/node/97
504cc0-16bec9-50,Cornell University,Physics,Joint Experimental and Theory Seminars in Particle Physics and Cosmology,https://www.classe.cornell.edu/NewsAndEvents/JointSeminars.html
5075ea-d8a95f-aa,Tulane University,Mathematics,Probability & Statistics Seminar,https://sse.tulane.edu/math/research-seminars-probability-and-statistics
5093ca-546bca-93,Montana State University,Mathematics,Mathematics Seminars,https://math.montana.edu/events/seminars/mathematics_seminars.html
50c066-4d8396-2d,University of Colorado Boulder,Physics,Colloquium,https://www.colorado.edu/physics/events/seminars-and-colloquia/fall-2023-colloquium-schedule
50de8c-9d3ee9-5f,Yale University,Mathematics,Summer Representation Theory Seminar,https://math.yale.edu/calendar/grid/month/2023-08?term_node_tid_depth_join=261
511b18-d892cb-6c,University of Arkansas,Mathematics,Applied Analysis Seminar,https://sites.google.com/view/uarkanalysis/schedule?authuser=0
51348d-da8c2a-83,Yale University,Physics,NPA Seminar,https://physics.yale.edu/calendar/all-events
513b7e-461441-5d,University of Central Florida,Physics,Colloquia,https://sciences.ucf.edu/physics/colloquia/
514299-d1024c-4e,University of Rochester,Chemistry,Inorganic Seminars,https://www.sas.rochester.edu/chm/news-events/events/seminars.html
518749-24c60d-c9,Massachusetts Institute of Technology,Mathematics,PDE/Analysis Seminar,https://math.mit.edu/pde-analysis/
51a4e6-9b9dda-01,University at Buffalo,Chemistry,"MEETS (Materials, Energy, Environment Seminars)",https://arts-sciences.buffalo.edu/chemistry/news-events/seminars/meets.html
51ac52-931ab5-10,"University of Maryland, College Park",Computer Science,Values Centered AI Seminar,Error: No matching seminar name.
51d3e1-f535f8-94,University of Wisconsin-Madison,Mathematics,Math Circles,https://hilbert.math.wisc.edu/wiki/index.php/Madison_Math_Circle
51f366-8bb07b-72,Kent State University,Chemistry,Departmental Colloquium,https://www.kent.edu/chemistry/departmental-events-and-resources
521d22-b49e87-24,Vanderbilt University,Mathematics,Topology / Group Theory,https://sites.google.com/view/tgt-vanderbilt/home
521df0-1fffe3-11,University of Virginia,Physics,Condensed Matter Seminars,http://www.physics.virginia.edu/Announcements/talk-list.asp?GID=condmat_sem_committee&ORDER=desc&OMITNULL=1&MAXTALK=50&SHOWMORE=1
52522e-5b7f1f-8b,Tulane University,Computer Science,Distinguished Lectures,https://sse.tulane.edu/cs/distinguished-lecture-series
5270e1-8aa732-3d,Texas A&M University,Chemistry,Seminar,https://calendar.tamu.edu/chemistry/month/categories/Speakers%2C%20Forums%2C%20and%20Conferences/date/20230801
527896-e1b838-b0,University of Southern California,Chemistry,Seminars,https://dornsife.usc.edu/chemistry/event-calendar/
52b1de-84554d-13,Columbia University,Mathematics,Algebraic Geometry Seminar,https://sites.google.com/view/nathanchen/seminars/columbia-ag-seminar
52cab4-192a37-f5,Johns Hopkins University,Physics,Condensed Matter and Biological Physics Seminar Series,https://physics-astronomy.jhu.edu/series/condensed-matter-and-biological-physics-seminar-series/
52cf29-787554-8e,University of Illinois Chicago,Chemistry,Chemistry Seminars,https://chem.uic.edu/events-2/?event_month=08&event_day=1&event_year=2023
52f135-344f5a-92,Indiana University Bloomington,Chemistry,Seminar,https://www.chem.indiana.edu/internal-tools/seminar-information/
52f52e-9b0a3b-b6,Princeton University,Mathematics,Geometry Learning Seminar,https://www.math.princeton.edu/events/seminars/geometry-learning-seminar
52f7da-4131c3-37,"University of California, Berkeley",Mathematics,Spectral Theory Seminar,https://events.berkeley.edu/math/month/date/20230801
53171d-397217-94,University of Notre Dame,Physics,Astrophysics Seminar,https://physics.nd.edu/news-events/events/calendar/astrophysics-seminar/
53333b-ae288d-09,University of Missouri,Mechanical Engineering,Seminar Series - Mizzou Engineering,https://engineering.missouri.edu/departments/chbme/seminar-series/fall-2023-seminar-series/
5345fc-a561b1-d5,"University of Maryland, Baltimore County",Mathematics,Math Colloquia,https://mathstat.umbc.edu/events/past/?tag=math-colloq
534828-b5f519-2f,Oklahoma State University-Stillwater,Mathematics,Algebra Seminar,https://www.mathdept.okstate.edu/announce/
536452-d533b0-6b,"Graduate Center, CUNY",Mathematics,Hyperbolic Geometry Seminar,https://sites.google.com/site/hyperbolicgeometryseminar/home
53712b-6cd5bb-fc,Rutgers University-New Brunswick,Physics,High Energy Experimental Seminar,https://physics.rutgers.edu/events/seminars?view=article&id=2605:hex-seminar-fall-2023&catid=13:events
5381b7-15eebe-38,"University of California, San Diego",Mathematics,Number Theory Seminars,https://math.ucsd.edu/~nts/
539a12-7a6572-17,Rice University,Mathematics,Topology Seminar,https://docs.google.com/document/d/1aqMtR4Xiqh5HwbPJnpo4gtetr6lx_I9KueRyo0fvp4A/edit
539afd-82647c-2e,Massachusetts Institute of Technology,Mechanical Engineering,MechE Colloquium,https://www.youtube.com/@mitmechelecturescolloquia187/videos?app=desktop&view=0&sort=dd&shelf_id=0
53addd-76f490-bc,University of Colorado Boulder,Chemistry,Organic Chemistry Seminars,https://calendar.colorado.edu/group/chemistry/calendar/month/2023/9
53b3ce-1dbb51-8e,Rutgers University-New Brunswick,Mathematics,Nonlinear Physics Seminar,https://sites.math.rutgers.edu/~yyli/NonlinearAnalysisSeminar.html
53d5ec-300b01-fe,"Graduate Center, CUNY",Mathematics,Ergodic Theory and Dynamical Systems Seminar,https://tamara.ccny.cuny.edu/seminar.html
53df1c-c10c46-5b,University at Buffalo,Physics,Physics Seminars,https://arts-sciences.buffalo.edu/physics/news-events/upcoming-events/colloquium-seminar-series.html
54c6cd-e1042a-d7,Indiana University Bloomington,Physics,Colloquium,https://physics.indiana.edu/news-events/events/colloquium-calendar.html
54f579-b0fb32-10,University of Louisiana at Lafayette,Physics,Physics Seminar,https://physics.louisiana.edu/node/77
55000d-78d84a-0b,Boston University,Mechanical Engineering,Convergent Search Seminar,https://www.bu.edu/eng/news-events/events-calendar/?eid=292210
551ae6-e1a9ed-c0,University of Michigan,Computer Science,ECE Communications and Signal Processing Seminars,https://ece.engin.umich.edu/events/all-seminars/communications-signal-processing-seminars/
552c7a-d2666a-90,Pennsylvania State University,Mathematics,Geometry Lunch Seminar,https://math-cal.cloud.science.psu.edu/events/seminar/410/2023
553a90-4681b5-ef,University of Wisconsin-Madison,Chemistry,Theoretical Chemistry Seminars,https://chem.wisc.edu/theoretical-chemistry-seminars/
558087-2a4782-83,Purdue University,Physics,Biophysical Seminars,https://www.physics.purdue.edu/events/biophys_seminar/archive.html
558770-c5fd19-2e,University of Utah,Mechanical Engineering,Seminars,https://www.mech.utah.edu/research/research-seminars/
559178-14deed-b4,"University of Maryland, College Park",Physics,Physics Colloquium,https://umdphysics.umd.edu/events/calendar.html#year=2023&month=8&day=1&view=month
55b3f4-2be68e-42,University of North Carolina at Chapel Hill,Chemistry,Polymer/Materials Chemistry Seminars,https://chem.unc.edu/events-calendar/
55cf15-0b2d09-7f,University of Virginia,Mathematics,Operator Theory Seminar,https://math.virginia.edu/seminars/sotoa/
55eaa9-45b7e8-fb,New York University,Computer Science,Theory Seminar,https://csefoundations.engineering.nyu.edu/seminar.html
55ef36-756dcc-68,"University of Maryland, Baltimore County",Physics,Physics Colloquium,https://physics.umbc.edu/colloquium-schedule/colloquium-archive/colloquium-schedule-fall-2023/
561aff-cb06c0-d8,"University of Maryland, Baltimore County",Mathematics,Differential Equations Seminar,https://mathstat.umbc.edu/events/past/?tag=de-seminar
564d18-89cdb0-a5,University of Colorado Boulder,Chemistry,Physical Chemistry / Chemical Physics Seminars,https://calendar.colorado.edu/group/chemistry/calendar/month/2023/9
5662a1-1c7e0a-4a,University of South Florida,Mathematics,Analysis Seminars,https://secure.cas.usf.edu/depts/mth/research/seminars/analysis/fall23/
570006-cd2af6-a4,Kansas State University,Chemistry,Departmental Seminars,https://www.k-state.edu/chem/about/seminars_news/seminars/Fall23.html
570429-e69e82-92,Rutgers University-New Brunswick,Physics,Astrophysics Seminar,https://physics.rutgers.edu/astrophysics-physics-seminar-spring-2024?view=article&id=2573:astro-physics-seminar-f2023&catid=13:events
573a43-163ec6-f9,University of Chicago,Mathematics,Unni Namboodiri Lectures in Geometry and Topology,https://mathematics.uchicago.edu/events/lecture-series/unni-namboodiri-lectures-in-geometry-and-topology/
5744b1-6aff90-36,West Virginia University,Chemistry,Seminars,https://www.chemistry.wvu.edu/seminars
579de3-d811b3-35,"University of California, Riverside",Chemistry,CHEM 253 Seminar,https://chem.ucr.edu/events
57a379-49af03-5c,University of Illinois Urbana-Champaign,Mathematics,Seminars,https://calendars.illinois.edu/list/7421
57c8de-9707ba-63,University of Texas at Austin,Computer Science,IFML Seminar Series,https://apps.cs.utexas.edu/calendar/events/month/2023-8
57f10d-90d10b-c3,University of Wisconsin-Madison,Mathematics,Analysis,https://wiki.math.wisc.edu/index.php/Spring_2024_Analysis_Seminar
57f459-14eb89-28,North Dakota State University,Mathematics,Applied Mathematics Seminar,https://www.ndsu.edu/math/research/seminars_and_colloquium/applied_mathematics_seminar/
5806cc-8c4756-92,University of New Mexico,Chemistry,Chemical and Biological Engineering Seminar Series,https://cbe.unm.edu/events/fall-2023.html
5812ca-2c5bdd-ba,Clemson University,Physics,Biophysics Seminar,https://www.clemson.edu/science/academics/departments/physics/news-events/seminars.html
58204f-d0aa63-77,Louisiana State University,Mathematics,Harmonic Analysis Seminar,https://www.math.lsu.edu/calendar?selecttime=past_year&selectevent=Harmonic+Analysis+Seminar
583487-0c6216-98,Columbia University,Mechanical Engineering,ME Seminar,https://www.me.columbia.edu/sitemap
587ec8-bb5270-9d,Virginia Tech,Physics,Colloquium,https://www.phys.vt.edu/Newsandevents/Events.html
58a66e-bc58ce-ec,Binghamton University,Mathematics,Geometry and Topology Seminar,https://www2.math.binghamton.edu/p/seminars/topsem
58adea-4d686c-06,New Jersey Institute of Technology,Computer Science,Department Seminars,https://cs.njit.edu/seminars
58d3fc-d0d91a-4e,Oklahoma State University-Stillwater,Mathematics,Combinatorial and Commutative Algebra Seminar,https://www.mathdept.okstate.edu/announce/
58fa96-4dda6e-3b,Wayne State University,Mathematics,Teaching and Learning,https://events.wayne.edu/search/?q=mathematics+teaching
58fc8d-86e321-50,University of Louisiana at Lafayette,Mathematics,Statistics Seminar,https://math.louisiana.edu/node/285
59395b-23c135-4e,"University of California, Berkeley",Physics,Physics Colloquium,https://events.berkeley.edu/physics/month/date/20230801
595aec-31aac3-db,University of Wisconsin-Madison,Chemistry,Physical Chemistry Seminars,https://chem.wisc.edu/physical-chemistry-seminars/
5971c5-78dc61-cf,Ohio State University,Mathematics,PDE Seminar,https://u.osu.edu/pdeseminar/
59937b-c12dc1-6a,University of North Texas,Mathematics,Millican Colloquium,https://math.unt.edu/seminars/millican-colloquium
59b256-c93966-44,Purdue University,Chemistry,Inorganic Seminar,https://www.chem.purdue.edu/about_us/calendar.html
59b606-239bdc-24,University of Alabama in Huntsville,Physics,Seminars,https://www.uah.edu/science/departments/physics/seminars
59e366-1b0faf-79,Washington State University,Mathematics,Mathematics Education,https://www.math.wsu.edu/Events/Seminars/MathEducation
59fd69-c64f8b-94,Texas A&M University,Computer Science,Distinguished Lectures,https://engineering.tamu.edu/cse/research/seminars/distinguished-lecture/index.html
5a0498-86d87f-12,University of Minnesota,Mathematics,Math Colloquium,https://cse.umn.edu/math/seminar-calendar
5a0e49-5bd931-28,North Carolina State University,Mathematics,Differential Equations/Nonlinear Analysis Seminar,https://wp.math.ncsu.edu/nat/differential-equations-nonlinear-analysis-seminars/
5a3ff8-9fc281-d4,University of New Mexico,Mathematics,Analysis Seminar,https://math.unm.edu/news-events/events/calendar/month/2023-11
5a64c2-65bc12-c8,University of Kansas,Physics,Astro Seminar,https://physics.ku.edu/astro-seminar
5a8639-bfd795-6b,Rice University,Physics,Physics and Astronomy Colloquium,https://events.rice.edu/month/groups/Physics%20%26%20Astronomy
5a9b97-9d6c34-60,University of Louisiana at Lafayette,Mathematics,Algebra Seminar,https://math.louisiana.edu/node/95
5aac54-5b0ed7-d6,"Graduate Center, CUNY",Mathematics,Data Science and Applied Topology Seminar,https://cunygc.appliedtopology.nyc/schedule.html
5ad64d-d24077-8c,Texas Tech University,Computer Science,Seminar,https://www.depts.ttu.edu/cs/department/seminarnew.php
5ae0df-7d9f8d-a5,Michigan State University,Mathematics,Mathematical Physics and Operator Algebras Seminar,https://math.msu.edu/research/seminar.aspx?seriesId=80
5b2dac-0a4e8f-b0,Virginia Commonwealth University,Chemistry,Seminar Schedule,https://chemistry.vcu.edu/events/seminar-sessions/
5b3ff4-5d1e2f-57,"University of California, Los Angeles",Mathematics,Participating Funct. Analysis Seminar,https://secure.math.ucla.edu/seminars/show_quarter.php?t=1704182400&type=Participating%20Funct.%20Analysis&id=&tba=
5b7411-060a44-29,University of South Florida,Computer Science,Major Works Seminars,https://www.usf.edu/engineering/cse/about/defense-seminar-archive.aspx
5bafa8-29f72d-f7,"University of Maryland, College Park",Physics,QuLCS Seminar,https://umdphysics.umd.edu/events/calendar.html#year=2023&month=8&day=1&view=month
5bbe85-e2aad2-2b,Florida State University,Physics,Nuclear Seminar,https://physics.fsu.edu/nuclear_seminar
5c0ac8-4e62a3-2c,Michigan State University,Mathematics,Topology Seminar,https://math.msu.edu/research/seminar.aspx?seriesId=58&fromDate=Fri%20Aug%2025%202023
5c1e52-9bd2ae-8a,University of Denver,Mathematics,Algebra & Logic Seminars,https://science.du.edu/math/colloquia-and-seminars
5c24ca-98952b-a3,Rutgers University-New Brunswick,Mathematics,Mathematical Finance and Probability Seminars,https://www.finmath.rutgers.edu/news-events-finmath/seminars-workshops-finmath/mathematical-finance-and-probability-seminars/list.events/-
5c3d88-a29b75-fd,University of North Carolina at Chapel Hill,Chemistry,Biology/Biological,https://chem.unc.edu/events-calendar/
5c4b38-bb1f55-56,"University at Albany, SUNY",Mathematics,Analysis and Data Science Seminar,https://www.albany.edu/~ji126652/AnalysisSeminarFall2023.html
5c795d-2da1e2-d7,University of Kentucky,Physics,Astro Seminar,https://pa.as.uky.edu/event-archive/type/5326
5ca708-d0db7c-43,Indiana University Bloomington,Chemistry,Organic,https://www.chem.indiana.edu/internal-tools/seminar-information/
5ca7f1-2454aa-24,University of Notre Dame,Mathematics,Model Theory Seminars,https://math.nd.edu/events/calendar/model-theory-seminars/
5cc3e9-6ebb53-28,"Graduate Center, CUNY",Mathematics,Complex Analysis and Dynamics Seminar,http://userhome.brooklyn.cuny.edu/aulicino/seminar/
5cc631-34546c-44,University of Chicago,Chemistry,Seminar,https://events.uchicago.edu/chem/month/date/20230901
5d4b77-34236f-6f,Cornell University,Mechanical Engineering,MAE Colloquium,https://www.mae.cornell.edu/events/mae-colloquium-maria-sakovsky-phd
5d502a-9647e8-ec,"University of California, Berkeley",Mathematics,Analysis and PDE Seminar,https://events.berkeley.edu/math/month/date/20230801
5decc2-444d08-4b,"University of Maryland, College Park",Mathematics,JHU-UMD Complex Geometry Seminar,https://www-math.umd.edu/research/seminars/jhu-umd-complex-geometry-seminar.html
5e6e27-c15e6d-d6,University of Oklahoma,Mathematics,Frames Seminar,https://math.ou.edu/events/seminars/frames
5ecf1b-688af6-b5,Northwestern University,Mathematics,Topology Seminar,https://www.math.northwestern.edu/activities/seminars/?group=undefined&startDate=2023-08-16T05%3A00%3A00.000Z&endDate=2023-08-30T05%3A00%3A00.000Z&days=undefined
5ee81c-d31287-cd,Wayne State University,Mathematics,Colloquium,https://events.wayne.edu/2023/12/
5eece1-8e494a-58,Princeton University,Physics,Condensed Matter Seminar,https://quantum.princeton.edu/events/archive
5f2abe-7c7f66-36,Rutgers University-New Brunswick,Computer Science,Colloquium,https://www.cs.rutgers.edu/news-events/cs-events/past-events/month.calendar/2023/09/10/-
5f30ba-40b69c-e6,Case Western Reserve University,Computer Science,ECSE Collloquium Series,https://engineering.case.edu/computer-and-data-sciences/colloquia-series-1
5f725b-7078ee-cb,New York University,Physics,Center for Quantum Phenomena Seminars,https://physics.nyu.edu/events.html?EventsPage=cqp
5f78fa-e10217-97,University of Texas at Arlington,Mathematics,Colloquia and Seminars,https://www.uta.edu/academics/schools-colleges/science/departments/mathematics/events/seminars
5f7de8-5c27df-e6,West Virginia University,Mathematics,Colloquia,https://mathanddata.wvu.edu/news-and-events/colloquia
5f9ed9-74bac3-07,"University of California, Berkeley",Mathematics,BLM Reading Group on Inclusive Math Teaching,https://events.berkeley.edu/math/month/date/20230801
5fc010-5aaf63-85,Indiana University Bloomington,Mathematics,Quantum Topology Seminar,https://sites.google.com/view/daniel-lopez-neumann/p%C3%A1gina-principal/qt-seminar-iub
60179d-20e751-ed,Tufts University,Chemistry,Seminar Series,https://tufts.app.box.com/v/chem-seminar-archives
6017e9-6e72a0-72,University of North Texas,Mathematics,Dynamical Systems Seminars,https://math.unt.edu/seminars/dynamical-systems-seminar
601d8c-390422-ea,Michigan State University,Mathematics,Geometrical Analysis Seminar,https://math.msu.edu/research/seminar.aspx?seriesId=1097
601eb6-cff4d3-b3,University of Chicago,Physics,Maria Goeppert-Mayer Lectures,https://physics.uchicago.edu/events/maria-goeppert-mayer-lectures/
603f76-9ac7b6-6e,University of North Texas,Mechanical Engineering,Seminars,https://mechanical.engineering.unt.edu/seminars/2021
60d4a1-1d777c-28,Washington University in St. Louis,Mathematics,Geometry and Topology Seminar,https://math.wustl.edu/past-events/2025
60e0a0-92771b-cd,University of Illinois Urbana-Champaign,Physics,Condensed Matter Seminar,https://physics.illinois.edu/calendar/seminars/1964
610ed1-afa060-df,Florida State University,Chemistry,Biochemistry Seminar,https://www.chem.fsu.edu/seminars/?type=Biochemistry
61625e-11002f-58,"University of California, Irvine",Chemistry,Seminar,https://www.chem.uci.edu/calendar-node-field-dt/month/2023-08
61666a-10c997-b9,University of Michigan,Mathematics,Representation Stability Seminar,https://lsa.umich.edu/math/seminars/seminars-and-colloquia/representation-stability-seminar.html#view=week
61c88f-9cd64c-bf,"University of Maryland, College Park",Computer Science,Maryland Metacognition Seminar Series,https://talks.cs.umd.edu/lists/14?range=past
61d20b-62eb03-0d,University of Chicago,Mathematics,No Boundaries Seminar,https://sites.google.com/uchicago.edu/noboundaries/home
61f06c-5af08a-f8,"University of California, San Diego",Chemistry,Organic/Chemical Biology Seminar,https://chemistry.ucsd.edu/ext/seminars.html
621dd3-751cc2-b1,Louisiana State University,Chemistry,Inorganic Seminar,https://www.lsu.edu/science/chemistry/seminars/divison-seminars.php
623420-d5d1fe-25,Stony Brook University,Mathematics,Mathematical Billiards Program Seminar,https://www.math.stonybrook.edu/past-events
62526a-38e9b6-93,Brown University,Chemistry,Organic Chemistry Seminars,https://chemistry.brown.edu/events/seminars
6260a2-ec2f93-2d,University of Nebraska-Lincoln,Computer Science,Colloquium Series,https://computing.unl.edu/current-colloquium-series/
62702d-0f2cb4-f6,Colorado School of Mines,Mechanical Engineering,Distinguished Seminar Series,https://mechanical.mines.edu/mechanical-engineering-seminars/
627383-96707f-71,University of Illinois Urbana-Champaign,Computer Science,Computer Science Speaker Series,https://cs.illinois.edu/news/speaker-series
629bfe-3e4bd3-de,University of Washington,Mathematics,Math AI Seminar,https://math.washington.edu/events/series/math-ai-seminar
62ace6-0e753d-2b,Yale University,Mathematics,Combined Analysis and Applied Math Seminar,https://math.yale.edu/calendar/grid/month/2023-12?term_node_tid_depth_join=91
62e359-67cb5a-c1,University of North Carolina at Chapel Hill,Mathematics,Analysis and PDE Seminars,https://math.unc.edu/events/analysis-pde-seminar/
62f13b-ff2266-cd,"University of Maryland, College Park",Physics,Geometry/Physics,https://umdphysics.umd.edu/events/calendar.html#year=2023&month=8&day=1&view=month
6308aa-655400-ab,University of Michigan,Chemistry,Chemical Education Events,https://lsa.umich.edu/chem/news-events/all-events/chemical-education-events.html#date=2023-11-08&view=month
6311fc-eb6ed6-6c,"University at Albany, SUNY",Chemistry,Seminar,https://www.albany.edu/chemistry/seminars
631334-d8bf31-54,"Graduate Center, CUNY",Mechanical Engineering,Seminar,https://sites.google.com/view/leeccny/home/spring-24-seminar
631734-c6dd1b-bd,Brown University,Mathematics,Pattern Theory Seminars,https://appliedmath.brown.edu/pattern-theory-seminars
635129-552b86-d0,University of Louisville,Mechanical Engineering,Mechanical Engineering Seminar Series,https://events.louisville.edu/event/mechanical_engineering_seminar_series
639755-a9f1f0-17,University of Pennsylvania,Mathematics,3D Mirror Symmetry Seminar,https://www.math.upenn.edu/events/seminars/3d-mirror-symmetry-seminar
63b307-208a52-a6,North Carolina State University,Chemistry,Physical Chemistry Seminar Series,https://chemistry.sciences.ncsu.edu/series/physical-chemistry-seminar-series/
63bce2-e67af3-39,Columbia University,Mathematics,Probability Seminar,https://www.math.columbia.edu/department/probability/seminar/prob_sem_global.html
63c596-c6347e-28,Washington State University,Computer Science,CySER Seminar,https://events.wsu.edu/university-category/computer-science/2023/09/
63f950-163a01-1a,Michigan State University,Mathematics,Algebra Seminar,https://math.msu.edu/research/seminar.aspx?seriesId=61
641cc8-b13b14-fc,"University of California, Berkeley",Mathematics,Representation Theory and Tensor Categories Seminar,https://events.berkeley.edu/math/month/date/20230801
646418-2ae4c3-cd,University of Kansas,Mathematics,Seminars,https://mathematics.ku.edu/seminars-fall-2023
6489a5-ef8500-35,"University of California, San Diego",Chemistry,Physical/Analytical Seminar,https://chemistry.ucsd.edu/ext/seminars.html
64c918-44b205-d3,University of Michigan,Physics,HET (High-Energy Transformation) Brown Bag Series,https://lsa.umich.edu/physics/news-events/seminars-colloquia/het-brown-bag-series.html#date=2023-12-10&view=month
64d7dd-4ef5c4-58,University of Kentucky,Computer Science,Keeping Current Seminars,https://www.cs.uky.edu/~cheng/Seminars/KeepingCurrent.html
64dfbf-c28db0-84,Syracuse University,Physics,Quantum Information Science and Engineering Seminar,https://calendar.syracuse.edu/events/?view=past&page=1&organizer=10373
64e5fb-fdfec0-4a,Washington University in St. Louis,Mathematics,Szego Seminar,https://math.wustl.edu/past-events/2026
652978-5b5ab0-6b,"University of California, Los Angeles",Mathematics,Distinguished Lecture Series,https://secure.math.ucla.edu/seminars/show_quarter.php?t=1704182400&type=Distinguished%20Lecture%20Series&id=&tba=
65459b-730d5e-2c,University of Michigan,Physics,Astronomy Colloquia,https://lsa.umich.edu/physics/news-events/seminars-colloquia/astronomy-colloquia.html
6545c0-f910bc-91,University of Oregon,Mathematics,Algebra Seminar,https://naturalsciences.uoregon.edu/mathematics/seminars
655443-807273-cf,University of Michigan,Mathematics,Topology,https://lsa.umich.edu/math/seminars/seminars-and-colloquia/topology.html#view=week
65625a-9ddacd-7f,North Carolina State University,Chemistry,Organic Chemistry Seminar Series,https://chemistry.sciences.ncsu.edu/series/organic-chemistry-seminar-series-3/
65b373-55daea-a6,Boston University,Computer Science,BU Computer Systems Seminar,https://www.bu.edu/rhcollab/events/bu-systems-bu%E2%99%BAs-seminar/
65e8a5-16da34-65,University of Southern California,Physics,Condensed Matter / Quantum Information Seminar,
662114-e3b95d-85,University of Massachusetts Amherst,Mathematics,Discrete Math Seminar,https://www.umass.edu/mathematics-statistics/seminars/discrete-math-seminar?semester_tid=107
663396-502db0-61,Rice University,Computer Science,Distinguished Lecture Series,https://events.rice.edu/month/date/20230901/groups/computer%20science
663a3b-e32bf2-8d,University of Delaware,Mathematics,Probability and Stochastic Processes Seminar,https://www.mathsci.udel.edu/events/seminars-and-colloquia/probability
668246-942f12-f1,Dartmouth College,Chemistry,Seminars and Colloquia,https://chemistry.dartmouth.edu/news-events/seminars-and-colloquia
669415-e22903-3f,University of Minnesota,Mathematics,Differential geometry and symplectic topology seminar,https://erkaobao.github.io/math/activities/gt2023fall
66bc3d-9d5fe0-c9,Vanderbilt University,Mathematics,Computational Analysis Seminar,https://my.vanderbilt.edu/cca/seminars/
6714ca-11e111-73,Tufts University,Computer Science,CS Colloquium,https://www.cs.tufts.edu/t/colloquia/current/?year=2023&season=fall
674556-05bcb3-bb,Florida State University,Mathematics,PDE Seminar,https://www.math.fsu.edu/~ozanski/PDE-seminar.math
676015-5ae8ab-a6,"University of California, Berkeley",Chemistry,ERG Colloquium Series,https://events.berkeley.edu/chem/month/date/20230801
678695-6f6bc6-44,Colorado State University,Mathematics,Fragment Seminar,https://sites.google.com/view/fragmentseminar/
679527-c7ae53-82,Georgia Institute of Technology,Physics,Physics of Living Systems (PoLS) Seminar,https://physics.gatech.edu/event/physics-living-systems-pols-seminar-dr-shashank-shekhar
6799ca-645daf-f4,Washington University in St. Louis,Mathematics,AAG Seminar,https://math.wustl.edu/past-events/2024
67fcf9-5db00c-b8,Florida State University,Mathematics,Topology and Geometry Seminar,https://www.math.fsu.edu/~ealdrov/seminar/2023.fall.html
68097c-562c16-a9,University of New Mexico,Physics,"Nuclear, Particle, Astroparticle and Cosmology (NUPAC) Seminars",https://physics.unm.edu/pandaweb/events/index.php?display=series&series_id=5
6848c2-39065a-bc,"Graduate Center, CUNY",Mathematics,Differential Geometry and Special Structures Seminar,https://qcpages.qc.cuny.edu/~swilson/DGTsem.html
6865a9-8980b0-37,"University of California, Santa Barbara",Physics,Department Colloquium Series,https://www.physics.ucsb.edu/events/all?page=1
6896f5-ef517f-49,University of Pittsburgh,Computer Science,Colloquium Talks,https://www.cs.pitt.edu/news/colloquium-talks
68bab1-211a90-09,University of Central Florida,Chemistry,Seminar,https://sciences.ucf.edu/chemistry/seminars/
68c35d-46686d-ea,Washington State University,Mathematics,Analysis,https://www.math.wsu.edu/Calendar/
68d0ea-8296b6-8e,University of Oregon,Mathematics,Combinatorics Seminar,https://naturalsciences.uoregon.edu/mathematics/seminars
691ed6-94b8c7-37,University of Michigan,Physics,"CM - AMO (Condensed Matter and Atomic, Molecular, and Optical Physics) Seminars",https://lsa.umich.edu/physics/news-events/seminars-colloquia/biophysics-seminars.html#date=2023-12-07&view=month
695f8e-f93a92-ce,Columbia University,Mathematics,Columbia - CUNY - NYU Joint Number Theory Seminar,https://www.math.columbia.edu/~goldfeld/JointNTS.html
69712d-fd073a-e4,Georgia Institute of Technology,Mechanical Engineering,Mechanical Engineering Seminar,"https://www2.me.gatech.edu/www/calendar/view_seminar.asp?speaker=David%20E.%20Glass,%20Senior%20Researcher&startDate=4/1/2024&startTime=11:00%20AM"
69b989-7f60ca-38,Boston University,Computer Science,Principles of Programming and Verification (POPV) Seminars,https://www.bu.edu/cs/research/popv/seminar/
69c48f-679c55-c7,University of Arizona,Mathematics,Program in Applied Mathematics Colloquium,https://www.math.arizona.edu/events/archive/5
6a053c-02a30a-35,University of Louisiana at Lafayette,Mathematics,Colloquium,https://math.louisiana.edu/node/94
6a05db-66ab02-d8,University of North Carolina at Chapel Hill,Mathematics,Geometric Methods in Representation Theory Seminar,https://math.unc.edu/events/geometry-and-representations/
6a234c-8d16ef-60,Stanford University,Mathematics,Joint Berkeley-Stanford Algebraic Number Theory Seminar,https://mathematics.stanford.edu/events/joint-berkeley-caltech-stanford-number-theory
6a389a-4e2d79-50,University of Chicago,Mathematics,Dynamics Seminar,http://math.uchicago.edu/~dynamics/
6a6ac9-c6294c-e1,University of Southern California,Mechanical Engineering,Seminars,https://ame.usc.edu/seminars/2023-seminar-archive/
6a9484-cfb8db-a2,Stony Brook University,Mathematics,Stony Brook Lectures in Algebraic Geometry,https://www.math.stonybrook.edu/past-events
6aa178-c48f0f-50,Washington University in St. Louis,Physics,Physics Colloquium,https://physics.wustl.edu/past-events/2023
6ab20e-31ba0c-39,University of Illinois Chicago,Physics,Biophysics Seminar,https://phys.uic.edu/our-events/?event_month=08&event_day=1&event_year=2023
6ac827-1494be-58,Michigan State University,Mathematics,Combinatorics and Graph Theory,https://math.msu.edu/research/seminar.aspx?seriesId=74
6ae331-b3b51e-02,Cornell University,Mathematics,Analysis Seminar,https://pi.math.cornell.edu/m/event-list-p/analysis
6af2f8-df8567-a5,University of New Mexico,Physics,Center for Quantum Information and Control Seminars,https://physics.unm.edu/pandaweb/events/index.php?display=series&series_id=2
6af717-6dae3a-14,Massachusetts Institute of Technology,Mathematics,Lie Groups Seminar,https://math.mit.edu/lg/
6b0bae-6aa458-b9,Rutgers University-New Brunswick,Chemistry,Colloquium,https://chem.rutgers.edu/news-events/jevents-list/month.calendar/2023/09/10/-
6b2bc1-ec5dc5-23,Louisiana State University,Mathematics,Combinatorics Seminar,https://www.math.lsu.edu/calendar?selecttime=all&selectevent=Combinatorics+Seminar
6b5927-45a321-b6,"University of California, Los Angeles",Mathematics,Logic Seminar,https://secure.math.ucla.edu/seminars/show_quarter.php?t=1704182400&type=Logic&id=&tba=
6b805f-ff8139-cd,Purdue University,Chemistry,Chemical Ed Seminar,https://www.chem.purdue.edu/about_us/calendar.html
6bc091-a501c0-6b,Virginia Tech,Mathematics,Applied Algebra Seminar,https://math.vt.edu/calendar.html
6bed10-bbedc2-cc,"University of California, Los Angeles",Physics,TEPAPP Seminars,https://tepapp.physics.ucla.edu/seminars.html
6c0daf-86198b-d4,Rutgers University-New Brunswick,Physics,Physics and Astronomy Education Research,[NO LINK FOUND]
6c2466-ea0f37-8e,Harvard University,Physics,Condensed Matter Physics Seminars,http://cmt.harvard.edu/cmpseminar.html
6c375f-782aa4-50,Cornell University,Chemistry,Colloquia,https://chemistry.cornell.edu/seminars-and-lectures
6c3db4-285887-34,University of Wisconsin-Milwaukee,Physics,Biophysics Seminar,https://uwm.edu/physics/organizer/biophysics-seminars/?tribe-bar-date=2023-09-01
6c431e-f4ccca-a5,Columbia University,Chemistry,Cantor Seminar,https://www.chem.columbia.edu/events/cantor-seminar-presented-prof-luke-chao-harvard-university
6c5728-11e20d-e3,Tufts University,Physics,High Energy Physics Seminar,https://as.tufts.edu/physics/news-events/seminars/high-energy-physics-seminar
6c5d31-7dac92-04,University of Pennsylvania,Chemistry,Organic Chemistry Seminars,https://www.chem.upenn.edu/events/past-events?page=4
6c9552-41c5c9-cc,University of Tennessee,Mathematics,Data Science and Statistics Seminar,https://calendar.utk.edu/department/mathematics/calendar/month/2023/11
6cb94d-f5c64b-ba,Old Dominion University,Computer Science,CS Department Colloquiua,https://www.cs.odu.edu/~zeil/colloq.html
6d3e0d-cdbaaf-26,Northwestern University,Mathematics,Colloquium,https://www.math.northwestern.edu/activities/seminars/?group=Co&startDate=2023-08-18T05%3A00%3A00.000Z&endDate=2023-09-01T05%3A00%3A00.000Z&days=undefined
6d6b92-12b97a-d2,Indiana University Bloomington,Mathematics,Analysis Seminar,https://math.indiana.edu/seminars/index.html
6d9a7e-fb10da-a0,"University of California, Davis",Physics,Experimental Particle Physics Seminar,https://physics.ucdavis.edu/news-events/colloquia-and-seminars/experimental-particle-physics-seminar
6d9d91-7b898b-76,Ohio University,Chemistry,Chemistry & Biochemistry Colloquia,https://www.ohio.edu/cas/chemistry/news-events/events
6e273d-7a2617-47,Massachusetts Institute of Technology,Computer Science,Algorithms and Complexity Seminar,https://toc.csail.mit.edu/node/421
6e2d3d-f65eaa-4f,California Institute of Technology,Physics,CaJAGWR Seminars,https://cajagwr.caltech.edu/
6e3f25-d35359-18,Temple University,Physics,Physics Department Colloquium,https://phys.cst.temple.edu/colloquium.html
6e4495-eb3cf9-5d,University of Notre Dame,Mathematics,Colloquia,https://math.nd.edu/events/calendar/colloquia/
6e6cc2-b9c313-5d,Yale University,Mathematics,Algebra and Number Theory Seminar,https://math.yale.edu/calendar/grid/month/2023-12?term_node_tid_depth_join=16
6e9560-2eeb10-8f,Wayne State University,Mathematics,Analysis Seminar,https://events.wayne.edu/search/?q=mathematics+analysis
6ec642-318024-1f,University of Oregon,Mathematics,Analysis Seminar,https://naturalsciences.uoregon.edu/mathematics/seminars
6ef164-3c8cc7-c9,Wayne State University,Chemistry,Inorgnanic,https://events.wayne.edu/chemistry-inorganic/2024-05-24/2025-05-24/
6facb1-748461-01,California Institute of Technology,Physics,Physics Colloquium,https://pma.divisions.caltech.edu/news-events/physics-colloquium
6fb4a6-025082-e6,"University of California, San Diego",Mathematics,Topology Seminars,https://sites.google.com/view/xuzhouli/ucsd-topology-seminar
6fbaee-d743b6-a4,University of Georgia,Chemistry,Departmental Colloquium,https://www.chem.uga.edu/events/past?field_type_of_event_target_id=26&items_per_page=10&page=0
6fc2fa-060c9c-4e,University of Utah,Mathematics,Math Biology,https://www.math.utah.edu/research/mathbio/mbseminar/mathbio_seminar_fall_2023.html
6fedb4-29d156-a3,University of Michigan,Computer Science,CSE Distinguished Lecture Series,https://cse.engin.umich.edu/events/distinguished-lectures/cse-distinguished-lecture-series/
6fef66-483091-f3,Mississippi State University,Physics,Colloquium,https://le334.physics.msstate.edu/Colloquium.html
6ffd67-a86bca-19,University of Florida,Physics,Physics Colloquium,https://www.phys.ufl.edu/colloquium/index.html
700453-6be2ef-10,Ohio University,Mathematics,Colloquium and Seminar,https://calendar.ohio.edu/search/events?past=1&search=mathematics
7011a0-9fe669-5b,Purdue University,Mathematics,Topology Seminar,https://sites.google.com/view/purduetopologyseminar/home/past-talks?authuser=0
702c10-db74c6-ea,"University of California, Santa Barbara",Chemistry,Organic Chemistry Seminar,https://www.chem.ucsb.edu/news
70580c-c37d81-0b,University of Virginia,Mathematics,Topology Seminar,https://math.virginia.edu/seminars/topology/
706819-b850c8-41,University of Michigan,Chemistry,Organic Chemistry Events,https://lsa.umich.edu/chem/news-events/all-events/organic-chemistry-events.html#view=month
708963-5df9b4-11,"University of California, Los Angeles",Mathematics,Distinguished Women in Math Lecture Series,https://secure.math.ucla.edu/seminars/show_quarter.php?t=1704182400&type=Distinguished%20Women%20in%20Math%20Lecture%20Series&id=&tba=1
708d44-8bb211-7c,University of North Carolina at Chapel Hill,Mathematics,Applied Mathematics Seminars,https://math.unc.edu/events/applied-mathematics-colloquium/
709fb4-5d4a22-b2,University of Michigan,Physics,Interdisciplinary QC/CM Seminars,https://lsa.umich.edu/physics/news-events/seminars-colloquia/interdisciplinary-qc-cm-seminars.html#view=month
70b888-41139b-a4,Princeton University,Chemistry,Spectroscopy/Physical Chemistry Seminar,https://chemistry.princeton.edu/department/seminars-events/page/2/?event_range=past&event_type=8&event_research_area=226&event_search
70dc15-1397ad-20,"University of California, Santa Cruz",Mathematics,Mathematics Colloquium,https://docs.google.com/document/d/1ZexTtwB-oNRHBUgXUwiL4R8TA0FPvzkEnLtdrfHA3PY/edit#bookmark=kix.1vjzblmhs9j1
70ed2a-0a5abf-98,University of Alabama,Physics,Colloquia,https://physics.ua.edu/colloquium/
70f2f2-2f9d92-f8,University of Denver,Mathematics,Analysis and Dynamics Seminars,https://science.du.edu/math/colloquia-and-seminars
70ffc8-c0c5c9-33,Michigan State University,Physics,Condensed Matter Physics Seminars,https://pa.msu.edu/news-events-seminars/cmp-seminar-schedule.aspx
7118c8-f02fe5-4c,Colorado School of Mines,Computer Science,Research Seminar Series,https://cs.mines.edu/seminars/
714cf3-6ef3a0-c2,University of Maine,Mathematics,Colloquium,https://umaine.edu/mathematics/colloquium/fall-2023-summer-2024-abstracts/
716903-7140d0-00,"University of California, Riverside",Chemistry,CHEM 252 Seminar,https://chem.ucr.edu/events
717205-04f382-ef,"University of California, Irvine",Mathematics,Logic Set Theory Seminar,https://www.math.uci.edu/seminars-calendar/month/2023-08
7181ff-c941d1-9c,University of Hawaii at Manoa,Mathematics,Number Theory Seminar,https://math.hawaii.edu/wordpress/number-theory-seminars-224/
71c5d2-6abb85-14,Pennsylvania State University,Mathematics,Department of Mathematics Colloquium,https://math-cal.cloud.science.psu.edu/events/seminar/377/2023
71ddb0-e286a3-98,West Virginia University,Computer Science,Seminars,https://community.wvu.edu/~skhushalanisolanki/seminars14.html
71ea4b-187ac9-d0,Georgia Institute of Technology,Computer Science,IC Spring Seminar Series,https://www.cc.gatech.edu/events/2024/03/05/ic-spring-seminar-series-guest-speaker-yuchen-cui
720b81-f8ea43-7c,"Graduate Center, CUNY",Mathematics,Arithmetic Geometry Seminar,https://sites.google.com/view/gc-arithmetic-geometry/home
722ff9-16723b-c8,Duke University,Chemistry,DMI Seminar (Duke Materials Initiative),https://calendar.duke.edu/show?fq=id%3ACAL-8a018d0d-8b5366bc-018b-72909998-00001599demobedework%40mysite.edu
725f5e-0312d7-e4,Louisiana State University,Physics,Colloquium,https://www.lsu.edu/physics/news_events/colloquia.php
726f84-fc7d5b-e4,Stony Brook University,Physics,Condensed Matter Physics Seminar,https://www.stonybrook.edu/commcms/physics/research/cm/index
72a5f8-e7ddc5-f6,University of New Hampshire,Mathematics,Integrated Applied Mathematics Seminar Series,https://ceps.unh.edu/integrated-applied-mathematics/seminar-series
72ab6a-050849-40,Stanford University,Mathematics,Combinatorics Seminar,https://mathematics.stanford.edu/events/combinatorics
72bce7-ad9145-61,University of Washington,Mathematics,Combinatorics and Geometry Seminar,https://math.washington.edu/events/series/combinatorics-and-geometry-seminar
72c9ae-c835c3-0c,University of Wisconsin-Madison,Mathematics,Probability Seminar,https://wiki.math.wisc.edu/index.php/Past_Probability_Seminars_Fall_2023
72e350-3a8b30-83,Colorado School of Mines,Chemistry,Chemistry Seminar Series,https://chemistry.mines.edu/seminars/
730a88-875fa3-6f,Cornell University,Mathematics,Dynamical Systems Seminar,https://pi.math.cornell.edu/m/event-list-p/dynsem
734636-624c92-70,Princeton University,Mathematics,Algebraic Topology Seminar,https://www.math.princeton.edu/events/seminars/algebraic-topology-seminar/archive/254
735b0d-1169c0-90,University of Wisconsin-Milwaukee,Mechanical Engineering,Research Seminar,https://uwm.edu/engineering/event/research-seminar-modeling-smart-vehicles-in-a-smart-world/
735f8d-81d79e-00,University of South Florida,Mechanical Engineering,Department of Industrial and Systems Engineering Seminars,https://www.ise.ufl.edu/news-events/events/scheduled-seminars-spring-2024/
737142-ae1f9e-4e,University of Wisconsin-Madison,Mathematics,Applied Algebra,https://wiki.math.wisc.edu/index.php/Applied_Algebra_Seminar_Spring_2024
7372d2-9e9ce4-da,Ohio State University,Mathematics,Topology Seminar,https://sites.google.com/view/topoandggt/fall-2023?authuser=0
73a5de-475ec5-b4,North Carolina State University,Mathematics,Stochastics Seminar,https://math.sciences.ncsu.edu/events/category/stochastics/list/?eventDisplay=past
73f147-e9e87f-ec,"University of California, Irvine",Mathematics,Analysis Seminar,https://www.math.uci.edu/seminars-calendar/month/2023-08
74187d-efbd09-b6,"University of California, San Diego",Mathematics,Combinatorics Seminars,https://math.ucsd.edu/~combosem/combinatorics-seminar.html
744237-956432-ed,Washington University in St. Louis,Mechanical Engineering,Seminar Series,https://mems.wustl.edu/news-events/seminar-series.html
744813-38e23f-5f,University of Rochester,Chemistry,Physical Seminars,https://www.sas.rochester.edu/chm/news-events/events/localist-archive.html
74583a-8eec85-19,University of Illinois Chicago,Physics,High Energy Seminar,https://phys.uic.edu/our-events/?event_month=08&event_day=1&event_year=2023
745e58-c2c775-66,"University of Maryland, College Park",Computer Science,Maryland Cybersecurity Center Seminar Series,https://talks.cs.umd.edu/lists/3?range=past
749093-e8bd02-08,Northeastern University,Computer Science,Computer Science Theory Seminar,https://www2.ccs.neu.edu/theory/seminar.html
74b902-c800c6-1b,University of Virginia,Mathematics,Mathematical Physics Seminar,https://math.virginia.edu/seminars/mathphys/
7501f8-6d6731-43,Oklahoma State University-Stillwater,Mathematics,Analysis Seminar,https://www.mathdept.okstate.edu/announce/
751c7d-3d4e3c-1a,North Carolina State University,Mathematics,Algebra and Combinatorics Seminar,https://math.sciences.ncsu.edu/events/category/acs/list/?eventDisplay=past
753fa0-a45ee5-f7,University of Oklahoma,Mathematics,Computational and Applied Mathematics Forum,https://math.ou.edu/events/seminars/siam_css_caf
755421-d45fdf-4e,"Graduate Center, CUNY",Mathematics,Combinatorial and Additive Number Theory,https://www.theoryofnumbers.com/cant/
755de0-b9a967-a0,Rutgers University-New Brunswick,Physics,Honors Seminar,[NO LINK FOUND]
7595a3-c4503a-47,California Institute of Technology,Chemistry,CCE Seminars: Inorganic-Electrochemical Seminar,https://cce.caltech.edu/news-and-events/cce-seminars/inorganic-chemistry/inorganic-electrochemical-seminar
759c2d-b4200b-0a,University of Connecticut,Physics,Physics Colloquium,https://events.uconn.edu/physics-department/month/date/20230901
75b622-32b250-cf,Kent State University,Physics,Center for Nucleic Research Seminar (CNR),https://sites.google.com/view/cnrseminar/home?authuser=0
75bcf9-234469-58,"University of California, Los Angeles",Physics,Plasma Seminars,https://www.pa.ucla.edu/plasma-archive/plasma-physics-seminar-2022-2023.php
760332-8ee2a2-41,Stony Brook University,Physics,Center for Accelerator Science and Education,http://case.physics.sunysb.edu/index.php/Main_Page
76144c-9a9c83-5b,University at Buffalo,Mathematics,Colloquium,https://www.buffalo.edu/cas/math/news-events/calendar.html#title_1714411604_cop_722274259
764904-c75b74-dc,Oregon State University,Mathematics,Analysis Seminar,https://internal.math.oregonstate.edu/events?type=3&search=
768f54-82fec1-79,Florida State University,Mathematics,Algebra and its Applications Seminar,https://www.math.fsu.edu/~agashe/algebraseminar-fall23.html
76c2ae-45b773-04,University of North Carolina at Chapel Hill,Computer Science,Triangle Computer Science Distinguished Lecturer Series,https://cs.unc.edu/news/tcsdls/
76d736-14063c-1c,Colorado State University,Chemistry,Physical Seminars,https://www.chem.colostate.edu/physical-seminars/
76efc5-ca69e4-17,"University of California, Santa Barbara",Chemistry,Biochemistry Seminar,https://www.chem.ucsb.edu/news
76f343-20c96a-47,Yale University,Physics,WIDG Seminar,https://physics.yale.edu/calendar/all-events
777966-2bc88d-a8,University of Florida,Mechanical Engineering,Colloquium,https://www.eng.ufl.edu/news-events/events-calendar/categories/seminars/
77a14b-0c8498-0d,Michigan State University,Mathematics,Analysis and PDE Seminar,https://math.msu.edu/research/seminar.aspx?seriesId=49
77b599-a812cf-88,"University of California, Berkeley",Chemistry,Inorganic Chemistry Seminar,https://events.berkeley.edu/chem/month/date/20230801
77c0cf-9497b7-50,Vanderbilt University,Mathematics,Colloquium,https://as.vanderbilt.edu/math/events/colloquium/
78350e-e7e7a0-83,University of Louisville,Mathematics,Algebra and Combinatorics Seminar,https://louisville.edu/math/seminars
78448d-d4e025-b3,"University of California, Davis",Mathematics,Mathematical Physics Seminar,https://www.math.ucdavis.edu/research/seminars?type=11&when=past
785a27-678acf-83,New York University,Mathematics,Joint Number Theory Seminar (Columbia - CUNY - NYU),https://www.math.columbia.edu/~goldfeld/JointNTS.html
785b34-5ac112-34,Temple University,Mathematics,Algebra Seminar,https://www.math.temple.edu/events/seminars/algebra/2023/
78696b-885c69-ec,Rice University,Computer Science,CS Colloquium,https://events.rice.edu/month/date/20230901/groups/computer%20science
78b76c-d5812c-c3,Wayne State University,Mathematics,PDE Seminar,https://events.wayne.edu/search/?q=mathematics+PDE
791ba8-5aa274-3a,Binghamton University,Computer Science,Seminar Series,https://www.binghamton.edu/computer-science/about/seminar-series.html
791ece-a8271a-2b,Columbia University,Mathematics,Automorphic Forms and Arithmetic,https://www.math.columbia.edu/~gyujinoh/AFAS/
792b57-4e43c0-cd,California Institute of Technology,Chemistry,CCE Seminars: Chemical Physics,https://cce.caltech.edu/news-and-events/cce-seminars/chemical-physics
79cb32-eef120-45,University of Washington,Physics,Physics Colloquia,https://phys.washington.edu/physics-colloquia
79dbc8-9e679e-29,"University of California, Santa Barbara",Computer Science,Colloquium,https://cs.ucsb.edu/ (at the bottom)
7a1c2b-455301-0b,Florida State University,Mathematics,Applied and Computational Math Seminars,https://www.math.fsu.edu/Academics/ACM/acm_seminars.php
7a3799-c95229-6a,Duke University,Computer Science,Computer Science Seminar,https://cs.duke.edu/events/scalability-and-natural-computing-artificial-morphogenesis
7a3a89-13d591-fe,Louisiana State University,Mathematics,Mathematical Physics and Representation Theory Seminar,https://www.math.lsu.edu/calendar?selecttime=past_year&selectevent=Mathematical+Physics+and+Representation+Theory+Seminar
7ada9a-069929-b5,University of Virginia,Physics,Nuclear Physics Seminars,http://www.physics.virginia.edu/Announcements/talk-list.asp?GID=nucphys_sem_committee&ORDER=desc&OMITNULL=1&MAXTALK=50&SHOWMORE=1
7b0e63-d58ad7-8c,Case Western Reserve University,Computer Science,CDS Colloquium Series,https://engineering.case.edu/computer-and-data-sciences/colloquia-series-0
7b5c1c-7088de-a2,University of Central Florida,Mathematics,Mathematics and Applications Seminar,https://sciences.ucf.edu/math/ucf_section/mathematics-and-applications-seminar/
7bb034-df0ed7-11,Columbia University,Mathematics,Distinguished Colloquium Series in Interdisciplinary and Applied Mathematics,https://www.apam.columbia.edu/distinguished-colloquium-series-interdisciplinary-and-applied-mathematics-dcsiam
7bb7a6-a8fe28-d5,West Virginia University,Mathematics,Seminars,https://mathanddata.wvu.edu/news-and-events/seminars
7c0390-d28d51-2e,University of Michigan,Mathematics,Mathematics Communications,https://lsa.umich.edu/math/seminars/seminars-and-colloquia/mathematics-communications.html#view=month
7c54d9-8dfa0e-54,North Carolina State University,Chemistry,Inorganic Chemistry Seminar Series,https://chemistry.sciences.ncsu.edu/series/inorganic-chemistry-seminar-series-2/
7c7b8d-c9f1a9-d8,Columbia University,Chemistry,Friday Synthesis Symposium,https://www.chem.columbia.edu/events/friday-synthesis-symposium-presented-dr-daniel-cavlovic-nuckolls-group
7d0426-e7177f-c8,Pennsylvania State University,Mathematics,Dynamical Systems Seminar,https://math-cal.cloud.science.psu.edu/events/seminar/439/2023
7d1d53-53c92f-7c,"University of Nevada, Reno",Computer Science,Colloquia,https://outlook.office365.com/calendar/published/d6f4b43f2c4447d3b2eda88ca9d348ae@unr.edu/669e1822e5a34963b9c104030de831c83784059002441871087/calendar.html
7d1f97-8d00a3-7a,University of Kentucky,Physics,Condensed Matter Physics Seminar,https://pa.as.uky.edu/event-archive/type/4227
7d6cf6-ebb81d-32,Baylor University,Mathematics,Applied Mathematics Seminar,https://sites.google.com/site/pjamesongraber/applied-math-seminar
7d8b9b-46431a-ed,University of Connecticut,Mathematics,Actuarial Science Seminar,https://math.uconn.edu/calendar-2/
7da751-e139f6-39,University of Arizona,Mechanical Engineering,AME Seminar Series,https://ame.engineering.arizona.edu/news-events/news-archive
7df4b3-63707d-1f,Pennsylvania State University,Mathematics,Algebra and Number Theory Seminar,https://math-cal.cloud.science.psu.edu/events/seminar/372/2023
7e0500-eaa339-22,"University of California, Davis",Mathematics,Geometry/Topology Seminar,https://www.math.ucdavis.edu/research/seminars?type=5&when=past
7e166b-10cfba-b5,University of Illinois Urbana-Champaign,Physics,High Energy Physics Seminar,https://physics.illinois.edu/calendar/seminars/5068
7e3650-a4cfb4-f3,"University of California, San Diego",Mathematics,Group Actions Seminars,https://mathweb.ucsd.edu/~bseward/group_actions/previous.html
7e4cd9-f42a77-a8,"University of California, Davis",Physics,Cosmology Seminar,https://physics.ucdavis.edu/news-events/colloquia-and-seminars/cosmology
7e90ca-163d17-11,"University of California, Santa Barbara",Mathematics,"Geometry, Topology and Physics Seminar",http://web.math.ucsb.edu/~drm/GTPseminar/
7eaee5-9a0463-fa,Massachusetts Institute of Technology,Physics,Nuclear and Particle Physics Colloquium,https://web.mit.edu/lns/news/nppc.html
7f07af-22f957-a5,University of Utah,Mathematics,Stochastics,https://www.math.utah.edu/~firas/Seminar/
7f286f-ee9f2d-06,Yale University,Mathematics,Geometry and Topology Learning Seminar,https://math.yale.edu/calendar/grid/month/2023-08?term_node_tid_depth_join=121
7f4598-cc7db7-a2,Wayne State University,Mathematics,Applied Mathematics,http://events.wayne.edu/search/?q=applied+mathematics
7f4fae-787035-8a,Boston University,Computer Science,CDS Colloquium Series,https://www.bu.edu/cds-faculty/explore/cds-colloquium/
7f5a3e-6c8a60-66,"University of California, Berkeley",Chemistry,Physical Chemistry Lecture,https://events.berkeley.edu/chem/month/date/20230801
7f6800-e75ee8-e0,University of Colorado Denver,Chemistry,Dreyfus Lectureship,https://clas.ucdenver.edu/chemistry/seminars-and-events/dreyfus-lectureship-2023
7f6971-d439b5-ce,George Mason University,Physics,Physics and Astronomy Colloquia,https://science.gmu.edu/academics/departments-units/physics-and-astronomy-department/advising/physics-colloquia
7f950f-ab10df-57,California Institute of Technology,Chemistry,CCE Seminars: Biochemistry,https://cce.caltech.edu/news-and-events/cce-seminars
7fa346-9e6c95-0a,Princeton University,Mechanical Engineering,"Edwin G. Baetjer, II and the Baetjer Seminar Series",https://mae.princeton.edu/about-mae/events/seminars
7fae72-1872da-c0,Baylor University,Mathematics,Mathematics Colloquium,https://math.artsandsciences.baylor.edu/talks/2023-2024-mathematics-colloquium
80161b-5a3c6b-18,Massachusetts Institute of Technology,Mechanical Engineering,MechE Alliance Seminar,https://meche.mit.edu/meche-alliance-seminar-series
8041e7-ad35b1-8c,University of Georgia,Mathematics,Functional Analysis,https://calendar.google.com/calendar/u/0/embed?src=o5arcdclo6n7engp6r8q316si8@group.calendar.google.com&ctz=America/New_York
80b4ee-3117f6-85,University of Louisiana at Lafayette,Computer Science,CACS Seminars,https://computing.louisiana.edu/cacs-research/cacs-seminars
80d49a-f55b97-a8,Purdue University,Computer Science,CERIAS Security Seminar,https://www.cerias.purdue.edu/news_and_events/events/security_seminar/archive/searchyear/2023
80fa43-f9e56a-ff,University of Washington,Mathematics,Current Topics Seminar,https://math.washington.edu/events/series/current-topics-seminar
810c9b-d6f3cd-a0,University of Connecticut,Mathematics,PDE and Differential Geometry Seminar,https://math.uconn.edu/calendar-2/
812a53-ff0c8c-ba,University of Arizona,Physics,TAP Colloquium,https://w3.physics.arizona.edu/events
812c69-06a68d-c8,Old Dominion University,Physics,Physics Colloquia,https://www.odu.edu/physics/calendar/csc
812f02-1d5d11-de,University of South Carolina,Mathematics,Quantum Information & Analysis Seminars,https://sc.edu/study/colleges_schools/artsandsciences/mathematics/beyond_classroom/colloquia_and_seminars/quantum_analysis/index.php
812f97-296260-86,"University of California, Berkeley",Mechanical Engineering,Mechanical Engineering Seminars,https://events.berkeley.edu/me/month/date/20230801
813e45-f3c9ee-02,Massachusetts Institute of Technology,Mathematics,"Seminar on Arithmetic Geometry, etc. (STAGE)",https://researchseminars.org/seminar/STAGE
814810-e7af12-e1,Case Western Reserve University,Physics,Condensed Matter Seminars,https://physics.case.edu/event-archive/condensed-matter-seminars/
818a84-d6b1c3-84,"University of California, Santa Barbara",Computer Science,Theory Colloquium,https://cs.ucsb.edu/ (at the bottom)
818b6a-a9ac5e-7c,Boston College,Mathematics,BC-MIT Number Theory Seminar,https://researchseminars.org/seminar/BC-MIT
81a8c9-a5fb23-f8,Johns Hopkins University,Mathematics,Algebraic Geometry Seminar,https://sites.google.com/view/jhuagseminar
81c1da-39db06-fa,Virginia Commonwealth University,Mathematics,Biomath Seminar,https://math.vcu.edu/events/biomath-seminar/#d.en.592402
820adf-879471-ea,University of Mississippi,Mathematics,Combinatorics Seminar,https://math.olemiss.edu/combinatorics-seminar/
825035-eb5620-f3,Ohio State University,Physics,Colloquia,https://physics.osu.edu/colloquium-archive
825f72-79130d-d4,University of Louisville,Mathematics,Analysis Seminar,https://louisville.edu/math/seminars
827107-7e79c5-9f,"University of California, Los Angeles",Mathematics,Algebra Seminar,https://secure.math.ucla.edu/seminars/show_quarter.php?t=1704182400&type=Algebra&id=&tba=
829787-0dbe12-9b,Ohio State University,Mathematics,Actuarial Science and Quantitative Risk Management Seminar,https://u.osu.edu/aqrmseminar/2023/11/02/2023-autumn/
82eb17-d32640-fb,Colorado School of Mines,Mathematics,Applied Mathematics and Statistics Colloquium,https://ams.mines.edu/colloquia/
83106e-ac91fc-54,Washington State University,Mathematics,"Theory and Applications of Discrete Math, Linear Algebra, and Number Theory",https://www.math.wsu.edu/faculty/scliu/CLaN/seminar/
832827-e6375e-c0,"University of California, Los Angeles",Mathematics,GSO Seminar,https://secure.math.ucla.edu/seminars/show_quarter.php?t=1704182400&type=GSO&id=&tba=
833011-6e1cb5-76,University of Florida,Mathematics,Department Colloquia,https://people.clas.ufl.edu/boyland/colloquium-fall-2023/
83481f-564ed6-33,University of Arkansas,Chemistry,Chemistry & Biochemistry Seminar,https://chemistry.uark.edu/research/seminars/archive.php
8382d8-c78047-a3,Johns Hopkins University,Mathematics,Category Theory Seminar,https://emilyriehl.github.io/seminar/
83cb44-20fd83-7d,Iowa State University,Chemistry,Seminars,
83f066-0d238f-9b,University of Iowa,Computer Science,Colloquium,https://events.uiowa.edu/?d=20231208&f=85
842ea9-dc2b73-bf,Utah State University,Physics,Department of Physics Colloquium,https://www.usu.edu/calendar/?month=2022/11/5&id=81605
846dab-fd06e9-1c,University of Chicago,Mathematics,Computational and Applied Mathematics Colloquium,https://cam.uchicago.edu/events/cam-colloquium
8485ce-63972b-3a,University at Buffalo,Chemistry,Foster Colloquium Series,https://arts-sciences.buffalo.edu/chemistry/news-events/seminars/foster-colloquium.html
84eaa4-b62058-14,"University of California, San Diego",Mathematics,Analysis Seminars,https://mathweb.ucsd.edu/~zlatos/Analysis/
850036-345483-3e,University of Washington,Physics,Research Seminars,https://phys.washington.edu/research-seminars
850d7e-3a0243-48,Cornell University,Computer Science,Colloquium,https://www.cs.cornell.edu/content/fall-2023-colloquium
85174c-8d65d3-35,University of Delaware,Physics,Colloquium,https://www.physics.udel.edu/events/colloquia
853d83-9318ce-32,Auburn University,Mathematics,Statistics and Data Science Seminar,https://auburn.edu/cosam/datascienceseminar/index.htm
853f4c-d41244-32,University of Pittsburgh,Physics,CMU-Pitt Colloquium,https://www.physicsandastronomy.pitt.edu/events
857e75-b59f28-40,University of Colorado Boulder,Chemistry,Materials and Nanoscience Seminars,https://calendar.colorado.edu/group/chemistry/calendar/month/2023/9
858944-8ecfbb-03,University of Houston,Mathematics,Dynamical Systems Seminar,https://www.math.uh.edu/dynamics/Fall23.php
85ac3a-0ccf24-a7,University of Iowa,Physics,Seminars,https://events.uiowa.edu/?d=20230821&f=337
85b8ae-5a2810-b4,University of Washington,Mathematics,Rainwater Seminar,https://math.washington.edu/events/series/rainwater-seminar
85ccba-102d13-61,Arizona State University,Mathematics,Geometry/Topology Seminar,https://math.asu.edu/asu-events-category/sustainability
862967-e0c11d-44,Virginia Commonwealth University,Mathematics,Discrete Mathematics Seminar,https://math.vcu.edu/events/discrete-mathematics-seminar/#d.en.584732
8633b6-893350-f2,University of Arkansas,Mathematics,Algebra Seminar,http://www.lemiller.net/AlgSeminar.html
86617c-01d56e-23,Cornell University,Physics,Particle Theory Seminar,https://www.classe.cornell.edu/NewsAndEvents/ParticleTheory/WebHome.html
868472-64f440-e2,Stony Brook University,Chemistry,Franklin Award Lecture,https://www.stonybrook.edu/commcms/chemistry/Seminars/namedlectureseries.php
868e6f-e89418-e7,Rensselaer Polytechnic Institute,Physics,"Physics, Applied Physics and Astronomy Colloquia",https://science.rpi.edu/physics-applied-physics-astronomy/events/physics-applied-physics-and-astronomy-colloquia
86aac9-87126c-dc,Mississippi State University,Computer Science,CSE Speaker Series,https://www.cse.msstate.edu/events/
86ab2d-9ce3af-c3,Colorado State University,Mathematics,Inverse Problems/Data Sciences/Applied Math (IDA) Seminar,https://www.math.colostate.edu/~yzhou/seminar/ams.html
86fd12-31766b-f6,University of Kansas,Chemistry,Organic Seminars,https://chem.ku.edu/organic-seminars
873820-959d97-04,Northeastern University,Mathematics,Applied and Interdisciplinary Mathematics Seminar,https://aimath.sites.northeastern.edu/
87ac9d-2b52a6-cc,University of Utah,Mathematics,Representation Theory and Number Theory,https://www.math.utah.edu/~bakic/seminar
87c14d-dd4a98-f8,Stony Brook University,Physics,High Energy Physics Seminar,https://calendar.google.com/calendar/u/0/embed?mode=AGENDA&height=600&wkst=1&bgcolor=%23FFFFFF&src=stonybrook.edu_s9339gnrqm2e7i313qf8o9r9qs@group.calendar.google.com&color=%23711616&ctz=America/New_York
87c22a-2b2915-dd,New York University,Mathematics,Geometry Seminar,https://math.nyu.edu/dynamic/calendars/seminars/geometry-seminar/
87dcbf-17d917-79,University of Michigan,Mathematics,Combinatorics,https://lsa.umich.edu/math/seminars/seminars-and-colloquia/combinatorics.html#date=2024-03-10&view=month
87f65e-e23c21-35,Ohio State University,Mathematics,Combinatronics and Probability Seminar,https://u.osu.edu/probability/archived-talks/autumn-2023/
8801fe-935e9a-b4,Harvard University,Chemistry,Woodward CCB Departmental Colloquium,https://chemistry.harvard.edu/calendar/upcoming/seminars/woodward-ccb-departmental-colloquium
881654-db0786-23,New Jersey Institute of Technology,Physics,Colloquium,
884bb7-38b1f0-5b,Rutgers University-New Brunswick,Physics,Nuclear Physics Seminar,https://physics.rutgers.edu/events/seminars?view=article&id=2563:nuclear-physics-seminar-f2023&catid=13:events
884ea4-afe071-1c,University of Minnesota,Mathematics,Applied and Computational Math Seminar,https://cse.umn.edu/math/seminar-calendar
885615-4bc480-29,University of Alabama,Mathematics,Analysis Seminar,https://math.ua.edu/events/category/math-department/analysis-seminar-math-department/list/?tribe-bar-date=2023-08-01
88622f-b6f237-31,University of South Florida,Mathematics,Analysis and PDEs in Metric spaces,https://secure.cas.usf.edu/depts/mth/research/seminars/analysis-pde/fall23/
887a30-8013d2-ae,University of Arkansas,Mathematics,Applied Mathematics Seminar,https://kaman.uark.edu/appliedmathseminar/
8892b9-461dfa-52,University of North Texas,Physics,Colloquia,https://physics.unt.edu/events/categories/colloquia-seminars/archives
88bbd0-2a4a7b-44,University of Louisville,Mathematics,Mathematical Biology Seminar,https://louisville.edu/math/seminars
88d340-bbecd7-92,University of Connecticut,Physics,"Atomic, Molecular, and Optical Physics Seminar",https://events.uconn.edu/physics-department/month/date/20230901
88e4bb-42a696-21,Clemson University,Mathematics,Analysis Seminar,https://www.math.clemson.edu/AnalysisSeminar/
88fb67-faa470-7e,University of Utah,Mathematics,Departmental Colloquium,https://www.math.utah.edu/research/colloquia/
8906b2-b81d67-a8,"University of California, Davis",Mathematics,Special Events,https://www.math.ucdavis.edu/research/seminars?type=10&when=past
894ef5-8a3df1-bc,"University of California, Santa Barbara",Chemistry,B. R. Baker Lecture,https://www.chem.ucsb.edu/news/events/seminars#baker
896fd1-6c9ee6-e3,University of Georgia,Chemistry,Analytical Seminar,https://www.chem.uga.edu/events/past?field_type_of_event_target_id=23&items_per_page=10&page=1
89982c-08ba85-47,"Graduate Center, CUNY",Mathematics,Set Theory Seminar,https://nylogic.github.io/set-theory-seminar.html
89a788-3b9677-f3,California Institute of Technology,Mathematics,Logic Seminars,https://logic.math.caltech.edu/
89d567-5244dd-f4,Florida State University,Computer Science,Colloquium,https://www.sc.fsu.edu/news-and-events/seminars
8a32d7-d047e6-85,"University of California, Riverside",Physics,Colloquium Series,https://www.physics.ucr.edu/colloquia-seminars
8a6862-b80f30-39,Georgia Institute of Technology,Chemistry,Chemistry Seminar,https://chemistry.gatech.edu/hg/past-events?page=2
8a805b-bac800-b1,"University of California, Irvine",Computer Science,Information Systems Group Talks,https://isg.ics.uci.edu/talks/
8a91b3-d684a2-21,University of Mississippi,Mathematics,Probability & Statistics Seminar,https://math.olemiss.edu/statistics-seminar/
8af320-b4b262-f6,Michigan State University,Mathematics,Applied Mathematics Seminar,https://math.msu.edu/research/seminar.aspx?seriesId=50
8b2ce9-dc67fb-5d,University of Houston,Physics,Physics Colloquium,https://uh.edu/nsm/physics/news-events/colloquium/
8b2f77-a35bb7-75,University of Houston,Mathematics,Partial Differential Equations Seminar,https://www.math.uh.edu/pde/pde-history.html
8b4552-5b11ca-ca,University of Wisconsin-Madison,Physics,Condensed Matter Theory Group Seminar,https://www.physics.wisc.edu/events/?year=2023&semester=Fall&name=CondensedMatter
8b4e81-dda4a0-23,Northwestern University,Mathematics,Analysis Seminar,https://www.math.northwestern.edu/activities/seminars/?group=AnSe&startDate=2023-11-07T06%3A00%3A00.000Z&endDate=2023-11-21T06%3A00%3A00.000Z&days=undefined
8b533f-e01c0b-a9,Rutgers University-New Brunswick,Mathematics,Logic Seminar,https://sites.math.rutgers.edu/~sthomas/seminar.html
8b63a1-adb166-94,Texas A&M University,Mathematics,Mathematical Biology Seminar,https://www.math.tamu.edu/seminars/Mathematical_Biology/
8bb43e-0dd591-fd,Ohio State University,Mathematics,Representations and Lie Theory Seminar,https://research.math.osu.edu/reps/seminars-Au23.html
8bd481-23905d-b6,Florida State University,Chemistry,Organic Seminar,https://www.chem.fsu.edu/seminars/?type=Organic
8be985-e22b73-3e,"University of California, Berkeley",Computer Science,EECS Colloquium,https://eecs.berkeley.edu/research/colloquium/archives/fall2023/
8bf661-4f6e95-52,Kent State University,Mathematics,Colloquium,https://www.kent.edu/math/events
8bf934-ec7527-99,Indiana University Bloomington,Mathematics,Departmental Colloquium,https://math.indiana.edu/seminars/index.html
8c10f4-e13fa1-d7,University of Connecticut,Mathematics,UConn Logic Colloquium,https://math.uconn.edu/calendar-2/
8c6d07-f3155b-6d,Cornell University,Computer Science,Theory Seminar,https://www.cs.cornell.edu/content/spring-2024-theory-seminar
8c8295-dcf26c-9b,"University of California, Berkeley",Mathematics,Colloquium,https://math.berkeley.edu/about/upcoming-events/department-colloquium/fall-2023-colloquium
8c8c3c-d564e1-49,"University of Maryland, College Park",Mathematics,Number Theory and Representation Theory,https://www-math.umd.edu/research/seminars/number-theory-and-representation-theory.html
8ca0e5-b8edeb-a4,Wayne State University,Mathematics,Probability and Statistics,https://events.wayne.edu/search/?q=probability+and+statistics
8cba67-ae989a-04,Cornell University,Mathematics,Algebraic Geometry Seminar,https://pi.math.cornell.edu/m/event-list-p/algebraicgeom
8cd459-fe4127-43,University of Oklahoma,Mathematics,Algebra and Representation Theory Seminar,https://math.ou.edu/events/seminars/arts
8cda65-139de9-65,University of Massachusetts Amherst,Mathematics,Reading Seminar on Automorphism Groups of Manifolds,https://www.umass.edu/mathematics-statistics/seminars/reading-seminar-on-automorphism-groups-of-manifolds?semester_tid=107
8cf2f4-781031-fa,University of Kansas,Chemistry,DyMERS Seminars,https://chem.ku.edu/about/seminars/dymers
8d24be-52d495-3b,Columbia University,Mathematics,Applied Probability Seminar Series,https://stat.columbia.edu/applied-probability-seminar-series/
8d2fe7-0b6506-38,Cornell University,Physics,Colloquia,https://physics.cornell.edu/upcoming-colloquia
8d3837-0ee3fa-79,Colorado State University,Mathematics,Applied Category Theory,https://csu-applied-category-theory.github.io/
8d473b-520b24-3d,Brown University,Chemistry,Chemistry Colloquium,https://chemistry.brown.edu/events/seminars
8daa09-344943-e1,"University of California, Berkeley",Mathematics,Northern California Geometry Seminar,https://events.berkeley.edu/math/month/date/20230801
8de2f5-51921e-2e,Florida International University,Mathematics,Colloquium,https://case.fiu.edu/mathstat/seminars/
8de565-6743ec-e5,Arizona State University,Chemistry,SMS Seminars,https://sms.asu.edu/about/SMS-Seminars#tab-id-2152-1/
8e15ad-7bf5c8-78,University of Pittsburgh,Chemistry,Seminars,https://www.chem.pitt.edu/events-seminars
8e1801-de6ab3-fd,"University of California, Berkeley",Chemistry,Organic Chemistry Seminar Lecture,https://events.berkeley.edu/chem/month/date/20230801
8e6fd4-8b26c1-14,"University of California, Berkeley",Physics,Physics Condensed Matter Seminar,https://events.berkeley.edu/physics/month/date/20230801
8e8971-ed2625-18,Stony Brook University,Chemistry,Engaging Undergraduates in Research Lecture Series,https://www.stonybrook.edu/commcms/chemistry/Seminars/PUI_LectureSeries.php
8ef5e6-862f90-29,"University of California, Santa Barbara",Mathematics,Seminar on Geometry and Arithmetic,https://sites.google.com/view/seminarongeometryandarithmetic/
8f2db6-f5b9e2-b9,"University of California, Irvine",Mathematics,Inverse Problems Seminar,https://www.math.uci.edu/seminars-calendar/month/2023-08
8f3c8b-97f8e7-e4,University of Oklahoma,Chemistry,Seminars,https://www.ou.edu/cas/chemistry/news-events/events/seminars
8f68f5-8c76fa-3b,"University of California, Berkeley",Mathematics,Serge Lang Lectures,https://math.berkeley.edu/about/events/lectures/serge-lang
8f6d42-5f019f-d3,Montana State University,Physics,Physics Colloquium,https://physics.montana.edu/news/collosched.html
8f83c8-44b530-a3,University of North Carolina at Chapel Hill,Chemistry,Inorganic Chemistry Seminars,https://chem.unc.edu/events-calendar/
8fcd0d-8c43a5-32,Ohio State University,Chemistry,Organic/Inorganic Seminars,https://www.chemistry.ohio-state.edu/events?field_evt_date_range_end_value_1=08%2F01%2F2023&field_evt_date_range_value=12%2F29%2F2023&field_evt_taxonomy2_target_id=57
8fe7da-2930c6-1b,Old Dominion University,Mathematics,Richard F. Barry Jr Seminar Series,https://www.odu.edu/math/seminar
90368f-0d4672-eb,Purdue University,Physics,Nuclear Physics Seminar,https://www.physics.purdue.edu/events/nuclear-physics-seminar/archive.html
905d6e-1462e5-2f,"University of California, Davis",Mathematics,Faculty Research Seminar,https://www.math.ucdavis.edu/research/seminars?type=30&when=past
90731d-d7251d-93,University of Wisconsin-Madison,Chemistry,Chemical Education Seminars,https://chem.wisc.edu/chemistry-education-seminars/
907bf9-56b6cb-0c,University of Florida,Mathematics,Algebra Seminar,https://people.clas.ufl.edu/jeremybooher/seminar/
90972a-c6d5a9-74,University of Tennessee,Mathematics,Geometry Seminar,https://calendar.utk.edu/department/mathematics/calendar/month/2023/11
90ec43-9f1fb5-27,University of North Carolina at Chapel Hill,Mathematics,Ergodic Theory Seminars,https://math.unc.edu/events/ergodic-theory/
9103cc-1faafd-4e,Boston University,Mathematics,Dynamical Systems Seminar,https://math.bu.edu/dynamics/seminar.html
910626-6f93b2-c8,"University of California, Los Angeles",Mathematics,Topology Seminar,https://secure.math.ucla.edu/seminars/show_quarter.php?t=1704182400&type=Topology&id=&tba=
910890-842604-65,Columbia University,Mathematics,Applied Mathematics Colloquium,https://www.apam.columbia.edu/applied-mathematics-colloquium-67
91528d-d70fde-e5,Duke University,Computer Science,Computer Science Colloquium,https://cs.duke.edu/events/can-one-model-rule-them-all-tailoring-large-language-models-specialized-domains-specific
91592c-c83293-04,University of Missouri,Physics,Astrophysics/Relativity Seminars,https://physics.missouri.edu/events/astrophysics-relativity
91a074-655cf0-b5,"University of California, Irvine",Mathematics,Dynamical Systems Seminar,https://www.math.uci.edu/seminars-calendar/month/2023-08
91ca8b-20baec-a2,Boston University,Chemistry,Monday Colloquium,https://www.bu.edu/chemistry/research/seminars/monday-colloquium-series-2023-2024/
91dd59-d2a922-05,"University of California, San Diego",Mathematics,Functional Analysis Seminars,https://mathweb.ucsd.edu/~pganesan/functional-analysis-seminar.html
9218fa-4573e3-8f,University of Minnesota,Mathematics,IMA Data Science Seminar,https://cse.umn.edu/ima/data-science-seminars
921db4-5edcc3-1e,"University of California, Berkeley",Mathematics,Informal String-Math Seminar,https://events.berkeley.edu/math/month/date/20230801
921f13-145e69-56,Boston University,Mathematics,Number Theory Seminars,https://math.bu.edu/research/algebra/seminar.html
922d4d-915a67-06,Stony Brook University,Computer Science,Distinguished Lecture,https://www.cs.stonybrook.edu/events
925d8e-21826d-9c,Oklahoma State University-Stillwater,Mathematics,Topology Seminar,https://www.mathdept.okstate.edu/announce/
92a5cc-aef83f-8d,Binghamton University,Computer Science,Invited Speaker Series,https://www.binghamton.edu/computer-science/about/speaker-series/index.html
92acb2-1f25a2-6a,Boston University,Mathematics,New England Dynamics Seminar,https://sites.brown.edu/joint-dynamics-seminar/
92f339-e8dfcc-61,Temple University,Physics,Seminars,https://phys.cst.temple.edu/seminars.html
92f997-15415a-f0,"University of California, San Diego",Physics,Physics Seminar,https://physics.ucsd.edu/events/seminars-colloquia
930bcf-5d8cd3-b3,Oregon State University,Mechanical Engineering,Materials and Devices Seminar,https://engineering.oregonstate.edu/events
934799-018a2f-93,Boston University,Mechanical Engineering,MechE Spring Seminar Series,https://www.bu.edu/eng/news-events/events-calendar/?eid=278259
935aef-d278ba-ac,"University of California, Los Angeles",Mathematics,Probability Seminar,https://secure.math.ucla.edu/seminars/show_quarter.php?t=1704182400&type=Probability&id=&tba=
936047-ffa5fb-ed,Clemson University,Computer Science,School of Computing Seminars,https://www.clemson.edu/cecas/departments/computing/news-events/seminar/index.html
9368ce-daae78-f7,Kansas State University,Mathematics,M-Seminar,https://www.math.ksu.edu/research/centers-groups/m-center/seminars.html
938cf3-201780-68,Stony Brook University,Physics,Physics and Astronomy Colloquium,https://www.stonybrook.edu/commcms/physics/events/colloquium.php?accordion=content-d19e300
939278-c83e19-d9,University of Pennsylvania,Mathematics,Math-Physics Joint Seminar,https://www.math.upenn.edu/events/seminars/math-physics-joint-seminar
939f3c-b0f39d-6e,University of Minnesota,Chemistry,Departmental Seminar,https://cse.umn.edu/chem/past-seminars-events?field_category_target_id=4081
93c229-58ef11-36,Carnegie Mellon University,Computer Science,Human-Computer Interaction Seminar,https://hcii.cmu.edu/seminar-series
93cb37-006186-d4,University of Michigan,Mathematics,Commutative Algebra,https://lsa.umich.edu/math/seminars/seminars-and-colloquia/commutative-algebra.html#date=2024-03-10&view=month
93e080-b3e46c-a0,"University of California, Berkeley",Mathematics,Commutative Algebra and Algebraic Geometry Seminar,https://events.berkeley.edu/math/month/date/20230801
944599-aba4e5-da,Tulane University,Mathematics,AMS/AWM Seminar,https://tulane.app.box.com/s/wbnght44vdkawuvb7abkylx2z503cqip
948e19-f5b647-93,New York University,Mathematics,Harmonic Analysis and Signal Processing Seminar,https://math.nyu.edu/~gunturk/Seminar_Schedule.html
949156-8d5fe1-5f,"University of Maryland, College Park",Mathematics,Mathematical Data Science,https://www-math.umd.edu/research/seminars/mathematical-data-science.html
94968b-af2b90-21,Boston University,Physics,HET Seminar,https://www.bu.edu/physics/events/?date=20231101&topic=8184
94b6c0-dfe052-ec,Wayne State University,Physics,Physics & Astronomy Colloquium,https://clas.wayne.edu/physics/seminars/physics
94d027-450cf9-35,University of Notre Dame,Mathematics,Discrete Mathematics Seminars,https://math.nd.edu/events/calendar/discrete-mathematics-seminar/
94dccd-adb6ce-92,Rutgers University-New Brunswick,Physics,Center for Quantitative Biology,https://cqb.rutgers.edu/news-events/past-events
94de49-8f870a-93,Arizona State University,Chemistry,Materials Science & Engineering Seminars,https://semte.engineering.asu.edu/seminars/
95382e-d29ef6-f4,Texas Tech University,Chemistry,Departmental Seminar,https://www.depts.ttu.edu/chemistry/Seminars/fall23.php
954a40-a4f705-52,University of Michigan,Mathematics,"Group, Lie and Number Theory",https://lsa.umich.edu/math/seminars/seminars-and-colloquia/group-lie-number-theory.html#view=week
95accd-4b4be7-a9,"University of California, Santa Barbara",Mathematics,Mathematics Colloquium,http://www.math.ucsb.edu/~dai/colloquia2013.html
95b948-4f138e-0c,University of Southern Mississippi,Mechanical Engineering,Seminars,https://www.usm.edu/polymer-science-engineering/seminar-schedule.php
95f15d-fa9e6a-f7,Florida State University,Physics,Astrophysics Seminar,https://physics.fsu.edu/news-events/astrophysics-seminar
95f835-0ffd71-af,Arizona State University,Computer Science,Seminars,https://scai.engineering.asu.edu/invited-talks-and-lectures/
9615e8-4f1bf5-b1,University of Notre Dame,Physics,Nuclear Physics Seminar,https://physics.nd.edu/news-events/events/calendar/nuclear-seminar/
96213c-5545cc-02,Louisiana State University,Mathematics,Algebra and Number Theory Seminar,https://www.math.lsu.edu/calendar?selecttime=all&selectevent=Algebra+and+Number+Theory+Seminar
962ddf-492353-c4,Georgia Institute of Technology,Computer Science,IDEaS Generative AI Seminar,https://www.cc.gatech.edu/events/2023/10/31/ideas-generative-ai-seminar-adobe-firefly-empowering-human-creativity-generative
962ebc-998abd-e7,"University of Nevada, Las Vegas",Physics,Forum,https://www.physics.unlv.edu/schedules/forums-past/forum-F23.html
963763-62c1c9-82,University of Memphis,Mathematics,Functional Analysis Seminar,https://www.memphis.edu/msci/news/calendar.php
9646c4-ad5395-b2,Carnegie Mellon University,Computer Science,"Algorithms, Combinatorics and Optimization Seminar (ACO)",https://aco.math.cmu.edu/seminar.html
965cb6-82226f-71,Princeton University,Physics,Donald Ross Hamilton Colloquia,https://phy.princeton.edu/events/donald-r-hamilton-colloquium-series/past-hamilton-lecture-speakers
966b0e-486f89-78,Michigan State University,Computer Science,CMSE Seminar,https://cmse.msu.edu/NewsEvents/cmse_seminar/cmse_seminar.aspx
9696e1-6c9766-c3,Stony Brook University,Physics,Joint SBU/BNL Cosmology Seminar,https://www.stonybrook.edu/commcms/physics/events/seminars
96a32d-1bc325-b2,University of Colorado Denver,Chemistry,Kohn-Damrauer Lectureship,https://clas.ucdenver.edu/chemistry/seminars-and-events/kohn-damrauer-endowed-chemistry-lectureship
96ac5b-1dd134-5d,Johns Hopkins University,Physics,Experimental Particle Physics Seminars,https://physics-astronomy.jhu.edu/series/experimental-particle-physics-seminar-series/
96afb3-38b0d9-92,"University of California, Los Angeles",Physics,HEAP Seminars,https://heapsem.pa.ucla.edu/
96c414-37e233-ec,Kent State University,Mathematics,Computational and Applied Math Seminar,https://www.math.kent.edu/~zheng/AppliedMathSeminar.html
97048e-ee239f-fb,Boston University,Computer Science,Colloquium Series,https://www.bu.edu/rhcollab/events/colloquium-series/
971367-5fd2fe-05,Louisiana State University,Physics,Physics & Astronomy Colloquium,https://www.lsu.edu/physics/colloquia-seminars/fall_2023.php
975048-4cf33b-e4,Columbia University,Mathematics,Geometric Topology Seminar,https://www.math.columbia.edu/department/gtseminar/
976118-42ee8a-f6,Auburn University,Chemistry,Chemistry and Biochemistry Colloquia,https://www.auburn.edu/academic/cosam/departments/chemistry/colloquium/index.htm
979236-3b96d8-be,"University of California, Los Angeles",Chemistry,Physical Chemistry Seminar 228,https://www.chemistry.ucla.edu/calendar/month/2023-09/
97b4bc-abdb40-4c,George Mason University,Mathematics,"Topology, Algebraic Geometry and Dynamics Seminar (TADS)",https://science.gmu.edu/academics/departments-units/mathematical-sciences/topology-algebraic-geometry-and-dynamics-seminar
97bbac-0098cb-fc,"University of California, Santa Cruz",Physics,Condensed Matter Seminar,https://www.physics.ucsc.edu/news-events/condensed/index.html
982bbb-b3e980-34,Clemson University,Physics,Atmospheric and space physics seminar,https://www.clemson.edu/science/academics/departments/physics/news-events/seminars.html
9842ab-884d58-36,"University of California, Berkeley",Mathematics,Quantum Many-Body Seminar,https://github.com/lin-lin/Quantum290
9874cf-ce5618-5e,Oregon State University,Physics,Physics Colloquia,https://physics.oregonstate.edu/physics-news-events/colloquia
988554-4c0175-a3,Florida State University,Chemistry,CBE Seminar,https://eng.famu.fsu.edu/event/cbe-seminar-joseph-schlenoff-0
9887a8-15e5a5-3f,Oregon State University,Mathematics,Mathematical Biology Seminar,https://internal.math.oregonstate.edu/events?type=13&search=
98d306-642ad6-08,Drexel University,Mechanical Engineering,Seminar Series,https://drexel.edu/engineering/academics/departments/mechanical-engineering/events/seminar-series/
991e5a-a4de9a-5b,University of Illinois Urbana-Champaign,Chemistry,Organic Chemistry Seminar,http://illinois.edu/calendar/list/513
9925a0-0b98ae-81,University of Texas at Dallas,Mathematics,"Geometry, Topology, Dynamical Systems Seminar",https://math.utdallas.edu/geometry-topology-dynamical-systems-seminar/
994e47-382084-10,Rice University,Mathematics,Geometry Seminar,https://docs.google.com/document/d/1Wexd3zT6DIE8tV-E-u51Ho_MePtgXsQodGAY-blCGnw/edit
99643c-f7005c-63,"Graduate Center, CUNY",Mathematics,Harmonic Analysis & PDE Seminar,https://sites.google.com/view/cuny-hapde/home
998a0a-27643d-a5,University of Pennsylvania,Mathematics,Analysis Seminar,https://www.math.upenn.edu/events/seminars/analysis-seminar
99ed4c-d932fe-68,University of Colorado Boulder,Mathematics,Mathematical Physics Seminar,https://math.colorado.edu/seminars/
9a0854-d090f0-23,Oklahoma State University-Stillwater,Chemistry,Chemistry Seminars,https://cas.okstate.edu/department_of_chemistry/department_of_chemistry_seminars.html
9a38e8-b24e10-29,Northeastern University,Physics,Physics Colloquium,https://cos.northeastern.edu/events/physics-colloquium-prof-jeff-gore-mit/
9a8e4d-37d2aa-29,University of Michigan,Mathematics,Integrable Systems and Random Matrix Theory,https://lsa.umich.edu/math/seminars/seminars-and-colloquia/integrable-systems-random-matrix-theory.html#view=week
9ab20d-3feb9d-82,Baylor University,Mathematics,Analysis Seminar,https://sites.baylor.edu/brian_simanek/analysis_seminar/
9ada1a-06a217-96,University of Connecticut,Mathematics,Analysis and Probability Seminar,https://math.uconn.edu/calendar-2/
9b0a83-311bc4-74,"University of California, San Diego",Mechanical Engineering,"Fluid Mechanics, Combustion, & Engineering Physics",https://mae.ucsd.edu/seminars/archives?field_seminar_series_target_id=6
9b11b5-fd84b9-6b,Auburn University,Mathematics,Applied and Computational Mathematics Seminar,https://auburn.edu/cosam/mathseminar/index.htm
9b1836-4fa550-a3,"University of California, Los Angeles",Mathematics,Colloquium,https://secure.math.ucla.edu/seminars/show_quarter.php?t=1704182400&type=Colloquium&id=&tba=1
9b4494-e6a770-22,New Jersey Institute of Technology,Mathematics,Statistics Seminar,https://math.njit.edu/statistics-seminar-fall-2023
9b5023-8bf5b0-ca,"University of California, Santa Barbara",Mechanical Engineering,Seminar,https://me.ucsb.edu/events?field_event_type_value=seminar&keys=&field_event_date_value%5Bvalue%5D%5Bdate%5D=
9b6e32-7c4709-00,"University of California, Davis",Physics,QMAP Particles/Cosmology Seminar,https://physics.ucdavis.edu/news-events/colloquia-and-seminars/qmap-calendar
9b91c5-cdf862-34,Florida State University,Mechanical Engineering,Distinguished Seminar Series,https://eng.famu.fsu.edu/event/distinguished-seminar-series-ronald-larson-phd
9b961d-1d6422-ee,University of Pennsylvania,Mathematics,Probability and Combinatorics,https://www.math.upenn.edu/events/seminars/probability-and-combinatorics
9bb845-14335d-15,Purdue University,Mechanical Engineering,Purdue ME Distinguished Seminar Series,https://engineering.purdue.edu/ME/Seminars
9bc45b-7e5f12-c5,Princeton University,Mathematics,Analysis Seminar,https://www.math.princeton.edu/events/seminars/analysis-seminar/archive/254
9bc912-aec49e-62,Indiana University Bloomington,Mathematics,Logic Seminar,https://math.indiana.edu/seminars/index.html
9bd382-d00cff-19,University of Georgia,Chemistry,Organic Seminar,https://www.chem.uga.edu/events/past?field_type_of_event_target_id=20&items_per_page=10&page=0
9be8e9-d6e229-4f,"University of California, Berkeley",Mathematics,Probability Seminar,https://events.berkeley.edu/math/month/date/20230801
9bf44a-1fbf46-ac,University of Virginia,Physics,Atomic Physics Seminars,http://www.physics.virginia.edu/Announcements/talk-list.asp?GID=atomic_sem_committee&ORDER=desc&OMITNULL=1&MAXTALK=50&SHOWMORE=1
9c4f45-9106df-57,Ohio State University,Mathematics,Geometric Theory and Topology Seminar,https://sites.google.com/view/topoandggt/fall-2023?authuser=0
9c7aba-df7b87-40,Massachusetts Institute of Technology,Chemistry,Inorganic Chemistry Seminars,https://chemistry.mit.edu/wp-content/uploads/2024/02/Seminar-official-schedule-Updated-2_15.pdf
9c8930-de0b8f-5b,University of Utah,Physics,Condensed Matter/Biophysics,https://web.physics.utah.edu/~heap/
9cb837-8982bd-b2,University of North Carolina at Chapel Hill,Chemistry,Analytical Chemistry Seminars,https://chem.unc.edu/events-calendar/
9dde82-2cf9a0-89,"University of California, Irvine",Physics,Physics Department Colloquium,https://www.physics.uci.edu/seminars?field_date_value%5Bvalue%5D%5Byear%5D=2023&field_date_value%5Bvalue%5D%5Bmonth%5D=8&field_date_value%5Bvalue%5D%5Bday%5D=1
9dfc3d-e02114-c7,Cornell University,Computer Science,Graphics-Vision Seminar,https://www.cs.cornell.edu/courses/cs7690/2023sp/
9e1636-773cc0-d6,University of Wisconsin-Madison,Mathematics,Physical Applied Math,https://wiki.math.wisc.edu/index.php/Applied/Physical_Applied_Math/Fall2023
9e7616-191888-ca,Texas A&M University,Mathematics,Seminar in Random Tensors,https://www.math.tamu.edu/seminars/randomtensors/
9ec117-a13f2f-a7,University of Colorado Boulder,Physics,Condensed Matter Seminar,https://physicscourses.colorado.edu/seminars/cmpseminar/index.html
9eec13-bdb8fa-21,University of Michigan,Mathematics,"RTG Seminar on Geometry, Dynamics and Topology",https://lsa.umich.edu/math/seminars/seminars-and-colloquia/rtg-seminar-geometry-dynamics-topology.html#view=month
9f0f10-9218b6-47,Baylor University,Physics,Department Colloquium Series,https://physics.artsandsciences.baylor.edu/colloquia-and-seminars
9f7851-d7e9fe-64,Washington State University,Mathematics,Colloquia,https://www.math.wsu.edu/Calendar/colloquia.php
9f8c2c-63a362-7c,University of Michigan,Computer Science,Systems Seminars,https://cse.engin.umich.edu/events/all-seminars/systems/
9f9034-b4d1c1-a2,University of Miami,Physics,Seminars,https://physics.as.miami.edu/events/seminars/index.html
9f98e4-dab545-75,George Mason University,Mathematics,"Geometry MMA: Metrics, Measures, and Algorithms",https://science.gmu.edu/academics/departments-units/mathematical-sciences/geometry-mma-metrics-measures-and-algorithms
9fba06-8ec63c-1d,University of Iowa,Mathematics,Seminars,https://math.uiowa.edu/events/seminars
a030d1-c9bb9f-01,Virginia Tech,Mechanical Engineering,RADS Speaker Series,https://me.vt.edu/news/speakerseries/distspeaker-rads.html
a082c6-8a899c-90,Purdue University,Chemistry,Biochemistry Seminar,https://www.chem.purdue.edu/about_us/calendar.html
a09b69-ac54b3-f9,University of Oklahoma,Mathematics,Analysis Seminar,https://math.ou.edu/events/seminars/analysis
a0def1-6db309-2d,Princeton University,Chemistry,Chemical Biology Seminar,https://chemistry.princeton.edu/department/seminars-events/?event_range=past&event_type=8&event_research_area=223&event_search=
a0e96a-89bd69-cd,University of Illinois Urbana-Champaign,Chemistry,Inorganic/Materials Chemistry Seminars,http://illinois.edu/calendar/list/484
a14b0f-e0e173-7a,University of Massachusetts Amherst,Mathematics,Geometry & Topology Seminar,https://www.umass.edu/mathematics-statistics/seminars/geometry-and-topology-seminar?semester_tid=107
a1547d-8134c1-b4,University of Colorado Boulder,Mathematics,Mathematics Education Seminar,https://math.colorado.edu/seminars/
a1a896-494645-f2,Auburn University,Mathematics,Seminars on Analysis and Stochastic Analysis (SASA),https://webhome.auburn.edu/~lzc0090/SASA.html
a1ac90-07c9ce-ff,Carnegie Mellon University,Mathematics,CNA Seminars,https://www.cmu.edu/math/cna/events/seminars.html
a1b047-9256cd-f3,University of New Mexico,Chemistry,Department of Chemistry and Chemical Biology Seminars,https://chemistry.unm.edu/news-events/upcoming-seminars.html
a1b52a-496f63-f3,University of Pennsylvania,Mechanical Engineering,Mechanical Engineering and Applied Mechanics,https://events.seas.upenn.edu/calendar/tag/meam/list/
a1e3a6-90a657-61,Case Western Reserve University,Physics,Colloquia,https://physics.case.edu/colloquia/
a2237f-432669-4e,University of Georgia,Mathematics,Applied Math,https://calendar.google.com/calendar/u/0/embed?src=hsfopotkfln0n0fn6brslot3o8@group.calendar.google.com&ctz=America/New_York
a23799-803c98-39,Massachusetts Institute of Technology,Physics,Nuclear and Particle Theory Seminar,https://physics.mit.edu/research/labs-centers/center-for-theoretical-physics/nuclear-and-particle-theory-seminar/
a34241-75b6e8-13,University of Kentucky,Mathematics,Teaching and Learning Mathematics Seminar,https://math.as.uky.edu/teach-seminar
a345dd-5d70f7-3d,University of Memphis,Mathematics,Ergodic Theory Seminar,https://www.memphis.edu/msci/news/calendar.php
a36911-821b50-d5,Johns Hopkins University,Mathematics,Topology Seminar,https://jhu-top-seminar.github.io/
a36cf6-18d576-61,University of Oregon,Computer Science,Colloquium,https://www.cs.uoregon.edu/cas-page.php?event=all
a3b69c-38deea-56,Northeastern University,Chemistry,Chemistry & Chemical Biology Dept. Seminar,https://calendar.northeastern.edu/event/chemistry_chemical_biology_dept_seminar_8960
a3e1f0-566b71-c5,Auburn University,Mathematics,Discrete Math - Combinatorics Seminars,https://www.auburn.edu/cosam/departments/math/research/seminars/combinatorics-seminar.htm
a3e911-55a010-dd,Carnegie Mellon University,Computer Science,Principles of Programming Seminar,https://www.cs.cmu.edu/~pop/seminar/
a41714-3d989b-a0,Wayne State University,Computer Science,CS Seminar,https://events.wayne.edu/category/seminar/2023/09/
a424e9-cbf2fe-e2,University of Alabama,Mathematics,Applied Math Seminar,https://math.ua.edu/events/category/math-department/applied-math-seminar/list/?tribe-bar-date=2023-08-01
a43131-f167c3-e8,University of Georgia,Mathematics,Topology,https://calendar.google.com/calendar/u/0/embed?src=gk8klfjh7i9pthrv1cp8c8bj8c@group.calendar.google.com&ctz=America/New_York
a4714d-75c127-2e,Kansas State University,Mathematics,Function Theory Study Seminar,https://www.math.ksu.edu/research/centers-groups/group/analysis/ftss.html
a47318-b1b4f9-4f,University of Texas at Dallas,Mathematics,Algebra and Combinatorics Seminar,https://math.utdallas.edu/algebra-and-combinatorics-seminar/
a49036-090587-5e,Pennsylvania State University,Mathematics,Teaching and Learning Seminar,https://math-cal.cloud.science.psu.edu/events/seminar/393/2023
a4a3a6-a63ecd-6a,Brown University,Mathematics,Combinatorics Seminar,https://sites.google.com/brown.edu/combo/home
a4cc96-3a4fcd-87,Johns Hopkins University,Mechanical Engineering,Environmental and Applied Fluid Mechanics Seminar Series (CEAFM),https://engineering.jhu.edu/ceafm/seminar-series-spring-2024/
a4db6c-5f221e-51,University of Texas at Dallas,Chemistry,Department Seminar Series,
a4f368-ab3bf5-a9,University of New Mexico,Mathematics,Algebra and Geometry Seminar,https://math.unm.edu/news-events/events/calendar/month/2023-09
a4f3b3-216f2e-9e,"Graduate Center, CUNY",Mathematics,Kolchin Seminar in Differential Algebra,https://sites.google.com/view/kolchin2021
a50758-ea56e4-c7,University of South Florida,Chemistry,Departmental Seminars,https://www.usf.edu/arts-sciences/departments/chemistry/about-us/eventspage/index.aspx
a50955-0eccf9-9b,"University of California, Riverside",Chemistry,CHEM 250 Seminar,https://chem.ucr.edu/events
a515b8-c69bee-22,"University of California, Berkeley",Mathematics,Combinatorics Seminar,https://events.berkeley.edu/math/month/date/20230801
a5680d-f44328-c3,"University of California, San Diego",Mechanical Engineering,Energy: Joint Mechanical & Aerospace Engineering Dept & Center for Energy Research,https://mae.ucsd.edu/seminars/archives?field_seminar_series_target_id=5
a587a6-565588-70,Rutgers University-New Brunswick,Mathematics,Lie Group/Quantum Mathematics Seminar,https://sites.math.rutgers.edu/~yzhuang/rci/math/lie-quantum.html
a5987b-0dc13f-94,California Institute of Technology,Chemistry,CCE Seminars: Organic Chemistry Seminar,https://cce.caltech.edu/news-and-events/cce-seminars/organic-chemistry/organic-chemistry
a5a6ab-bdb564-e6,Florida State University,Chemistry,Departmental Seminar,https://www.chem.fsu.edu/seminars/
a61434-2e4287-f4,Columbia University,Mathematics,Informal Complex Geometry and PDE,https://math.columbia.edu/~wangchuwen/seminar
a66aec-c6eeaf-57,Rice University,Mathematics,RTG Seminar,https://docs.google.com/document/d/1aqMtR4Xiqh5HwbPJnpo4gtetr6lx_I9KueRyo0fvp4A/edit
a67823-9e13a0-05,Tufts University,Mathematics,Ergodic and Dynamical Systems Seminar,https://sites.tufts.edu/dynsyssem/archive/
a68b20-2b1a3e-b6,"Graduate Center, CUNY",Mathematics,Nonlinear Analysis Seminar,https://www.math.csi.cuny.edu/~mlucia/Seminars/index.html
a692bb-accbaf-38,Louisiana State University,Chemistry,Organic Seminar,https://www.lsu.edu/science/chemistry/seminars/divison-seminars.php
a695c2-495355-e5,North Carolina State University,Mathematics,Symbolic Computation Seminar,https://math.sciences.ncsu.edu/events/category/symbolic-computation-seminar/list/?eventDisplay=past
a6ae3c-9eebd9-3e,"University of California, Los Angeles",Mathematics,Functional Analysis Seminar,https://secure.math.ucla.edu/seminars/show_quarter.php?t=1704182400&type=Functional%20Analysis&id=&tba=
a6dc14-dfb760-a7,University of Michigan,Mathematics,Algebraic Geometry Learning Seminar,
a717e0-9977cf-a3,University at Buffalo,Mathematics,Geometry and Topology Seminar,https://www.buffalo.edu/cas/math/news-events/calendar.html#title_1714411604_cop_722274259
a73341-50e535-78,Temple University,Mathematics,Geometry and Topology Seminar,https://www.math.temple.edu/events/seminars/geometry/2023/
a74ca3-1b760b-60,University at Buffalo,Computer Science,CSE Distinguished Speaker Series,https://engineering.buffalo.edu/computer-science-engineering/news-and-events/events/cse-distinguished-speaker-series.html#2022-2023
a7924a-b6a6a3-a6,Georgia Institute of Technology,Mechanical Engineering,COE/Structural Mechanics Seminar,https://www2.me.gatech.edu/www/calendar/view_seminar.asp?speaker=Samantha%20Daly&startDate=3/7/2024&startTime=11:00%20AM
a7a2be-4366d4-82,Colorado State University,Mathematics,Topology Seminar,https://sites.google.com/view/csu-applied-topology
a7f0f5-de25f2-3b,Ohio State University,Mathematics,Ergodic Theory,https://u.osu.edu/ergodictheory/
a806c0-927eb0-c9,Indiana University Bloomington,Chemistry,Analytical Chemistry Seminar,https://www.chem.indiana.edu/internal-tools/seminar-information/
a810a5-44c11c-29,University of Rochester,Chemistry,Chemistry Colloquium,https://www.sas.rochester.edu/chm/news-events/events/localist-archive.html
a8463d-b804a0-55,Louisiana State University,Mathematics,Applied Analysis Seminar,https://www.math.lsu.edu/calendar?selecttime=past_year&selectevent=Applied+Analysis+Seminar
a881c1-febdd1-39,Louisiana State University,Mathematics,Probability Seminar,https://www.math.lsu.edu/calendar?selecttime=past_year&selectevent=Probability+Seminar
a8ad26-62426b-bb,Kansas State University,Physics,AMO Seminars,https://jrm.phys.ksu.edu/Seminars/seminar.asp
a8c68b-d20375-ee,"University of Maryland, College Park",Mathematics,Norbert Wiener Center Seminar,https://www-math.umd.edu/research/seminars/norbert-wiener-center-seminar.html
a94eed-d22c7a-3e,"University of California, Los Angeles",Mathematics,Participating Analysis Seminar,https://secure.math.ucla.edu/seminars/show_quarter.php?t=1704182400&type=Participating%20Analysis&id=&tba=
a95938-ecfa92-b1,Georgia State University,Chemistry,Chemistry Seminar Series,https://chemistry.gsu.edu/chemistry-seminar-series/
a98713-91c200-21,Wayne State University,Mathematics,Algebra Seminar,https://events.wayne.edu/search/?q=mathematics+algebra
a9a63a-9b0ca5-79,George Mason University,Mathematics,CMAI (Center for Mathematics and Artificial Intelligence) Colloquium,https://cmai.gmu.edu/events/
a9c94f-989de5-4e,University of Pennsylvania,Chemistry,Inorganic Chemistry Seminars,https://www.chem.upenn.edu/events/past-events?page=4
a9dcf6-50da4f-67,Purdue University,Mathematics,Geometry and Geometric Analysis Seminar,https://sites.google.com/view/purdue-gga/past-semesters/fall-2023?authuser=0
a9de72-b06fbc-62,University of South Florida,Chemistry,Organic Chemistry Colloquium,https://www.usf.edu/arts-sciences/departments/chemistry/about-us/eventspage/colloquium.aspx
a9f288-c84ed6-9e,Northwestern University,Mathematics,Geometry/Physics Seminar,https://www.math.northwestern.edu/activities/seminars/?group=GeSe&startDate=2023-10-30T05%3A00%3A00.000Z&endDate=2023-11-13T06%3A00%3A00.000Z&days=undefined
aa03a2-594fb3-26,"University of California, Davis",Mathematics,Colloquium,https://www.math.ucdavis.edu/research/seminars?type=7&when=past
aa51ec-d06624-43,North Carolina State University,Physics,CMB Seminar,https://physics.sciences.ncsu.edu/events/category/cmb-seminar/list/?eventDisplay=past
aa6aa6-44abcc-dc,"University of California, Berkeley",Mathematics,Harmonic Analysis and Differential Equations Seminar,https://events.berkeley.edu/math/month/date/20230801
aa7cf7-8fb7fe-93,"University of California, Irvine",Mathematics,Combinatorics and Probability Seminar,https://www.math.uci.edu/seminars-calendar/month/2023-08
aa9a1f-0ccbcd-fa,Massachusetts Institute of Technology,Mathematics,Applied Mathematics Colloquium,https://math.mit.edu/amc/
aaff07-b68a80-f2,Virginia Commonwealth University,Mechanical Engineering,Seminars,https://egr.vcu.edu/departments/mechanical/news-events/seminars/
ab1a5b-0a633b-fc,University of Michigan,Mathematics,Algebraic Geometry Seminars,
ab345a-5a7183-77,University of Louisiana at Lafayette,Mechanical Engineering,MCHE Seminar Series,https://engineering.louisiana.edu/news-events/events/20190221/mche-seminar-series
ab4ac2-ac78c6-2b,Duke University,Mathematics,Probability Seminar,https://math.duke.edu/probability-events
ab4d7f-6506ca-f6,Massachusetts Institute of Technology,Chemistry,Chemical Biology Seminars,https://chemistry.mit.edu/wp-content/uploads/2023/11/AY2023-8_ChemBioSeminarsSchedule_CurrentVersion21.pdf
ab4e9d-52f894-97,"University of Nevada, Reno",Mathematics,Colloquium,https://www.unr.edu/math/about-the-department/colloquium
ab5b4e-4221d6-e8,"University of California, Los Angeles",Mathematics,Combinatorics Seminar,https://secure.math.ucla.edu/seminars/show_quarter.php?t=1704182400&type=Combinatorics&id=&tba=
ab72ad-fe0769-8d,University of Utah,Computer Science,Seminars,https://www.ece.utah.edu/news-2/seminars/
ab89a7-a8e628-1a,Columbia University,Mathematics,Analysis Seminar,https://www.math.columbia.edu/~egiorgi/seminar-ga.html
abb873-dc3dd8-eb,University of Minnesota,Mathematics,Commutative Algebra & Algebraic Geometry Seminar,https://sites.google.com/view/umncaagseminar
ac530a-4b1327-25,University of Kentucky,Physics,String Seminars,https://pa.as.uky.edu/event-archive/type/11903
ac90d5-0efae8-e0,Kansas State University,Mathematics,Combinatorics Seminar,https://www.math.ksu.edu/research/combinatorics/combinatorics.html
ac954d-8f3d91-cf,University of South Carolina,Mathematics,RTG Seminars on Data Science,https://sc.edu/study/colleges_schools/artsandsciences/mathematics/beyond_classroom/colloquia_and_seminars/rtg_data_science/index.php
ac9f50-100f05-13,Michigan State University,Mathematics,Cluster Algebras,https://math.msu.edu/research/seminar.aspx?seriesId=86&fromDate=Fri%20Aug%2025%202023
acd58d-ff3e9f-9d,Michigan State University,Mathematics,Probability Seminar,https://math.msu.edu/research/seminar.aspx?seriesId=67
ad6384-8a3e57-ec,Massachusetts Institute of Technology,Physics,Chez Pierre Seminar Series,https://physics.mit.edu/events/chez-pierre-seminar-series/
adf7f5-75af74-d9,"University of California, Irvine",Mathematics,Number Theory Seminar,https://www.math.uci.edu/seminars-calendar/month/2023-08
ae42f6-b61c0f-df,Kansas State University,Mathematics,Analysis Seminar,https://www.math.ksu.edu/research/centers-groups/group/analysis/analysis_seminar.html
ae4ec7-9ec772-a7,University of Illinois Urbana-Champaign,Physics,Astronomy Colloquium and Seminars,https://physics.illinois.edu/calendar/seminars/2054
ae934f-104f9e-3e,University of Delaware,Physics,Fluids and Plasma Seminar,https://www.physics.udel.edu/events/seminar
aeac91-ff22e5-0f,Kent State University,Physics,Physics Colloquium,https://www.kent.edu/physics/physics-colloquium-fall-2023
aed7a8-b70d7e-ce,New York University,Mathematics,Algebraic Geometry Seminar,https://math.nyu.edu/dynamic/calendars/seminars/algebraic-geometry-seminar/
aef5f9-0d5cd2-1d,University of Kansas,Chemistry,Analytical Seminars,https://chem.ku.edu/analytical-seminars
af1460-826c08-0e,Georgia Institute of Technology,Physics,Soft Condensed Matter Seminar,https://physics.gatech.edu/event/soft-condensed-matter-seminar-prof-byung-kim
af3844-951c38-71,University of Chicago,Mathematics,Geometric Analysis Seminar,http://math.uchicago.edu/~geometric_analysis/
af45b1-443860-df,University of Nebraska-Lincoln,Physics,Colloquia,https://www.unl.edu/physics/2023-2024-colloquia-schedule
af51ae-d92723-a1,Emory University,Physics,Physics Department Colloquium,https://physics.emory.edu/home/news/index.html?trumbaEmbed=view%3Devent%26eventid%3D169227492
af569e-da84d9-4a,University of Kentucky,Physics,Physics Colloquia,https://pa.as.uky.edu/event-archive/type/4272
af6b42-972c4b-19,Washington University in St. Louis,Chemistry,Chemistry Seminars,https://chemistry.wustl.edu/past-events/2023
af89ff-7ede2e-96,University of Washington,Mathematics,Colloquia,https://math.washington.edu/events/colloquia
afba9e-31642c-f5,University of Tennessee,Computer Science,EECS Seminar,https://calendar.utk.edu/min_hkao_electrical_engineering_amp_computer_science_740/calendar/month/2023/11
afc242-173044-7a,Georgia Institute of Technology,Chemistry,Center for Computational Molecular Science and Technology (CCMST) Seminar,https://chemistry.gatech.edu/hg/past-events?page=2
afe312-a22bbc-f8,Vanderbilt University,Chemistry,Colloquium Schedule,https://as.vanderbilt.edu/chemistry/colloquium-schedule/
aff408-0cd9a5-42,Stony Brook University,Computer Science,Seminar,https://www.cs.stonybrook.edu/events
aff580-acc8c6-db,Massachusetts Institute of Technology,Mathematics,Geometry and Topology Seminar,https://math.mit.edu/~joshuaxw/mitseminar/
b02679-21eb6a-dc,Stanford University,Chemistry,Organic Chemistry Seminar,https://chemistry.stanford.edu/events/organic-chemistry-seminar
b04b3f-df2ff3-a8,University of Wisconsin-Milwaukee,Physics,Physics Colloquium,https://uwm.edu/physics/events/list/?tribe-bar-date=2023-08-01
b05863-83eaeb-5d,University of Wisconsin-Madison,Physics,R.G. Herb Condensed Matter Seminar,https://www.physics.wisc.edu/events/?year=2023&semester=Fall
b07d29-39a9fe-38,Pennsylvania State University,Mathematics,Theoretical Biology Seminar,https://math-cal.cloud.science.psu.edu/events/seminar/441/2023
b08a08-4c30f0-4b,Ohio State University,Physics,Biophysics Seminar,https://www.asc.ohio-state.edu/physics/bio/seminar.html?_gl=1*7eezbk*_ga*NTI1NzA4NDU1LjE3MTYzMDYzNzI.*_ga_09WC99HMPE*MTcxNjMwNjM3Mi4xLjEuMTcxNjMwNzM4My4wLjAuMA..
b08eb8-ad139d-c3,University of Florida,Mathematics,Applied and Numerical Analysis,https://na.math.ufl.edu/naseminar/
b0d500-f9450d-78,Washington University in St. Louis,Physics,Space Sciences/Astrophysics Seminar,https://physics.wustl.edu/past-events/2026
b0da10-512276-fb,California Institute of Technology,Computer Science,Keller Colloquium in Computing + Mathematical Sciences,https://www.cms.caltech.edu/news-events/keller-colloquium
b0ef3e-af0204-25,University of Illinois Urbana-Champaign,Physics,Mathematical and Theoretical Physics Seminar,https://physics.illinois.edu/calendar/seminars/1963
b108e7-4d62ab-cf,Tulane University,Mathematics,Geometry & Topology Seminar,https://sse.tulane.edu/math/research-seminars/geometry-and-topology-archives
b15db7-7882c3-ac,University of Illinois Urbana-Champaign,Physics,Theoretical Biophysics Seminar,https://physics.illinois.edu/calendar/seminars/1955
b15f4a-3e1ccd-c0,Case Western Reserve University,Mathematics,MAMS Colloquium Series,https://mathstats.case.edu/colloquia/
b18888-d6a9dc-51,Pennsylvania State University,Physics,Condensed Atomic Molecula Physics Seminar,https://science.psu.edu/events?search=&date%5Bmin%5D=2023-08-04&date%5Bmax%5D=2023-12-22&department=16&type=62
b1f648-7ad346-5f,"University of California, Los Angeles",Chemistry,Bristol-Myers Squibb Lecture,https://www.chemistry.ucla.edu/calendar/month/2023-09/
b20aff-acb6d9-d4,"University of California, Los Angeles",Mathematics,Applied Math Colloquium,https://secure.math.ucla.edu/seminars/show_quarter.php?t=1704182400&type=Applied%20Colloquium&id=&tba=1
b2406c-f92ce3-46,Michigan State University,Chemistry,Analytical Chemistry Seminar,https://events.natsci.msu.edu/index.aspx#event-details/9a61efff-7941-4dc0-b398-4a73715983a5
b24f9f-2e9316-7c,University of Wisconsin-Madison,Physics,Theory Seminar,https://www.physics.wisc.edu/events/?year=2023&semester=Fall
b2a072-e7887b-4f,University of Minnesota,Mechanical Engineering,Departmental Seminar,https://cse.umn.edu/cse.umn.edu/fall-2023-seminars
b2cac7-ec74e5-79,Princeton University,Chemistry,Theoretical Chemistry,https://chemistry.princeton.edu/department/seminars-events/?event_range=past&event_type=8&event_research_area=227&event_search=
b2def7-84b75a-1c,University of Texas at Austin,Physics,Colloquia,https://web2.ph.utexas.edu/events_colloquia.html
b2fa90-bb460d-1f,University of Delaware,Physics,AMO Seminar,https://www.physics.udel.edu/events/seminar
b313ae-e81dfc-f9,Brown University,Mathematics,Scientific Computing Seminar,https://sites.google.com/brown.edu/scicompseminar/home
b327d5-21c725-3c,Michigan State University,Mathematics,TDA Seminar,https://math.msu.edu/research/seminar.aspx?seriesId=1111
b34096-35a864-a4,Massachusetts Institute of Technology,Physics,String/Gravity Theory Seminar,https://physics.mit.edu/research/labs-centers/center-for-theoretical-physics/ctp-seminars/string-gravity-theory-seminar/
b38af2-032c35-49,Temple University,Mathematics,Applied Mathematics and Scientific Computing Seminar,https://www.math.temple.edu/events/seminars/applied/2023/
b397cb-18a17a-8b,Massachusetts Institute of Technology,Mathematics,Physical Mathematics Seminar,https://math.mit.edu/pms/index.php?id=2023-fall
b3bd89-7da04f-e8,Boston University,Chemistry,MSE Colloquium Series,https://www.bu.edu/eng/academics/departments-and-divisions/materials-science-engineering/news-2/msetalks/
b3c3e0-7e1cba-22,University of Virginia,Mathematics,Colloquium,https://math.virginia.edu/seminars/colloq/
b3ca7a-d3cc7d-4f,"University at Albany, SUNY",Physics,Physics Colloquia,https://www.albany.edu/physics/colloquia-and-seminars
b3daee-d4244e-89,University of Southern Mississippi,Chemistry,Chemistry and Biochemistry Seminars,https://www.usm.edu/mathematics-natural-sciences/chemistry-biochemistry-seminars.php
b3ea91-dae8b5-33,California Institute of Technology,Mathematics,Geometry & Topology Seminars,https://sites.google.com/site/caltechgtseminar/home
b40cd7-211a41-df,University of Michigan,Mathematics,MCAIM (Michigan Center for Applied and Interdisciplinary Mathematics) Colloquium,https://sites.lsa.umich.edu/mcaim/programs/colloquia/
b43fa4-7426c0-25,University of Minnesota,Physics,Cosmology Lunch Seminar,https://cse.umn.edu/physics/cosmology-cosmo-lunch-seminar
b4948d-b66a2e-08,Texas Tech University,Mathematics,Colloquia,https://www.math.ttu.edu/events/all/2023/fall/
b4b0f1-97c1eb-c4,"University of Maryland, College Park",Mathematics,Informal Geometric Analysis Seminar,https://www-math.umd.edu/research/seminars/informal-geometric-analysis-seminar.html
b4d3e5-90d8f8-54,Virginia Commonwealth University,Mathematics,Math Tea,https://math.vcu.edu/events/#d.en.498295
b4d92a-21f5c5-03,Johns Hopkins University,Computer Science,Department Seminar Series,https://www.cs.jhu.edu/department-seminars/
b53ea0-de54ad-4f,University of Michigan,Computer Science,Artificial Intelligence Seminars,https://cse.engin.umich.edu/events/all-seminars/artificial-intelligence/
b53fb6-d7b4f4-10,Wayne State University,Mechanical Engineering,ECE Seminar,https://events.wayne.edu/2023/11/01/ece-seminar-modern-approaches-to-powergrid-resiliency-97749/
b54b5b-3d7b0e-eb,University of Texas at El Paso,Chemistry,Seminars,https://www.utep.edu/science/chemistry/resources/seminars.html
b56932-40061b-5f,University of North Texas,Chemistry,Seminar,https://chemistry.unt.edu/seminar-schedule
b59298-a43d5b-db,Stony Brook University,Mathematics,Dynamical Systems Seminar,https://www.math.stonybrook.edu/past-events
b5e09b-b7c821-3a,Oregon State University,Mathematics,Algebra and Number Theory Seminar,https://internal.math.oregonstate.edu/events?type=2&search=
b604a4-14f085-5d,University of Connecticut,Mathematics,S.I.G.M.A. Seminar,https://math.uconn.edu/calendar-2/
b617ce-939010-b5,University of Colorado Boulder,Mathematics,Algebra/Logic Seminar,https://math.colorado.edu/seminars/
b634ab-d0dd15-c4,University of Illinois Urbana-Champaign,Chemistry,Physical Chemistry Seminar,http://illinois.edu/calendar/list/458
b6361f-a482ec-58,University of Michigan,Computer Science,CSE Seminars,https://cse.engin.umich.edu/events/all-seminars/other-seminars/
b6aa16-4a7d6e-fa,Oregon State University,Physics,Solid State Seminar,https://physics.oregonstate.edu/physics-news-events/seminars
b6be6f-864927-7a,"University at Albany, SUNY",Mathematics,Applied Topology in Albany (ATiA) Seminar,https://albanymath.github.io/ATiA/
b6d039-5603d4-f2,Emory University,Mathematics,Discrete Analysis Seminar,https://www.math.emory.edu/events/seminars/seminar.php?SEMID=1569
b72041-c46e1f-c4,University of South Carolina,Mathematics,Department Colloquiua,https://sc.edu/study/colleges_schools/artsandsciences/mathematics/beyond_classroom/colloquia_and_seminars/colloquia/index.php
b75943-28abc3-cf,University of Pennsylvania,Chemistry,Biological Chemistry Seminars,https://www.chem.upenn.edu/events/past-events?page=4
b75cef-76f2b7-79,University of Notre Dame,Chemistry,Chemistry-Biochemistry-Biology Interface Seminars,https://chemistry.nd.edu/events/calendar/cbbi/
b787ec-5b16eb-cb,"University of California, Los Angeles",Chemistry,John D. & Edith Roberts Lecture,https://www.chemistry.ucla.edu/calendar/month/2023-09/
b78c74-4137f2-14,Massachusetts Institute of Technology,Mathematics,Probability Seminar,https://math.mit.edu/probability/
b79160-f421e2-a3,University of Southern California,Computer Science,Colloquium Series,https://www.cs.usc.edu/about/calendar/
b7940c-413458-a1,"University of California, Irvine",Mathematics,Applied and Computational Mathematics Seminar,https://www.math.uci.edu/seminars-calendar/month/2023-08
b7bafc-074bbd-f3,Michigan State University,Chemistry,Physical Chemistry Seminar,https://events.natsci.msu.edu/#event-details/31cb6a7e-9176-49f1-a40b-87740457e236
b7da14-16815b-14,University of Washington,Chemistry,Seminars,https://chem.washington.edu/calendar
b805ea-26b29f-15,Carnegie Mellon University,Mathematics,Core Model Seminars,https://www.cmu.edu/math/news-events/core-model-seminars.html
b85c07-52d94e-4c,University at Buffalo,Mechanical Engineering,MAE Seminar Series,https://engineering.buffalo.edu/mechanical-aerospace/news-and-events/seminars.html
b87638-7220d8-ca,University of Colorado Boulder,Mathematics,Algebraic Geometry Seminar,https://math.colorado.edu/seminars/
b8a5d0-789810-39,University at Buffalo,Mathematics,Algebra Seminar,https://www.buffalo.edu/cas/math/news-events/calendar.html#title_1714411604_cop_722274259
b8c357-72f1c3-d6,Rice University,Mathematics,Colloquium,https://docs.google.com/document/d/1_iMNJRa8XovqsYFJoXJJwBhFX__bDq8JDmc7IV6jrXI/edit
b8ea64-5c827e-47,University of Houston,Mathematics,Statistics Seminar,https://sites.google.com/view/yaboniu/statistics-seminar?authuser=0
b919d7-744f19-ae,"University of California, San Diego",Mathematics,Colloquium,https://mathweb.ucsd.edu/~ibejenar/colloquia/
b93e2d-f2afcb-8c,Princeton University,Computer Science,Colloquium Series,https://www.cs.princeton.edu/taxonomy/term/21?page=1
b944e0-41eaf3-f7,University of Wisconsin-Madison,Physics,"Network in Neutrinos, Nuclear Astrophysics and Symmetries Seminar",https://www.physics.wisc.edu/events/?year=2023&semester=Fall
b99160-7991ca-b4,"University of California, Irvine",Computer Science,CS Distinguished Lecture Series,https://cs.ics.uci.edu/distinguished-lecture-series/
ba07aa-aba3a1-6c,Columbia University,Physics,High Energy Particle Seminars (HEP),https://www.physics.columbia.edu/event-type/hep-seminar
ba16ae-0ace16-fc,"University of California, Irvine",Mathematics,Differential Geometry Seminar,https://www.math.uci.edu/seminars-calendar/month/2023-08
ba278d-97f08d-79,Binghamton University,Mathematics,Analysis Seminar,https://www2.math.binghamton.edu/p/seminars/anal
ba2f65-3f1c6d-f8,Texas A&M University,Mechanical Engineering,MEEN J. Mike Walker Seminar Series,https://calendar.tamu.edu/meen/month/date/20230901
ba4bfc-098dfe-59,Ohio State University,Mathematics,Analysis Operator and Theory Seminar,https://u.osu.edu/aots/
ba9178-cc0858-e1,Old Dominion University,Physics,Nuclear Physics Seminar,https://ww2.odu.edu/~skuhn/NucPhySeminar.html
ba93a0-0672fb-ba,North Carolina State University,Chemistry,Analytical Chemistry Seminar Series,https://chemistry.sciences.ncsu.edu/series/analytical-chemistry-seminar-series/
baab16-d8578e-b4,Syracuse University,Physics,Physics Colloquia,https://artsandsciences.syracuse.edu/physics/physics-events/physics-colloquia/
bac0f6-0ea93e-c6,University of Arizona,Computer Science,Colloquia,https://cs.arizona.edu/news-calendars/graduate-calendar
baee54-2350e8-48,Texas A&M University,Mechanical Engineering,MEEN Fowler Distinguished Lecture Series,https://calendar.tamu.edu/meen/month/date/20230901
baf0b9-4945ff-ca,Stanford University,Mathematics,Applied Math Seminar,https://mathematics.stanford.edu/events/applied-math
bafa9d-6d1566-34,"University of Maryland, Baltimore County",Mathematics,Optimization Seminars,https://mathstat.umbc.edu/events/past/?tag=optim-sem
bb0883-9c74d8-d3,University of Texas at Austin,Mathematics,Analysis Seminar,https://web.ma.utexas.edu/users/bs42827/seminar/
bb1ed0-572699-11,University of New Hampshire,Chemistry,Chemical Engineering and Bioengineering Seminar Series,https://ceps.unh.edu/chemical-bioengineering/seminar-series
bb54f0-cdf53a-bb,University of Texas at Arlington,Mathematics,Stats and Data Science Seminars,https://www.uta.edu/academics/schools-colleges/science/departments/mathematics/events/data-science
bb5a98-72a0df-52,University of Chicago,Physics,Zachariasen Memorial Lectures,https://physics.uchicago.edu/events/zachariasen-memorial-lectures/
bb6593-009c0c-d9,University of Colorado Boulder,Mathematics,Lie Theory Seminar,https://math.colorado.edu/seminars/
bb708b-4f48e0-e5,Tufts University,Mathematics,"Algebra, Geometry and Number Theory Seminar",https://sites.google.com/view/tuftsagents/home/fall-2023
bb802d-722d1b-21,Vanderbilt University,Mathematics,Number Theory Seminar,https://my.vanderbilt.edu/numbertheory
bb88f4-435527-7c,Rutgers University-New Brunswick,Mathematics,Statistical Mechanics Conference,https://cmsr.rutgers.edu/news-events-cmsr/statistical-mechanics-conference/list.events/-
bb9684-9c1e3c-55,University of Illinois Urbana-Champaign,Physics,IQUIST Seminar,https://physics.illinois.edu/calendar/seminars/1958
bbe76d-a46ebe-83,New York University,Computer Science,Colloquium,https://cs.nyu.edu/dynamic/about/news/colloquium/
bc03be-2e7f9d-e3,Cornell University,Mathematics,Scientific Computing and Numerics (SCAN) Seminar,https://pi.math.cornell.edu/m/event-list-p/scan
bc2568-46b6c1-a7,Princeton University,Mathematics,Horizons Seminar,https://www.math.princeton.edu/events/seminars/horizons-seminar/archive/246
bc3874-ed15a0-38,Binghamton University,Mathematics,Algebra Seminar,https://www2.math.binghamton.edu/p/seminars/alge
bc5846-fa05a5-9c,University of Montana,Mathematics,Colloquia,https://www.umt.edu/math/events/colloquia/
bc5ad1-98277f-99,University of Louisville,Chemistry,Faculty Seminars,https://louisville.edu/chemistry/seminars-lectures/faculty-student
bc62e8-680ace-05,North Dakota State University,Mathematics,Mathematics Colloquium,https://www.ndsu.edu/math/research/seminars_and_colloquium/spring_2024/
bc78cf-1db9f0-e6,University of Pennsylvania,Mathematics,Geometry-Topology Seminar,https://www.math.upenn.edu/events/seminars/geometry-topology-seminar
bc9181-8ca4bb-c5,University of Florida,Physics,Condensed Matter/Biophysics Seminar,https://www.phys.ufl.edu/cmseminar/
bca10b-1bdbb7-c2,Stanford University,Mathematics,Kiddie Colloquium,https://mathematics.stanford.edu/events/kiddie-colloquium
bd2a07-237bb4-13,George Mason University,Mathematics,Applied and Computational Mathematics Seminar,https://science.gmu.edu/academics/departments-units/mathematical-sciences/applied-and-computational-math-seminar
bd2c29-0651a1-ef,Washington State University,Mathematics,Mathematical Biology,https://www.math.wsu.edu/Calendar/
bd4597-156f19-76,University of Tennessee,Mathematics,Probability Seminar,https://calendar.utk.edu/department/mathematics/calendar/month/2023/11
bd5103-e8c0a0-60,"University of California, San Diego",Mathematics,Computational and Applied Math Seminars,https://ccom.ucsd.edu/events/ccom.php
bd62e2-82a86e-49,Colorado State University,Chemistry,Analytical Seminars,https://www.chem.colostate.edu/analytical-seminars/
bd6503-c3c782-bd,Stony Brook University,Mathematics,Probability and Combinatorics Seminar,https://www.math.stonybrook.edu/past-events
bd94dd-977d74-55,University of Mississippi,Physics,Seminars/Colloquia,https://www.phy.olemiss.edu/Colloquia/2324fall.html
bd99ce-20f38e-bc,Rutgers University-New Brunswick,Physics,Seminar in Physics,http://www.physics.rutgers.edu/grad/634
bda41e-48efda-01,"University of California, Berkeley",Chemistry,Nano Seminar Series,https://events.berkeley.edu/chem/month/date/20230801
bde811-f374b8-12,Case Western Reserve University,Physics,Particle/Astrophysics and CERCA Seminars,https://physics.case.edu/event-archive/particleastrophysics-and-cerca-seminars/
be11a1-5a14ae-d7,Pennsylvania State University,Chemistry,Chemistry Seminars,https://science.psu.edu/events?search=&date%5Bmin%5D=2023-08-01&date%5Bmax%5D=2023-12-29&department=14&type=All
be171a-168eaa-d7,University of Wisconsin-Milwaukee,Mathematics,Colloquia,https://uwm.edu/math/home/colloquia-archive/fall-2023-colloquia/
be5c50-7801d7-87,Emory University,Mathematics,Algebra Seminar,https://www.math.emory.edu/events/seminars/
be70bf-684451-4a,Wayne State University,Chemistry,Organic and Biochemistry,https://events.wayne.edu/chemistry-organic-biochem/2023/09/
be7c55-fd0fad-f8,Rutgers University-New Brunswick,Mathematics,Applied and Computational Math Seminar,https://sites.rutgers.edu/acm-seminar/
bea12e-eb4601-d4,University of Tennessee,Mechanical Engineering,ASME Nuclear Codes and Standards Seminar,https://calendar.utk.edu/event/asme_nuclear_codes_and_standards_seminar
bed028-cbf98e-26,University of Colorado Boulder,Mechanical Engineering,Rocky Mountain Mechanics Seminar Series,https://www.colorado.edu/mechanical/news-events/seminars
beee17-0a7c45-e6,Georgia State University,Physics,Colloquium,https://physics-astro.gsu.edu/about/colloquium-schedule/
bf1a8c-9c8b93-02,University of Alabama at Birmingham,Chemistry,Chemistry Seminar,https://calendar.uab.edu/department/department_of_chemistry/calendar/month/2023/8
bf8213-0fc894-fa,Stony Brook University,Mathematics,"Symplectic Geometry, Gauge Theory, and Low-Dimensional Topology Seminar",https://www.math.stonybrook.edu/past-events
bf864a-130847-86,Tufts University,Mathematics,Analysis Seminar,https://sites.tufts.edu/seminaranalysis/archives/fall-2023-2/
bfc62c-1aeb6b-09,Oklahoma State University-Stillwater,Mathematics,Number Theory Seminar,https://www.mathdept.okstate.edu/announce/
bfd699-0d7bc9-a9,University of South Carolina,Mathematics,Discrete Math and Combinatorics Seminar,https://sc.edu/study/colleges_schools/artsandsciences/mathematics/beyond_classroom/colloquia_and_seminars/discrete_math_seminar/index.php
c017dc-96bbb1-8f,Washington University in St. Louis,Physics,Nuclear Physics Seminars,https://physics.wustl.edu/past-events/2024
c02109-2cd04d-25,Pennsylvania State University,Mathematics,Applied Analysis and Probability Seminar,https://math-cal.cloud.science.psu.edu/events/seminar/394/2023
c07852-d1d5bc-bf,Washington University in St. Louis,Mathematics,Combinatorics Seminar,https://math.wustl.edu/past-events/2023
c079a1-0f99fc-a5,"University of California, San Diego",Mathematics,Geometry Seminars,https://math.ucsd.edu/~lni/geo-fall.html
c07d4f-a98325-91,"University of California, San Diego",Chemistry,Biochemistry Seminar,https://chemistry.ucsd.edu/ext/seminars.html
c0923a-a93022-4e,Louisiana State University,Mathematics,Computational Mathematics Seminar,https://www.math.lsu.edu/calendar?selecttime=past_year&selectevent=Computational+Mathematics+Seminar
c0b0d5-bde040-dc,Princeton University,Mathematics,Mathematical Physics Seminar,https://www.math.princeton.edu/events/seminars/mathematical-physics-seminar/archive/254
c0ccce-d5765d-42,"University of California, San Diego",Mechanical Engineering,Mechanics & Materials,https://mae.ucsd.edu/seminars/archives?field_seminar_series_target_id=7
c11378-b3a14f-b5,"University of California, Berkeley",Mathematics,HDSC Seminar,https://events.berkeley.edu/math/month/date/20230801
c11751-d9ebe4-94,Ohio University,Physics,Physics Colloquia,https://www.ohio.edu/cas/physics-astronomy/news-events/colloquium-series
c11aac-863fb4-b6,University of Cincinnati,Mathematics,Taft Lectures,https://www.artsci.uc.edu/departments/math/news-events/taft-lectures.html
c11c5f-58b459-d3,Rutgers University-New Brunswick,Mathematics,Algebra Seminar,https://sites.math.rutgers.edu/~weibel/algebra.seminar.html
c12d90-47dffa-15,Princeton University,Mathematics,Topology Seminar,https://www.math.princeton.edu/events/seminars/topology-seminar/archive/254
c137dd-f6685f-cd,Stony Brook University,Mathematics,Fluctuations Program Seminar,https://www.math.stonybrook.edu/past-events
c158eb-8efb84-d5,University of Connecticut,Physics,"Particle, Astrophysics, and Nuclear Physics Seminar",https://events.uconn.edu/physics-department/month/date/20230901
c18a55-f4b12d-8f,Purdue University,Mathematics,Model Theory and Applications Seminar,https://www.math.purdue.edu/~thoma922/seminars/pmtas/pmtas-fs23.html
c18f5b-8e156c-cc,North Carolina State University,Chemistry,Chemistry Colloquium Series,https://chemistry.sciences.ncsu.edu/series/chemistry-colloquium/
c190ef-b1bf31-07,Rutgers University-New Brunswick,Mathematics,DIMACS Theory of Computing Seminar,https://theory.cs.rutgers.edu/theory_seminar
c19135-df3606-4b,Purdue University,Chemistry,Materials Seminar,https://www.chem.purdue.edu/about_us/calendar.html
c1a20f-c969f0-35,Louisiana State University,Chemistry,Chemistry Colloquium,https://www.lsu.edu/science/chemistry/seminars/chemistry-colloquium.php
c1a989-ff9525-d0,University of Utah,Mathematics,Applied Mathematics,https://www.math.utah.edu/applied-math/seminar/
c1b506-7671e3-3f,University of Michigan,Mathematics,Learning Seminar in Algebraic Combinatorics,https://lsa.umich.edu/math/seminars/seminars-and-colloquia/learning-seminar-algebraic-combinatorics.html#view=month
c1c8c7-5f94a7-84,Washington University in St. Louis,Physics,Theory Seminar,https://physics.wustl.edu/past-events/2027
c1d96f-8429d1-10,University of Texas at San Antonio,Mathematics,Applied Math Seminar,https://mathresearch.utsa.edu/wp/?page_id=1399
c1e7be-7dff0d-b8,"University of California, Berkeley",Chemistry,CITRIS Research Exchange,https://events.berkeley.edu/chem/month/date/20230801
c2515f-12671d-97,University of Arizona,Chemistry,CBC Colloquium Series,https://cbc.arizona.edu/events
c25580-31a283-9c,Washington University in St. Louis,Mathematics,Analysis Seminar,https://math.wustl.edu/past-events/2027
c29066-c11806-ee,"University of Maryland, College Park",Mathematics,Geometry-Topology Seminar,https://www-math.umd.edu/research/seminars/geometry-topology-seminar.html
c290ec-62caa3-39,University of Kansas,Physics,Condensed Matter Physics Seminar,https://physics.ku.edu/condensed-matter-physics-seminar
c2a880-96e94f-12,University of Miami,Physics,Colloqium,https://physics.as.miami.edu/events/colloquium/index.html
c3443a-280e59-31,Stanford University,Mathematics,Number Theory Seminar,https://mathematics.stanford.edu/events/number-theory
c34f68-b77e93-65,University of Connecticut,Mathematics,Math Club Talks,https://math.uconn.edu/calendar-2/
c378b2-4bd29c-3e,University of Wisconsin-Madison,Mathematics,SILO,https://silo.wisc.edu/fall-2023/
c39e2a-88c32f-92,University of Pittsburgh,Physics,Pittsburgh Quantum Institute Distinguished Seminars in Quantum Science and Engineering,
c3a842-4ef7f6-f3,Northwestern University,Mathematics,Informal Geometric Analysis Seminar,https://www.math.northwestern.edu/activities/seminars/?group=InGeAnSe&startDate=2023-11-03T05%3A00%3A00.000Z&endDate=2023-11-17T06%3A00%3A00.000Z&days=undefined
c3e476-86b2ed-b2,Texas A&M University,Mathematics,Algebra and Combinatorics Seminar,https://www.math.tamu.edu/seminars/algebra_combinatorics/
c4386b-a15a82-1f,George Washington University,Physics,Colloquium,https://physics.columbian.gwu.edu/colloquia-2023-2024
c4495f-ecde3e-00,Virginia Tech,Computer Science,Seminars and Distinguished Lectures,https://website.cs.vt.edu/research/Seminars.html
c50ba6-c44e7f-84,Stanford University,Mathematics,Department Colloquium,https://mathematics.stanford.edu/events/department-colloquium
c566cb-c2fb13-c4,Michigan State University,Computer Science,CMSE Colloquium,https://cmse.msu.edu/NewsEvents/colloquium/colloquium.aspx
c575be-725d40-77,University of Michigan,Mathematics,Applied & Interdisciplinary Mathematics,https://lsa.umich.edu/math/seminars/seminars-and-colloquia/AIM.html#view=week
c58155-16d461-92,Cornell University,Physics,Quantum Theory Seminar,https://quantumtheory.physics.cornell.edu/
c5ec3e-3395ea-a3,University of Texas at Dallas,Mathematics,Statistics Seminar,https://math.utdallas.edu/statistics-seminar-2/statistics-seminar-fall-2023/
c63769-903cf4-18,Case Western Reserve University,Mathematics,Computing and Uncertainty Analysis,https://mathstats.case.edu/seminars/#1557235071742-b6673dcd-4ea7
c64475-f0dd12-5a,Mississippi State University,Mathematics,Statistics Seminar,https://www.math.msstate.edu/events?keywords=&seminar=statistics-seminar
c65a4f-2c5b50-8b,University of Arizona,Chemistry,Analytical Seminar,https://cbc.arizona.edu/events
c679b1-dfe22a-b6,Ohio State University,Physics,Quantam Matter/Condensed Matter Seminar,https://physics.osu.edu/Quantum-Matter-Seminars
c680be-ef3cb0-7d,"University of California, Santa Barbara",Mathematics,Differential Geometry Seminar,https://web.math.ucsb.edu/~wtian/ucsb-dg-seminar.html
c695df-d0159b-73,"University of California, Davis",Physics,Condensed Matter Seminar,https://physics.ucdavis.edu/news-events/colloquia-and-seminars/condensed-matter
c6ca2c-b9e1f2-9a,University of Colorado Boulder,Mathematics,Representation Theory Seminar,https://math.colorado.edu/seminars/
c6f562-e42c40-14,Brandeis University,Mathematics,Everytopic Seminar,https://sites.google.com/brandeis.edu/everytopic-seminar/home
c701ce-ab880c-ff,Florida International University,Mathematics,Geometry and Topology Seminar Sessions,https://case.fiu.edu/mathstat/seminars/
c723cf-0ed1d2-4c,University of Minnesota,Physics,Physics and Astronomy Colloquia,https://cse.umn.edu/physics/physics-and-astronomy-colloquium
c76102-f57518-7e,Indiana University Bloomington,Mathematics,PDE/Applied Math Seminar,https://math.indiana.edu/seminars/index.html
c785f1-1b6214-16,University of Notre Dame,Mathematics,Algebraic Geometry Seminars,https://math.nd.edu/events/calendar/algebraic-geometry-seminars/
c79205-ff3fef-68,Emory University,Chemistry,Biochemistry Seminar Series,https://med.emory.edu/departments/biochemistry/seminar-series/index.html
c7c39d-c90fbf-be,Duke University,Mechanical Engineering,MEMS Seminar,https://mems.duke.edu/about/events/seminars
c7c489-963ffb-8a,University of Michigan,Mathematics,Financial/Actuarial Mathematics,https://lsa.umich.edu/math/seminars/seminars-and-colloquia/financial-actuarial-mathematics.html#date=2023-08-10&view=month
c7da6e-67fd51-fd,Stony Brook University,Physics,CFNS Seminar,https://www.stonybrook.edu/cfns/activities/seminars.php
c7e74d-5996a7-3a,University of Houston,Mathematics,Complex Analysis and Complex Geometry Seminar,https://www.math.uh.edu/complex_seminar/index.html
c814a9-b5a50b-72,"University of California, Santa Barbara",Mathematics,Applied Mathematics/PDE/DS Seminars,https://sites.google.com/site/ucsbpdeappliedmathseminar/
c87eeb-01097a-f5,Massachusetts Institute of Technology,Physics,David & Edith Harris Physics Colloquium Series,https://physics.mit.edu/events/david-and-edith-harris-physics-colloquium-series/
c89321-29c7b6-37,Purdue University,Mathematics,Probability Seminar,https://www.math.purdue.edu/~cjanjigi/Seminar/fall23.html
c8c193-25a082-69,Boston University,Physics,Physics Department Colloquia,https://www.bu.edu/physics/events/?date=20230901&topic=8173
c8d299-1ef019-ec,Kent State University,Mathematics,Measure Theory Seminar,https://www.math.kent.edu/~zvavitch/seminar.html
c8f3ca-af7bb8-23,"University of California, Santa Cruz",Mathematics,Algebra & Number Theory Seminar,https://docs.google.com/document/d/1dadplc-8lQ9F1zvX-3QqI2DVB90ipk0X310_4-ZeDhg/edit#heading=h.xzbj9wjry08l
c90079-bd3836-2b,University of Arizona,Physics,LPL Colloquium,https://w3.physics.arizona.edu/events
c98074-9e0d20-97,University of Utah,Mathematics,Statistics Seminar,https://www.math.utah.edu/seminars/statistics/
c98170-d99af0-28,Purdue University,Chemistry,Colloquium,https://www.chem.purdue.edu/about_us/calendar.html
c9c2ed-5d7ca7-ba,Virginia Commonwealth University,Mathematics,Geometry and Topology Seminar,https://math.vcu.edu/events/geometry-seminar/#d.en.593429
c9ecc5-c43e11-36,George Washington University,Mathematics,Colloquium,https://math.columbian.gwu.edu/colloquium-fifty-years-guesses-plastic-mastermind-silicon-wordle
c9f1e9-e851d0-22,"Graduate Center, CUNY",Mathematics,Group Theory Seminar,https://sites.google.com/site/nygrouptheory/fall-2023
ca0b75-473d4e-ba,University of Michigan,Physics,Department of Astronomy DEI Series,https://lsa.umich.edu/physics/news-events/seminars-colloquia/astronomy-colloquia.html
ca1917-de0303-9f,Indiana University Bloomington,Chemistry,Inorganic,https://www.chem.indiana.edu/internal-tools/seminar-information/
ca272f-0d6565-fb,"University of California, Berkeley",Chemistry,BTP/SQB Seminar,https://events.berkeley.edu/chem/month/date/20230801
ca60e1-bf143f-51,Brown University,Computer Science,Department Seminars,https://events.brown.edu/computer-science/event/275969-peng-zhang-partitioning-a-special-class-of-cayley
ca62a8-d3802e-60,University of New Hampshire,Physics,Colloquium,https://calendar.unh.edu/MasterCalendar.aspx?data=Ai6R2a1/4RW7GX8Xe7YHmR48G5orkCD5EFjQ%2BxPlIB7dIkz30s8vKWd1zE2vtOBLOciK3rnVLP7s942u0WcUjCRDNe7S3jz6%2BDx3Cz22eyBq0n0jrQOeg4V9LHXQI/YB5thnK/UwIvORcqLbuEcv%2ByRixD1y9Mlk3R35/3fubOS6tA16pQzyIfTVimNkIDbPjh6un6Xj5gWSN2Qr9oDPx1xhxPuta%2BXGdEQoKbJYv9X6Lmm8RZOXDW8dnvRoOWWUF6TM1mgxpd1wkM1F01rE4g%3D%3D
cb2b2d-912256-62,Brown University,Physics,High Energy Theory (HET) Seminars,https://sites.google.com/brown.edu/brown-het-seminars/home
cb333b-c7f581-e2,North Carolina State University,Mechanical Engineering,MAE Seminar Series,https://www.mae.ncsu.edu/seminars/
cb9070-f7eef8-b9,"University of California, Berkeley",Chemistry,CBE Colloquium,https://events.berkeley.edu/chem/month/date/20230801
cb9dd1-f33421-ce,Carnegie Mellon University,Mathematics,Model Theory Seminars,https://www.cmu.edu/math/news-events/model_theory_seminars.html
cba51e-b171b5-49,Georgia Institute of Technology,Chemistry,Physical Chemistry Seminar,https://chemistry.gatech.edu/hg/past-events?page=2
cbb328-7f3a63-26,"University of California, Berkeley",Mathematics,Probabilistic Operator Algebra Seminar,https://events.berkeley.edu/math/month/date/20230801
cbb5cf-d96504-2c,Stony Brook University,Chemistry,Seminar,https://www.stonybrook.edu/commcms/chemistry/Seminars/seminars.php
cbc57d-ef1db9-56,University of Georgia,Mathematics,Algebraic Geometry Seminar,https://calendar.google.com/calendar/u/0/embed?src=ors2ouov5f37goqr6rai32bos0@group.calendar.google.com&ctz=America/New_York
cbe47f-1812bc-13,Texas A&M University,Mathematics,Numerical Analysis Seminar,https://www.math.tamu.edu/seminars/numerical_analysis/
cc0d4d-2c09f5-52,Iowa State University,Mathematics,Analysis and Probability Seminar,https://sites.google.com/site/ruoyuwu90/pads-seminar
cc8e11-9a825f-cc,Yale University,Chemistry,Seminars,https://chem.yale.edu/calendar/day/2023-12-16?page=0
cc942f-d4beac-a2,University of Maine,Mechanical Engineering,Conference,https://umaine.edu/mecheng/yang-lab-conference/
cc969a-4987cf-8e,Rensselaer Polytechnic Institute,Computer Science,Computer Science Colloquium,https://science.rpi.edu/computer-science/events/computer-science-colloquium
ccbbf2-72454c-a0,Case Western Reserve University,Mathematics,Geometry,https://mathstats.case.edu/seminars/#1557235071742-b6673dcd-4ea7
cd0d68-4ba8b1-24,"University of Maryland, College Park",Mathematics,Statistics Seminar,https://www-math.umd.edu/research/seminars/statistics-seminar.html
cd596c-f36de6-97,University of Colorado Boulder,Mechanical Engineering,Distinguished Seminar Series,https://www.colorado.edu/mechanical/news-events/seminars
cd7093-32e4d3-00,Rutgers University-New Brunswick,Mathematics,Discret Math Seminar,https://sites.google.com/view/rutgersdmseminar
cd87f8-111d69-d5,Brandeis University,Physics,Quantum/Gravity Seminar Series,https://www.brandeis.edu/physics/hegt/seminars/index.html
cde125-0ac782-b3,Clemson University,Chemistry,Chemistry Seminar,https://www.clemson.edu/science/academics/departments/chemistry/news-events/seminars.html
ce32f4-dbf1c4-a0,Brown University,Mathematics,Analysis Seminar,https://sites.google.com/brown.edu/brownanalysisseminar/home
ce8285-843f17-6f,Cornell University,Computer Science,Robotics Seminar,https://www.cs.cornell.edu/content/fall-2023-robotics-seminar
cebadc-dbe099-4c,Columbia University,Mathematics,Decomposition of the Diagonal,https://yoonjookim.github.io/seminars/spring_2024.html
cec6f4-9bda2e-c2,"University of California, Los Angeles",Mathematics,Participating Probability Seminar,https://secure.math.ucla.edu/seminars/show_quarter.php?t=1704182400&type=Participating%20Probability&id=&tba=
ceccea-f74857-9a,Tulane University,Mathematics,Algebraic Geometry Seminar,https://sse.tulane.edu/math/research-seminars/algebraic-geometry-archives
cee7c3-791273-6a,Ohio State University,Mathematics,"Topology, Geometry, and Data Analysis Seminar",https://tgda.osu.edu/activities/tdga-seminar/
cee8a8-3c6a12-a8,Northwestern University,Computer Science,CS Distinguished Lecture Series,https://www.mccormick.northwestern.edu/computer-science/news-events/seminars-workshops-talks/distinguished-lecture-series.html
ceffe3-0b8847-9f,Virginia Commonwealth University,Physics,Physics Colloquia,https://physics.vcu.edu/events/physics-colloquia/
cf0eae-1d19f1-25,North Dakota State University,Physics,Seminars,https://www.ndsu.edu/physics/news_and_events/seminars_and_colloquia/
cf1991-774aee-7b,Princeton University,Mathematics,International Polyhedral Products Seminar,https://www.math.princeton.edu/events/seminars/international-polyhedral-products-seminar/archive/254
cf1cd5-8ca813-4d,Yale University,Mathematics,Colloquium,https://math.yale.edu/calendar/grid/month/2023-11?term_node_tid_depth_join=459
cf3e7b-86bc45-53,University of Louisville,Mathematics,Colloquium,https://louisville.edu/math/seminars
cf58b7-3d64bc-4f,"University of California, Berkeley",Mathematics,Arithmetic Geometry and Number Theory RTG Seminar,https://events.berkeley.edu/math/month/date/20230801
cf5a22-788cc0-6f,Oregon State University,Mathematics,Probability and Data Science Seminar,https://internal.math.oregonstate.edu/events?type=20&search=
cf5d48-72ca4c-cc,University of Memphis,Computer Science,Colloquium Series,https://www.memphis.edu/cs/news_and_events/colloquium.php
cf64ec-51440b-9a,University of Minnesota,Physics,Astrophysics Seminar,https://cse.umn.edu/physics/minnesota-institute-astrophysics-mifa-colloquium
cf7b37-0d72c8-22,Binghamton University,Mathematics,Colloquium,https://www2.math.binghamton.edu/p/seminars/colloquium
cf886a-977af3-32,George Mason University,Computer Science,CS Seminar,https://cs.gmu.edu/events/list/cs-seminar/
cfad34-81d328-c7,Ohio State University,Physics,Condensed Matter Experiment/Quantum Matter Seminar,https://physics.osu.edu/cme-seminar
cfc138-53abf1-fe,Baylor University,Chemistry,Colloquium,https://chemistry.artsandsciences.baylor.edu/about-us/colloquium
cff16b-186708-a5,Oregon State University,Chemistry,Seminar,
cff747-174604-2a,Brandeis University,Mathematics,Combinatorics Seminar,https://sites.google.com/brandeis.edu/combinatorics-seminar/
d0040b-e7803f-a0,University of Alabama,Mathematics,Colloquium,https://math.ua.edu/events/tag/colloquium/list/?tribe-bar-date=2023-08-01
d0057b-281563-ce,University of Minnesota,Chemistry,Special Seminar,https://cse.umn.edu/chem/past-seminars-events?field_category_target_id=4116
d00b5c-461b21-3f,University of Kentucky,Chemistry,Chemistry Seminars,https://chem.as.uky.edu/seminars
d00b64-000f55-c3,George Mason University,Mathematics,Mathematics Colloquium,https://science.gmu.edu/academics/departments-units/mathematical-sciences/mathematics-colloquium
d00db5-80cdbb-85,University of North Carolina at Chapel Hill,Mathematics,Mathematics Colloquium,https://tarheels.live/colloquium/
d06499-94ed3a-c2,"University at Albany, SUNY",Mathematics,Algebra/Topology Seminar,https://albanymath.github.io/ats/index-23-9.html
d0707a-bbaf18-1b,Vanderbilt University,Mathematics,Subfactors Seminar,https://math.vanderbilt.edu/peters10/subfactor_seminar_fall_2023.html
d0841c-77bbfc-7a,Ohio State University,Mathematics,Logic Seminar,https://research.math.osu.edu/logicseminar/
d0c5c2-365b16-8c,Stony Brook University,Physics,Simons Center for Geometry and Physics Colloquium,https://scgp.stonybrook.edu/this-week
d0d417-f3f76f-9f,University of Delaware,Mechanical Engineering,Seminar Series,https://me.udel.edu/news-and-events/events/
d10261-5d0f69-5f,University of Houston,Computer Science,Seminars,https://uh.edu/nsm/computer-science/events/seminars/
d116b4-30f5e5-5f,New York University,Mathematics,Applied Math Seminar,https://math.nyu.edu/dynamic/calendars/seminars/ams/
d12437-232532-19,"University of Maryland, College Park",Physics,Quantum Seminar,https://umdphysics.umd.edu/events/calendar.html#year=2023&month=8&day=1&view=month
d15b2b-f62717-8b,Princeton University,Mathematics,Probability Seminar,https://www.math.princeton.edu/events/seminars/probability-seminar/archive/254
d16cab-b39e78-c5,University of Delaware,Physics,CMP Seminar,https://www.physics.udel.edu/events/seminar
d18200-7e106a-5b,"University of California, Davis",Chemistry,Chemistry Seminar,https://chemistry.ucdavis.edu/seminars-events/seminar-calendar
d217fb-d32e2e-ae,Emory University,Mathematics,Combinatorics Seminar,https://www.math.emory.edu/events/seminars/seminar.php?SEMID=1575
d223a1-140f28-e8,Brown University,Mechanical Engineering,Joint Materials/Solid Mechanics Seminar,https://events.brown.edu/engineering/event/282162-joint-materialssolid-mechanics-seminar-paul
d26451-7b8674-6f,University of Cincinnati,Mathematics,Colloquia,https://www.artsci.uc.edu/departments/math/news-events/colloquium.html
d26520-5d1a1e-bc,University of Delaware,Mathematics,Numerical Analysis and PDE Seminar,https://www.mathsci.udel.edu/events/seminars-and-colloquia/numerical-analysis-and-pde
d2bb7e-5f9512-15,University of Virginia,Mathematics,Probability Seminar,https://math.virginia.edu/seminars/probability/2023-24/
d2c7d2-9a80c2-3c,Rutgers University-New Brunswick,Physics,Machine Learning Group Meeting,http://www.physics.rutgers.edu/seminars/MLG
d2d250-69bd53-70,Iowa State University,Mathematics,Computational and Applied Mathematics Seminar,https://faculty.sites.iastate.edu/luos/cam-seminar
d2d99e-83031d-a3,Brandeis University,Mathematics,Topology Seminar,https://sites.google.com/brandeis.edu/topology-seminar
d2e70d-5a0567-b1,North Carolina State University,Physics,Physics Colloquium,https://physics.sciences.ncsu.edu/events/category/colloquia/
d2e78d-3cfd3f-4c,Johns Hopkins University,Physics,Experimental Particle Physics Seminar Series,https://physics-astronomy.jhu.edu/series/experimental-particle-physics-seminar-series/
d304e8-3ba4d7-c5,Brandeis University,Physics,Materials Research Science and Engineering Center (MRSEC) Seminars,https://www.brandeis.edu/mrsec/events/seminars.html
d35870-ebf129-76,Boston University,Computer Science,Distinguished Hariri Institute Seminars,https://www.bu.edu/hic/noteworthy/calendar/?eid=293762
d362d0-6ecbd6-35,Virginia Tech,Mechanical Engineering,Leadership Series,https://me.vt.edu/news/speakerseries/leadership-series.html
d3d312-39b8ef-71,University of Minnesota,Mechanical Engineering,Aerospace Engineering and Mechanics Colloquium Series,https://cse.umn.edu/aem/2023-24-aem-colloquium-series
d3f23e-89958f-74,University of Kentucky,Physics,Theory Seminars,https://pa.as.uky.edu/event-archive/type/5587
d42d3a-031390-20,University of Illinois Urbana-Champaign,Physics,Biological Physics/iPoLS/STC-QCB Seminar,https://physics.illinois.edu/calendar/seminars/5949
d43aad-441877-87,North Dakota State University,Computer Science,Computer Science Seminar Series,https://www.ndsu.edu/cs/about/seminars/
d44290-8f3cdc-01,Auburn University,Mathematics,Auburn Algebra Seminar,https://webhome.auburn.edu/~mkb0096/Fall2023Seminar.html
d46176-5252c4-05,"University of Maryland, College Park",Computer Science,Numerical Analysis Seminar,https://talks.cs.umd.edu/lists/16?range=past
d48cc5-6fd034-56,Oregon State University,Computer Science,Robotics Seminar,https://engineering.oregonstate.edu/events/robotics-seminars
d4bf73-266067-af,Temple University,Chemistry,Seminar,https://chem.cst.temple.edu/seminars-fall-2023.html
d502f4-40e80d-a0,Columbia University,Physics,"Condensed Matter/Atomic, Molecular, and Optical Physics Seminars (AMO-QIS)",https://amophysics-columbia.com/amoqis-seminar
d50e1c-a201e9-84,Oregon State University,Mathematics,Geometry and Topology Seminar,https://internal.math.oregonstate.edu/events?type=10&search=
d5149b-bf59fc-c3,University of Washington,Mechanical Engineering,Leadership Seminar Series,https://www.me.washington.edu/news/seminar/leadership
d55541-26a1ba-2a,University of Wisconsin-Milwaukee,Physics,Medical Imaging Seminars,https://uwm.edu/physics/organizer/medical-imaging-seminars/?tribe-bar-date=2023-09-20
d56a7f-3834a1-6b,Rutgers University-New Brunswick,Chemistry,Diversity in Chemistry Seminars,https://chem.rutgers.edu/diversity/diversity-seminars
d57ee4-8a7386-41,George Washington University,Mathematics,Topology Seminar,https://math.columbian.gwu.edu/topology-seminar-kauffman-bracket-skein-modules-and-chebyshev-polynomials
d603cd-305eaf-69,Brown University,Physics,Condensed Matter & Biophysics Seminars,https://www.brown.edu/academics/physics/2023-2024-condensed-matter-biophysics-seminars
d61a50-a56786-28,University of Massachusetts Amherst,Mathematics,Algebraic Topology Learning Seminar,https://www.umass.edu/mathematics-statistics/seminars/algebraic-topology-learning-seminar
d62baf-afaa6d-4b,Massachusetts Institute of Technology,Chemistry,Physical Chemistry Seminars,https://chemistry.mit.edu/wp-content/uploads/2024/01/SeminarSchedule_SP2420.pdf
d690dc-48b10c-27,Oklahoma State University-Stillwater,Physics,Physics Colloquium,https://cas.okstate.edu/cas_events/
d6d258-5ad9e0-4f,University of Minnesota,Mathematics,Topology Seminar,https://www-users.cse.umn.edu/~tlawson/topology/
d6ea5c-51cee0-86,University of Texas at Dallas,Mathematics,Computational Science Seminar,https://math.utdallas.edu/computational-science-seminar/
d6f574-7de822-74,University of Texas at Dallas,Physics,Colloquia,https://physics.utdallas.edu/news-events/fall-2023-colloquia/
d72ab8-b64b35-0c,Massachusetts Institute of Technology,Mathematics,Combinatorics Seminar,https://math.mit.edu/combin/
d75929-fb0e28-9a,Johns Hopkins University,Physics,AstroCoffee Seminars,https://docs.google.com/spreadsheets/d/1AxfpsdVNtiubduc9sUBoqO3Yg86TU6bOxM_ASjgvrcE/edit#gid=1150343179
d78bf6-bb391c-25,Stony Brook University,Chemistry,Pfizer - SBU Symposium,https://www.stonybrook.edu/commcms/chemistry/Seminars/Symposia.php
d79c80-be1367-03,"University of California, Irvine",Computer Science,AI/ML Seminar Series,https://cml.ics.uci.edu/aiml/
d7aa7c-4c0fb0-c6,"University of Maryland, College Park",Physics,Nuclear Theory Seminar,https://umdphysics.umd.edu/events/calendar.html#year=2023&month=8&day=1&view=month
d7f826-59fec3-8e,Purdue University,Chemistry,Physical Seminar,https://www.chem.purdue.edu/about_us/calendar.html
d82df8-f98c99-60,University of Chicago,Chemistry,James Franck Institute Colloquium/Seminar,https://jfi.uchicago.edu/events/past-events/
d82fe3-70ef76-8d,Massachusetts Institute of Technology,Mathematics,Geometric Analysis Seminar,https://math.mit.edu/grgaseminar/
d83628-005281-e1,University of Notre Dame,Mathematics,PDE Seminars,https://math.nd.edu/events/calendar/pde-seminars/
d86c59-02c068-e1,Harvard University,Physics,Physics Monday Colloquium,https://www.physics.harvard.edu/colloq
d87285-d2ecf7-2c,Oklahoma State University-Stillwater,Mathematics,Colloquium,https://www.mathdept.okstate.edu/announce/
d8b08a-c497fb-a4,University of Louisville,Computer Science,Computer Science and Engineering PhD Seminar Series,https://events.louisville.edu/event/computer_science_and_engineering_phd_seminar_series
d8bb28-8287dd-6c,"University of California, Davis",Physics,"Fields, Strings, Gravity Seminar",https://physics.ucdavis.edu/news-events/colloquia-and-seminars/fields-strings-gravity
d8ef76-6bb727-3a,New Jersey Institute of Technology,Mathematics,Mathematics Colloquium,https://math.njit.edu/math-colloquium-fall-2023
d8f37f-001ca9-7d,Harvard University,Computer Science,Computer Science Lecture Series,https://events.seas.harvard.edu/event/rethinking_data_use_in_large_language_models
d90b76-c20def-62,University of Denver,Mathematics,Colloquia,https://science.du.edu/math/colloquia-and-seminars
d94c99-68ccbb-9b,University of Texas at San Antonio,Chemistry,Chemistry Seminars,https://sciences.utsa.edu/chemistry/seminars.html
d99065-a7a094-89,Massachusetts Institute of Technology,Mathematics,Numerical Methods for Partial Differential Equations Seminar,https://math.mit.edu/nmpde/
d9b79a-6b9f82-65,North Carolina State University,Computer Science,ECE Distinguished Speaker Colloquium,https://ece.ncsu.edu/research/seminars/
d9d8d8-0958d9-74,Pennsylvania State University,Mathematics,PDE Seminar,https://math-cal.cloud.science.psu.edu/events/seminar/965/2023
d9e124-deddb2-0c,University of Connecticut,Mathematics,Geometric and Functional Inequalities and Applications,https://math.uconn.edu/calendar-2/
da1659-c4f2cf-24,University of Utah,Mathematics,Algebraic Geometry,https://www.math.utah.edu/applied-math/seminar/Fall2023/index.html
da3885-378956-bf,Princeton University,Mathematics,Joint Princeton Rutgers Geometric PDEs Seminar,https://www.math.princeton.edu/events/seminars/joint-princeton-rutgers-geometric-pdes-seminar/archive/254
da74a4-6c5a15-e2,"University of California, Davis",Mathematics,PDE and Applied Math Seminar,https://www.math.ucdavis.edu/research/seminars?type=17&when=past
dab507-4f665b-11,New Jersey Institute of Technology,Physics,Department Seminar,https://web.njit.edu/~kenahn/seminar.html
db1d1d-795f6b-c5,Stony Brook University,Mathematics,C.N. Yang Colloquium Series,https://www.math.stonybrook.edu/past-events
db226d-ee03c6-95,"Graduate Center, CUNY",Mathematics,Model Theory Seminars,https://nylogic.github.io/model-theory-seminar.html
db7ee6-0de6c7-e2,Ohio State University,Physics,High Energy Physics Seminar,https://physics.osu.edu/high-energy-physics-seminar
db8a87-3c76c4-07,"University of Maryland, College Park",Computer Science,Center for Bioinformatics and Computational Biology (CBCB) Seminar,https://talks.cs.umd.edu/lists/26?range=past
db9cf3-552ad4-dd,University of North Texas,Mathematics,Algebra Seminar,https://math.unt.edu/seminars/algebra-seminar
dbbef8-3ed7e6-b5,Brown University,Mathematics,Probability Seminar,https://sites.google.com/a/brown.edu/probability-seminar/
dbd0f5-f5a008-99,University of Notre Dame,Chemistry,Divisional Seminar,https://chemistry.nd.edu/events/calendar/divisional-seminar/
dc2ced-2906a5-dc,Stanford University,Physics,Applied Physics/Physics Colloquium,https://physics.stanford.edu/news-events/past-events
dc8606-3e5f66-97,Princeton University,Chemistry,Materials Seminar,https://chemistry.princeton.edu/department/seminars-events/?event_range=past&event_type=8&event_research_area=225&event_search=
dc9d86-ed5328-15,Iowa State University,Mathematics,Discrete Mathematics Seminar,https://sites.google.com/view/dmseminar
dcd17c-62d94c-d8,University of Texas at Austin,Computer Science,Theory Group Seminar,https://apps.cs.utexas.edu/calendar/events/month/2023-8
dcd903-e43435-91,University of Florida,Chemistry,Seminars,https://www.chem.ufl.edu/seminars-and-events/
dcf667-541e0b-cb,Texas A&M University,Physics,Colloquium,https://physics.tamu.edu/events/colloquium-22/
dd20fd-0c13b6-62,Oregon State University,Mathematics,Colloquium,https://internal.math.oregonstate.edu/events?type=6&search=
dd72b4-c616d7-d9,Princeton University,Mathematics,Condensed Learning Seminar,https://www.math.princeton.edu/events/seminars/condensed%20learning-seminar/archive/254
dd7334-458c7f-db,"University of California, Berkeley",Chemistry,Pitzer Center for Theoretical Chemistry Seminar,https://events.berkeley.edu/chem/month/date/20230801
dd7434-f5068a-05,University of Pennsylvania,Mathematics,Applied Math and Computational Science Colloquium,https://www.math.upenn.edu/events/seminars/amcs-colloquium
dd9c59-183eb9-29,University of Georgia,Computer Science,Colloquia,https://csci.franklin.uga.edu/events/past?field_type_of_event_target_id=303&items_per_page=10
ddab79-175ccf-2c,Purdue University,Computer Science,Programming Languages Seminar,https://purduepl.github.io/seminars.html
ddf207-3e049e-2a,University of Missouri,Physics,O.M. Stewart Colloquium,https://physics.missouri.edu/events/colloquium
de3940-ebf8ce-8d,University of Montana,Chemistry,Molecular and Biomedical Sciences,https://www.umt.edu/molecular-biological-sciences/events.php
de3943-43921d-23,Clemson University,Mathematics,Algebra and Discrete Mathematics Seminar,https://www.math.clemson.edu/adm-seminar/
de5b85-b316ce-6b,"University of California, Irvine",Mechanical Engineering,Seminar Series,https://sites.uci.edu/maeseminar/fall-quarter-2023/
de7ff9-a46eed-07,University of Wisconsin-Madison,Mathematics,Colloquia,https://wiki.math.wisc.edu/index.php/Colloquia
dec363-0aa6bf-f0,University of Illinois Urbana-Champaign,Physics,Physics Colloquium,https://physics.illinois.edu/calendar/colloquium
ded33b-d2e50a-a6,Purdue University,Computer Science,Computer Science Colloquium,https://www.cs.purdue.edu/calendar/colloquium.html
dedd0a-716edb-1b,Temple University,Mathematics,Philadelphia Area Number Theory Seminar,https://www.math.temple.edu/events/seminars/numbertheory/2023/
def1f6-769030-df,George Washington University,Chemistry,Seminar Series,https://chemistry.columbian.gwu.edu/seminar-series
df0f44-8f708d-a7,"University of California, Los Angeles",Mathematics,Participating Number Theory Seminar,https://secure.math.ucla.edu/seminars/show_quarter.php?t=1704182400&type=Participating%20Number%20Theory&id=&tba=
df1734-108d8a-11,Massachusetts Institute of Technology,Computer Science,CSAIL Security Seminar Series,https://calendar.csail.mit.edu/seminar_series/12079
df33b5-6d426e-82,Massachusetts Institute of Technology,Computer Science,Theory of Computation Colloquium Series,https://toc.csail.mit.edu/node/424
df5e71-67d4c9-ef,Iowa State University,Mathematics,Logic and Computability Seminar,https://kslutsky.com/logic-seminar/
df9bc4-60a724-a2,Florida State University,Chemistry,Inorganic Seminar,https://www.chem.fsu.edu/seminars/?type=Inorganic
dffd39-41b7b0-14,"University of California, Irvine",Computer Science,CS Seminar Series,https://ics.uci.edu/events/list/?tribe-bar-date=2023-08-01&tribe__ecp_custom_81%5B0%5D=Computer+Science
dffebf-43f15b-8a,University of Houston,Chemistry,Department Seminars,https://uh.edu/nsm/chemistry/news-events/seminars/
e00233-07d0ce-1c,University of Colorado Denver,Chemistry,Seminar Series,https://clas.ucdenver.edu/chemistry/seminars-and-events
e01218-7c4ea7-78,Clemson University,Mechanical Engineering,Mechatronics Series,https://www.clemson.edu/cecas/departments/me/news-events/mechatronics/index.html
e06e18-dde140-34,Columbia University,Mathematics,Seminar on Relative Langlands Duality,https://math.columbia.edu/~gyujinoh/BZSVsem.html
e07029-756bcc-d6,University of Wisconsin-Madison,Chemistry,Analytical Chemistry,https://chem.wisc.edu/analytical-chemistry-seminars/
e077f4-d030f7-25,Rutgers University-New Brunswick,Chemistry,Seminar,https://chem.rutgers.edu/news-events/jevents-list/month.calendar/2023/09/10/-
e09f61-d1354f-65,Indiana University Bloomington,Physics,LENS/Condensed Matter Physics Seminars,https://physics.indiana.edu/news-events/events/lens-cmp-seminars.html
e0a24e-6b3a34-3b,Columbia University,Physics,Plasma Physics Colloquium,https://www.apam.columbia.edu/plasma-physics-colloquium-34
e0b321-06e3a5-fd,Cornell University,Computer Science,Database Seminar,https://itrummer.github.io/cornelldbseminar/
e0bb44-3b6096-91,University of Massachusetts Amherst,Mathematics,Colloquium,https://www.umass.edu/mathematics-statistics/seminars/weekly-colloquium
e0d5ca-21e936-43,"University of California, Berkeley",Chemistry,The Twelfth Annual Eastman Distinguished Lecturers in Catalysis,https://events.berkeley.edu/chem/month/date/20230801
e11e1c-cc16b0-26,Columbia University,Mathematics,Algebraic Topology Seminar,https://lzyang257.github.io/organization-and-activities/seminar_spring2024/
e13ab9-948e25-5d,University of Miami,Mathematics,Colloquia,https://mathematics.miami.edu/events/colloquia/index.html
e14c3e-4e177c-ea,University of New Mexico,Physics,Physics and Astronomy Colloquium,https://physics.unm.edu/pandaweb/events/index.php?display=series&series_id=6
e15d24-5ab08a-b5,Rice University,Chemistry,Chemistry Seminar,https://events.rice.edu/month/date/20230901/groups/Chemistry
e17c10-3cde42-01,University of Pittsburgh,Physics,HEP Seminar,
e18cb9-0c2421-4d,"University of California, Irvine",Mathematics,Geometry and Topology Seminar,https://www.math.uci.edu/seminars-calendar/month/2023-08
e191e4-9ea3e8-79,Tulane University,Mathematics,Algebra and Combinatorics Seminar,https://tulane.app.box.com/s/iqnjbhdrpo744vu75qsr6ynrzx6gapb1
e1abab-0d17ba-7d,Florida State University,Chemistry,Physical Seminar,https://www.chem.fsu.edu/seminars/?type=Physical
e1b7fc-8956dd-b1,University of Notre Dame,Chemistry,Department of Chemistry and Biochemistry Colloquium,https://chemistry.nd.edu/events/calendar/colloquium/
e1bd81-ade74f-e6,Brown University,Computer Science,Theory Seminar,https://theoryseminar.cs.brown.edu/
e1ccc1-c89710-b2,Colorado State University,Computer Science,CS Colloquium Series,https://www.cs.colostate.edu/BMAC/
e1eaa1-17ac8e-90,University of Central Florida,Mathematics,Numerical Analysis Seminar,https://sciences.ucf.edu/math/borges/numerical-analysis-seminar/
e1ece5-5e97a2-ca,"University of California, Riverside",Chemistry,CHEM 251 Seminar,https://chem.ucr.edu/events
e1ee1e-5afbc5-88,Texas Tech University,Mathematics,Seminars,https://www.math.ttu.edu/events/all/2023/fall/
e200c0-b70c98-27,Georgia Institute of Technology,Computer Science,School of CSE Seminar Series,https://www.cc.gatech.edu/events/2024/04/12/school-cse-seminar-series-youssef-marzouk
e25887-1fc59f-d5,University of Virginia,Mathematics,Geometry Seminar,https://math.virginia.edu/seminars/geometry/2023-24/
e26b7b-f35eaf-34,University of Rochester,Physics,Astronomy/Astrophysics Seminar,
e27a25-a9c3be-3c,Arizona State University,Mathematics,Discrete Math Seminar,https://math.asu.edu/asu-events-type/guest-artist
e2b892-d47eea-00,Iowa State University,Mechanical Engineering,Guest Seminar Series (ME600),https://www.me.iastate.edu/graduate-students/seminars/
e2fa90-c6f241-92,Columbia University,Chemistry,Colloquium Seminar Series,https://www.chem.columbia.edu/content/seminar-series-schedule
e316c7-4b5ba1-c9,Oregon State University,Mechanical Engineering,Robotics Seminar,https://engineering.oregonstate.edu/events
e31815-598871-99,University of Notre Dame,Physics,Biophysics Seminar,https://physics.nd.edu/news-events/events/calendar/biophysics-seminars/past/
e36e74-3292e6-f6,Louisiana State University,Mathematics,Informal Geometry and Topology Seminar,https://www.math.lsu.edu/calendar?selecttime=past_year&selectevent=Informal+Geometry+and+Topology+Seminar
e3a231-ba07c9-68,Case Western Reserve University,Physics,Biophysics/Biomath Colloquia,https://physics.case.edu/event-archive/biophysics-biomath-colloquia/
e3b678-3d4c10-95,Wayne State University,Chemistry,Frontiers Seminar,https://events.wayne.edu/chemistry-frontiers/2023/12/
e3b897-2c1a43-a3,Texas Tech University,Mechanical Engineering,Seminar Series,https://www.depts.ttu.edu/me/department/SeminarSeries.php
e44274-d9d19c-45,University at Buffalo,Physics,Physics Colloquium,https://arts-sciences.buffalo.edu/physics/news-events/upcoming-events/colloquium-seminar-series.html
e4529c-843d53-4e,University of Memphis,Mathematics,PDE Seminar,https://www.memphis.edu/msci/news/calendar.php
e45675-0e2564-6c,University of Notre Dame,Mathematics,Felix Klein Seminars,https://math.nd.edu/events/calendar/felix-klein-seminars/
e48224-badd91-82,Temple University,Mathematics,Analysis Seminar,https://www.math.temple.edu/events/seminars/analysis/2023/
e4a838-35ead5-6c,University of North Texas,Computer Science,Computer Science and Engineering Seminar Series,https://computerscience.engineering.unt.edu/seminar
e4b8d6-a2a80a-f1,"University of California, Irvine",Physics,Condensed Matter Seminar,https://www.physics.uci.edu/seminars?field_date_value%5Bvalue%5D%5Byear%5D=2023&field_date_value%5Bvalue%5D%5Bmonth%5D=8&field_date_value%5Bvalue%5D%5Bday%5D=1
e4fdc3-ab7b54-a9,University of Texas at Arlington,Mechanical Engineering,Brown Bag Seminar Series,https://www.uta.edu/academics/schools-colleges/engineering/academics/departments/mechanical-aerospace/students/events
e4ff6a-8095ac-3a,California Institute of Technology,Mathematics,Algebra and Geometry Seminars,https://sites.google.com/view/caltech-ag-2022-2023/home
e5029e-18ce25-1a,Stony Brook University,Chemistry,Francis Johnson Lecture,https://www.stonybrook.edu/commcms/chemistry/Seminars/namedlectureseries.php
e50aca-851449-ee,University of Delaware,Computer Science,Distinguished Speaker Series,https://www.cis.udel.edu/news-events/events/
e54520-c94aef-51,University of Wisconsin-Madison,Mathematics,Group Actions and Dynamics Seminar,https://wiki.math.wisc.edu/index.php/Dynamics_Seminar_2023-2024
e57762-9b8435-03,Indiana University Bloomington,Physics,High-Energy Physics/Astrophysics Seminar,https://physics.indiana.edu/news-events/events/hep-seminars.html
e57c82-4878a3-c8,University of Wisconsin-Madison,Mechanical Engineering,Seminar,https://mechanics.wisc.edu/seminar-series/
e585b8-893649-cb,"Graduate Center, CUNY",Mathematics,Geometry and Topology Seminar,http://comet.lehman.cuny.edu/behrstock/seminar/
e598e0-8c3363-03,Stanford University,Chemistry,Physical Chemistry Seminar,https://chemistry.stanford.edu/events/physical-chemistry-seminar
e59b6b-a79a88-de,Rutgers University-New Brunswick,Mechanical Engineering,Colloquium Series,https://mae.rutgers.edu/colloquium-series
e5bacd-274278-32,University of Chicago,Mathematics,Combinatorics and Theoretical Computer Science Seminar,http://theory.cs.uchicago.edu/
e5cc32-c0cfc9-a0,Yale University,Physics,Condensed Matter Theory Seminar,https://physics.yale.edu/calendar/all-events
e5f858-e90375-89,Utah State University,Mechanical Engineering,MAE Research Seminar Series,https://www.usu.edu/calendar/?month=2023/10/6&id=84492
e6a00f-c0bf9e-a7,Wayne State University,Mathematics,Data Science,https://events.wayne.edu/search/?q=mathematics+data+science
e6aaca-3268a1-97,Colorado State University,Mathematics,Colloquium,https://mathematics.colostate.edu/research/colloquium/
e6adfb-2fe38e-64,New York University,Physics,Center for Quantum Information Physics Seminar,https://physics.nyu.edu/events.html?EventsPage=cqip
e6e78f-ce2aff-94,University of Wisconsin-Madison,Physics,Wisconsin Quantum Institute Seminar,https://www.physics.wisc.edu/events/?year=2023&semester=Fall
e6f247-3c271e-e5,Oklahoma State University-Stillwater,Mathematics,Algebraic Geometry Seminar,https://www.mathdept.okstate.edu/announce/
e6f4ef-aaeb26-ca,University of Houston,Mathematics,Scientific Computing Seminar,https://www.math.uh.edu/%7Epan/Seminar/seminar/
e717fe-ff48fa-b7,"University of California, Santa Cruz",Chemistry,CH291 Seminar,https://science.ucsc.edu/department/chemistry/news-events/
e71b30-61edb6-b1,"University of California, Los Angeles",Physics,TEP Seminars,https://bhaumik-institute.physics.ucla.edu/seminars-and-colloquia
e731c5-6eb5e5-ad,Johns Hopkins University,Mathematics,Data Science Seminar,https://math.jhu.edu/~data/
e78c24-cbe19d-9f,University of Memphis,Physics,Physics and Materials Science Seminars,https://www.memphis.edu/physics/seminars/seminars/fall2023.php
e79f7d-68f2a3-e2,Washington State University,Mathematics,Statistics,https://www.math.wsu.edu/Calendar/
e7c653-15527b-3a,University of Pennsylvania,Chemistry,Physical Chemistry Seminars,https://www.chem.upenn.edu/events/past-events?page=4
e80f7d-e898a9-69,University of Massachusetts Amherst,Mathematics,Five College Number Theory Seminar,https://www.umass.edu/mathematics-statistics/seminars/five-college-number-theory-seminar?semester_tid=107
e8147f-a22478-30,University of Delaware,Mathematics,Departmental Colloquia,https://www.mathsci.udel.edu/events/seminars-and-colloquia/departmental-colloquia
e824d9-79a062-5b,Boston College,Mathematics,Number Theory/Representation Theory Seminar,https://spencerleslie.com/bc-nt-rt-seminar-schedule-fall-2023/
e87b9e-3f797a-56,University of Colorado Boulder,Mathematics,Kempner Colloquium,https://math.colorado.edu/seminars/
e8c0a8-7535c8-3b,Massachusetts Institute of Technology,Computer Science,HCI Seminar Series,https://calendar.csail.mit.edu/seminar_series/12405
e8cd71-52a52c-4e,University of Georgia,Mathematics,Analysis,https://calendar.google.com/calendar/u/0/embed?src=ugaanalysis@gmail.com&ctz=America/New_York
e8d3c3-48da5d-60,University of Massachusetts Amherst,Mathematics,Representation Theory Seminar,https://www.umass.edu/mathematics-statistics/seminars/representation-theory-seminar?semester_tid=107
e8d617-b32ba6-b0,Florida State University,Chemistry,Materials Seminar,https://www.chem.fsu.edu/seminars/?type=Materials
e8dbfd-aef077-af,Arizona State University,Mechanical Engineering,Mechanical & Aerospace Seminars,https://semte.engineering.asu.edu/seminars/
e8e1e0-1137cf-4a,University of Arizona,Mathematics,Mathematics Instruction Colloquium,https://www.math.arizona.edu/events/archive/5
e955ba-e786e3-cb,University of Missouri,Chemistry,Chemical and Biomedical Engineering Seminar Series,https://engineering.missouri.edu/departments/chbme/seminar-series/
e976f1-ace3a2-c0,University of Central Florida,Mathematics,Colloquium,https://sciences.ucf.edu/math/research/colloquium-spring-2021/
e97c21-d8a738-e2,Temple University,Mathematics,Probability Seminar,https://www.math.temple.edu/events/seminars/probability/2023/
e99937-4b7861-69,Rutgers University-New Brunswick,Computer Science,Symposium,https://www.cs.rutgers.edu/news-events/cs-events/past-events/month.calendar/2023/09/10/-
e999ed-a0f601-05,Princeton University,Mathematics,Discrete Math Seminar,https://www.math.princeton.edu/events/seminars/discrete-mathematics-seminar/archive/254
e9ac3c-1f074a-37,Indiana University Bloomington,Mathematics,Dynamical Systems Seminar,https://math.indiana.edu/seminars/index.html
e9b392-e4fc0f-4c,University of Southern Mississippi,Physics,Department of Physics and Astronomy Seminars/Colloquia,https://www.phy.olemiss.edu/Colloquia/2324fall.html
e9ba2d-ebc5f3-dd,Stony Brook University,Mathematics,Della Pietra Lecture Series,https://www.math.stonybrook.edu/past-events
e9c6ab-f54df3-fa,Rutgers University-New Brunswick,Physics,Condensed Matter Seminar,https://physics.rutgers.edu/events/seminars?view=article&id=2639
e9e5b5-0581cd-31,Pennsylvania State University,Mathematics,Noncommutative Geometry Seminar,https://math-cal.cloud.science.psu.edu/events/seminar/409/2023
ea3597-810014-f0,Florida State University,Physics,Physics Colloquium,https://physics.fsu.edu/news-events/physics-colloquium
ea35af-16019d-be,"Graduate Center, CUNY",Mathematics,Geometric Analysis Seminar,https://www.lehman.edu/faculty/rbettiol/seminar.html
ea5e8e-8ef108-33,"University of California, San Diego",Chemistry,Inorganic Seminar,https://chemistry.ucsd.edu/ext/seminars.html
ea5f4f-5f2e0e-6b,Tulane University,Mathematics,Modular Forms Seminar,https://sse.tulane.edu/math/working-seminar-modular-forms
ea6b77-ddacbb-d5,University of New Hampshire,Chemistry,Seminar Series,https://ceps.unh.edu/chemistry/seminars/spring-2024-seminar-series
ea864f-6a7c49-d2,University of Washington,Mathematics,Algebra and Algebraic Geometry Seminar,https://math.washington.edu/events/series/algebra-and-algebraic-geometry-seminar
eac348-4af568-6f,"University of Maryland, College Park",Mathematics,Algebraic Geometry,https://www-math.umd.edu/research/seminars/algebraic-geometry.html
eaca50-1fc505-46,University of Maine,Physics,Physics Colloquium,https://physics.umaine.edu/past-colloquia/
eacfa3-71199d-c9,University of Arkansas,Physics,Colloquia,https://physics.uark.edu/about-the-department/news-and-events/colloquia-and-events-calendar.php
eb06ce-5e845c-b1,"University of California, Berkeley",Mathematics,3-Manifold Seminar,https://events.berkeley.edu/math/month/date/20230801
eb3cfe-5d06eb-ce,University of Kansas,Mathematics,Colloquium,https://mathematics.ku.edu/colloquium-abstracts-fall-2023
eb4ed4-02da84-a9,Cornell University,Mathematics,Logic Seminar,https://pi.math.cornell.edu/m/event-list-p/logic
eb5a62-02e0c7-56,"University of California, Davis",Mathematics,Algebraic Geometry Seminar,https://www.math.ucdavis.edu/research/seminars?type=28&when=past
eb6882-b62ee5-81,Princeton University,Mathematics,Department Colloquium,https://www.math.princeton.edu/events/seminars/department-colloquium/archive/254
ebaee8-773795-03,University of Delaware,Mathematics,Mathematics of Quantum Science Seminar,https://www.mathsci.udel.edu/events/seminars-and-colloquia/mathematics-of-quantum-science
ebd770-fc81bf-66,University of Kentucky,Physics,Nuclear Seminar,https://pa.as.uky.edu/event-archive/type/5407
ebe0bd-cfb517-5a,Dartmouth College,Mathematics,Functional Analysis Seminar,https://math.dartmouth.edu/~funct-an/
ec0050-d84fe6-73,Oregon State University,Mechanical Engineering,CBEE Seminar,https://engineering.oregonstate.edu/events
ec30dc-12661c-ba,University of Virginia,Physics,Colloquium,https://www.phys.virginia.edu/Announcements/talk-list.asp?GID=speakers_committee&ORDER=desc&OMITNULL=1&MAXTALK=50&SHOWMORE=1
eceaab-0f0cc6-7f,University of Minnesota,Mathematics,IMA Industrial Problems Seminar,https://cse.umn.edu/ima/industrial-problems-seminar
ed1459-1750b2-0f,"University of Maryland, College Park",Mathematics,Logic Seminar,https://www-math.umd.edu/research/seminars/logic-seminar.html
ed47b5-bcf2a0-b5,Ohio State University,Chemistry,Biochemistry Seminars,https://www.chemistry.ohio-state.edu/events?field_evt_date_range_end_value_1=08%2F01%2F2023&field_evt_date_range_value=12%2F29%2F2023&field_evt_taxonomy2_target_id=56
ed484b-f3b587-fa,Stanford University,Mathematics,Geometry Seminar,https://mathematics.stanford.edu/events/geometry
eddb64-40d70b-b2,Texas A&M University,Mathematics,Groups and Dynamics Seminar,https://www.math.tamu.edu/seminars/groups_dynamics/
edee66-715064-0b,Florida International University,Mathematics,Applied Mathematics Seminar Sessions,https://case.fiu.edu/mathstat/seminars/
ee0a31-db9a9c-6a,"University of California, Berkeley",Mathematics,Arithmetic Geometry Seminar,https://events.berkeley.edu/math/month/date/20230801
ee1a6d-ae29d8-57,Princeton University,Mathematics,PU/IAS Symplectic Geometry Seminar,https://www.math.princeton.edu/events/seminars/puias-symplectic-geometry-seminar
ee1ed1-233cf5-0a,Baylor University,Mathematics,Random Matrices and Free Probability Learning Seminar,https://sites.google.com/view/baylorrmfp/home
ee5226-64a607-eb,Rice University,Mechanical Engineering,Seminar Series,https://mech.rice.edu/news-events/seminar-series
ee6baa-8705e6-cb,University of Alabama,Mechanical Engineering,Seminar Series,https://me.eng.ua.edu/research/past-seminars/
ee8223-5c6f7d-c2,New York University,Chemistry,Simons Seminar,https://wp.nyu.edu/sccpc/events/
eeec18-b9f684-ee,University of New Mexico,Mathematics,Applied Math Seminars,https://math.unm.edu/news-events/events/calendar/month/2023-09
ef0319-090d40-c5,Oregon State University,Mathematics,Applied Mathematics and Computation Seminar,https://internal.math.oregonstate.edu/events?type=5&search=
ef08db-85b641-06,University of Colorado Boulder,Chemistry,Analytical Chemistry Seminars,https://calendar.colorado.edu/group/chemistry/calendar/month/2023/9
ef2346-b6a782-38,University of Michigan,Computer Science,Electrical and Computer Engineering Distinguished Seminar Series,https://ece.engin.umich.edu/events/distinguished-lectures/ece-distinguished-seminar-series/
ef3641-707959-29,Louisiana State University,Chemistry,Macromolecular Seminar,https://www.lsu.edu/science/chemistry/seminars/divison-seminars.php
ef3c8f-538ead-31,Brown University,Mathematics,PDE Seminar,https://www.dam.brown.edu/pde/seminar.html
ef50c7-063fea-f4,University of Oregon,Mathematics,Colloquium,https://naturalsciences.uoregon.edu/mathematics/seminars
ef889f-b805bf-bb,University of Pennsylvania,Mathematics,Algebra Seminar,https://www.math.upenn.edu/events/seminars/algebra-seminar
efa2dc-c9810a-dc,Colorado State University,Chemistry,Inorganic Seminars,https://www.chem.colostate.edu/inorganic-seminars/
efe576-5978b3-3a,Auburn University,Computer Science,AI@AU Forum,https://eng.auburn.edu/ai-au/forum#fall-2023-forum
eff396-7afae4-e2,University of Virginia,Physics,High Energy Seminars,http://www.physics.virginia.edu/Announcements/talk-list.asp?GID=hep_sem_committee&ORDER=desc&OMITNULL=1&MAXTALK=50&SHOWMORE=1
f0016d-34e7d8-8b,University at Buffalo,Chemistry,"BCOOL (Biological Chemistry, Organic and Organometallic Lecture) Series",https://arts-sciences.buffalo.edu/chemistry/news-events/seminars/bcool-series.html
f021d1-a1071e-6f,University of Houston,Mathematics,Networks Cluster Seminar,https://www.math.uh.edu/networks/
f02df6-f291a8-58,University of Arizona,Physics,Physics Colloquium,https://w3.physics.arizona.edu/events
f049b5-c85521-3e,Princeton University,Physics,Princeton Quantum Colloquium,https://quantum.princeton.edu/events/quantum-colloquium
f08e24-200f71-1a,Virginia Tech,Mathematics,Applied Numerical Analysis Seminar,https://math.vt.edu/calendar.html
f0aa7f-a4d802-65,University of Florida,Physics,Astrophysics Seminars,https://www.phys.ufl.edu/astroseminar/
f0bae0-f1d1b4-8d,University of Wisconsin-Madison,Mathematics,Number Theory and Representation Theory (MATH 967-001),https://wiki.math.wisc.edu/index.php/NTS_Fall_Semester_2023
f0f147-98a885-cd,Stony Brook University,Mathematics,Analysis Seminar,https://www.math.stonybrook.edu/past-events
f0fcc6-16d0eb-c8,University of Georgia,Physics,Department of Physics & Astronomy Colloquium Event,https://www.physast.uga.edu/events/content/2023/department-physics-astronomy-colloquium-event
f105e5-8fcde4-0d,Princeton University,Mechanical Engineering,Crocco Colloquium,https://mae.princeton.edu/about-mae/events/crocco-colloquium
f12570-55dc08-57,"University of Maryland, Baltimore County",Mathematics,Machine Learning Seminars,https://mathstat.umbc.edu/events/past/?tag=ml-seminar
f13d32-1814f2-77,Case Western Reserve University,Chemistry,Colloquium,https://chemistry.case.edu/calendar/
f152be-7b5986-27,Rutgers University-New Brunswick,Physics,High Energy Theory Seminar,https://physics.rutgers.edu/research/research-group-high-energy-theory/het-physics-seminar-f2023
f19c1f-83fad7-4d,Louisiana State University,Computer Science,ECE Seminars,https://www.lsu.edu/eng/ece/seminar/index.php
f1a8f7-de9a3a-4f,Michigan State University,Mathematics,Dynamical Systems,https://math.msu.edu/research/seminar.aspx?seriesId=52
f1ae63-1482df-32,Rutgers University-New Brunswick,Physics,CMT Symposium,https://sites.rutgers.edu/cmt-symposium-23/schedule/
f1e214-edd2fc-48,University of Kansas,Physics,Physics Colloquia,https://physics.ku.edu/colloquia-archive
f211a4-5b5d19-cc,University of Georgia,Chemistry,Materials Chemistry and Nanoscience Seminar,https://www.chem.uga.edu/events/past?field_type_of_event_target_id=38&items_per_page=10&page=1
f24ef4-f3901a-85,Georgetown University,Chemistry,Seminar Series,https://chemistry.georgetown.edu/events/
f251bb-255c61-47,"University of California, Los Angeles",Chemistry,Dickerson Biochemistry Seminar,https://www.chemistry.ucla.edu/calendar/month/2023-09/
f25749-5e8965-25,Ohio State University,Physics,Exploration of Novel Complex Materials,https://u.osu.edu/encomm/
f29f15-bc17c7-05,University of Wisconsin-Madison,Chemistry,Materials Seminars,https://chem.wisc.edu/materials-chemistry-seminars/
f2b1b5-5cc455-33,University of North Carolina at Chapel Hill,Chemistry,Organic Chemistry Seminars,https://chem.unc.edu/events-calendar/
f2e0a0-11ac28-19,University of Delaware,Physics,Particle Physics Seminar,https://www.physics.udel.edu/events/seminar
f3094b-4b72ac-3c,Brown University,Chemistry,Inorganic Chemistry Seminars,https://chemistry.brown.edu/events/seminars
f377dd-fe6ad1-21,Cornell University,Computer Science,Artificial Intelligence Seminar,https://www.cs.cornell.edu/content/spring-2024-artificial-intelligence-seminar
f3aae2-5a4990-f0,Carnegie Mellon University,Chemistry,Chemistry Seminar,https://www.cmu.edu/chemistry/news/calendar.html
f3b23d-8e0575-6d,Michigan State University,Mathematics,Colloquium,https://math.msu.edu/research/seminar.aspx?seriesId=51
f3d223-0a4f74-1b,"University of California, Davis",Physics,Frederica Darema Lecture Series,https://daremalectures.physics.ucdavis.edu/speakers/
f3fa97-5a82a5-da,Northeastern University,Physics,Quantum Matter Seminar,https://cos.northeastern.edu/events/quantum-matter-seminar-peter-meisenheimer-uc-berkeley/
f4354b-15ffa3-1f,Carnegie Mellon University,Mathematics,Mathematical Logic Seminars,https://www.cmu.edu/math/news-events/logic_seminars.html
f44e62-abacc2-1b,"University of California, Los Angeles",Mathematics,Algebraic Topology Seminar,https://secure.math.ucla.edu/seminars/show_quarter.php?t=1704182400&type=Algebraic%20Topology&id=&tba=
f44e8e-66bf2a-bd,University of Arizona,Physics,Steward Observatory/NSF NOIRLab Joint Colloquium Series,https://w3.physics.arizona.edu/events
f46e55-5424af-36,Virginia Commonwealth University,Mathematics,Mathematics Education Seminar,https://math.vcu.edu/events/mathematics-education-seminar/#d.en.627167
f49479-d292fc-f9,University of Arizona,Mathematics,Algebraic Geometry Seminar,https://www.math.arizona.edu/events/archive/5
f4a838-4bd3a5-33,University of Washington,Computer Science,Colloquia,https://www.cs.washington.edu/events/colloquia
f4f844-255911-54,University of Wisconsin-Madison,Physics,Atomic Physics Seminars,https://www.physics.wisc.edu/events/?year=2023&semester=Fall&name=Atomic
f52613-d884a6-ca,Rutgers University-New Brunswick,Physics,Mathematical Physics Seminar,https://cmsr.rutgers.edu/news-events-cmsr/mathematical-physics-webinar/range.listevents/-
f55c64-d3428c-9d,University of Hawaii at Manoa,Chemistry,Chemistry Seminars,https://manoa.hawaii.edu/chem/news-events/seminar-schedule/
f5642d-489f33-d4,University of Texas at El Paso,Computer Science,Seminar,https://www.utep.edu/cs/events/seminars.html
f5a5a6-ca5a79-69,Columbia University,Physics,Materials Science and Engineering Colloquium,https://www.apam.columbia.edu/materials-science-and-engineering-colloquium-0
f60386-02bb44-e5,Cornell University,Computer Science,Learning Machines Seminar,https://www.cs.cornell.edu/courses/cs7794/2023sp/
f65fb2-cae935-9f,University of Minnesota,Mathematics,Lie Theory Seminar,https://www-users.cse.umn.edu/~jiang034/Seminar/lie.html
f663e2-cb5cc5-57,"University of California, Berkeley",Chemistry,Special Seminar,https://events.berkeley.edu/chem/month/date/20230801
f6683c-a6ab79-2d,"University of California, Berkeley",Mathematics,Differential Geometry Seminar,https://events.berkeley.edu/math/month/date/20230801
f676d4-69642c-a7,University of Arizona,Mathematics,Algebra and Number Theory Seminar,https://www.math.arizona.edu/events/archive/5
f6c0d9-695ff9-b1,University of Michigan,Physics,HEP (High Energy Physics) - Astro Seminars,https://lsa.umich.edu/physics/news-events/seminars-colloquia/hep-astro-seminars.html#date=2023-11-22&view=month
f6d9dc-dfd2f8-a8,"University of California, Los Angeles",Chemistry,Houk-Jung Organic Colloquium 247,https://www.chemistry.ucla.edu/calendar/month/2023-09/
f6df41-ac2555-67,"University of Maryland, College Park",Physics,JQI Seminar,https://umdphysics.umd.edu/events/calendar.html#year=2023&month=8&day=1&view=month
f6ef70-b41e96-40,Colorado State University,Chemistry,Materials Seminars,https://www.chem.colostate.edu/materials-seminar/
f71884-bcfcc2-9b,University of Colorado Boulder,Mathematics,Noncommutative Geometry Seminar,https://math.colorado.edu/seminars/
f7598a-d8ebf9-d9,Purdue University,Physics,Condensed Matter Seminar,https://www.physics.purdue.edu/events/condensed-matter-seminars/archive.html
f79ac8-7c6233-9f,Brown University,Mathematics,Geometric Analysis Seminar,https://sites.google.com/brown.edu/christine-breiner-brown/seminar?authuser=0
f7cd94-479386-f7,University of Minnesota,Computer Science,Colloquium,https://cse.umn.edu/cs/2023-24-colloquium-schedule
f7f774-fcc47c-89,Texas A&M University,Mathematics,Several Complex Variables Seminar,https://www.math.tamu.edu/seminars/scv/
f822f3-edf2b8-71,North Carolina State University,Computer Science,Systems Research Seminar,https://arcb.csc.ncsu.edu/~mueller/seminar/
f826a6-21f2b7-f2,Purdue University,Mathematics,Algebraic Geometry Seminar,https://sites.google.com/view/purduealgebraicgeometryseminar/fall-2023?authuser=0
f89059-83a4a7-d9,"University of Maryland, College Park",Mathematics,Math Biology Seminar,https://www-math.umd.edu/research/seminars/math-biology.html
f8bbf1-0e6afd-27,Rutgers University-New Brunswick,Computer Science,Seminar,https://www.cs.rutgers.edu/news-events/cs-events/past-events/month.calendar/2023/09/10/-
f8e9e2-ad6798-2e,Northeastern University,Physics,Physics Seminar,https://cos.northeastern.edu/events/physics-seminar-dr-sagar-vidya-addepalli-brandeis-university/
f91ff6-ad1b8a-a2,Johns Hopkins University,Physics,JHU - UMD Joint Particle Physics Seminars,https://physics-astronomy.jhu.edu/series/theoretical-and-experimental-particle-physics-seminar-series/
f95206-a3fda4-dc,Emory University,Chemistry,Chemistry Seminar,https://chemistry.emory.edu/home/about/calendar.html
f96fc3-2715f0-03,Stony Brook University,Mathematics,Geometry/Topology Seminar,https://www.math.stonybrook.edu/past-events
f9856d-6195a4-9e,Rutgers University-New Brunswick,Physics,Developing Educators and Leaders Among TAs in Physics,[NO LINK FOUND]
f9a08f-ff91ec-77,Yale University,Mathematics,Combinatorics Seminar,https://math.yale.edu/calendar/grid/month/2023-08?term_node_tid_depth_join=86
f9e662-3c0e16-a9,Virginia Commonwealth University,Mathematics,"Analysis, Logic and Physics Seminar",https://math.vcu.edu/events/analysis-logic--physics-seminar/#d.en.627152
f9e9c4-251abf-62,Iowa State University,Chemistry,Organic Seminar,https://www.chem.iastate.edu/event/2024/andrew-george-roberts-natural-product-inspired-peptide-cyclization-strategies-and-their
f9f4fd-83e346-b3,Florida State University,Chemistry,Analytical Seminar,https://www.chem.fsu.edu/seminars/?type=Analytical
fa33f3-a5e719-4c,University of Georgia,Mathematics,Number Theory/Arithmetic Geometry,https://calendar.google.com/calendar/u/0/embed?src=uganumbertheory@gmail.com&ctz=America/New_York
fa95cc-1c00f2-7e,Colorado State University,Physics,Colloquia,https://www.physics.colostate.edu/colloquia-table/
faf5af-cf5a4a-53,Columbia University,Physics,Physics Colloquia,https://www.physics.columbia.edu/content/physics-colloquia
fb33f9-63d7ee-b5,Ohio State University,Mathematics,Computational Math Seminar,https://people.math.osu.edu/xing.205/seminar.html
fb4e27-772966-da,University of Delaware,Physics,Astronomy Seminar,https://www.physics.udel.edu/events/seminar
fb6fc1-c5d7c6-e6,Michigan State University,Mathematics,Geometry Seminar,https://math.msu.edu/research/seminar.aspx?seriesId=62
fbc0c9-9288ab-df,Purdue University,Chemistry,Organic Seminar,https://www.chem.purdue.edu/about_us/calendar.html
fbe2ba-5f8eab-21,Brown University,Mathematics,Geometry & Topology Seminar,https://www.math.brown.edu/reschwar/seminar.html
fc0598-ee834b-c9,Massachusetts Institute of Technology,Mathematics,Symplectic Seminar,https://danielalvarezgavela.com/mit-symplectic-seminar/
fc1036-fa14ec-59,Stony Brook University,Physics,YITP Seminar,http://insti.physics.sunysb.edu/itp/www/calendar
fc1c08-122f75-0a,"Graduate Center, CUNY",Mathematics,Models of Peano Arithmetic Seminar,https://nylogic.github.io/MOPA.html
fc239e-e6a33c-c6,"University of California, Los Angeles",Mathematics,Logic Colloquium,https://secure.math.ucla.edu/seminars/show_quarter.php?t=1704182400&type=Logic%20Colloquium&id=&tba=1
fc2602-4ed799-0d,"University of California, Berkeley",Chemistry,Andrew Braisted Award Lecture,https://events.berkeley.edu/chem/month/date/20230801
fc42f0-1c727c-ef,Drexel University,Mathematics,Partial Differential Equations and Applied Mathematics Seminar,https://www.math.drexel.edu/~cf823/pde_seminar/index.html
fc6b0d-49f81f-d6,"University of California, Los Angeles",Physics,Center for Biological Physics Seminars,https://cbp.physics.ucla.edu/
fc8643-0fceb2-83,Wayne State University,Mathematics,Topology,https://events.wayne.edu/search/?q=mathematics+topology
fc8a9c-769b3a-6c,"University of Nevada, Reno",Mathematics,Matrix Seminar,https://www.unr.edu/math/about-the-department/colloquium
fcc4ac-5b2ce4-1a,Stony Brook University,Mathematics,Colloquium,https://www.math.stonybrook.edu/past-events
fcd66a-d824a8-94,University of Minnesota,Mathematics,PDE (Partial Differential Equations) Seminar,https://cse.umn.edu/math/partial-differential-equations
fcd883-ff382a-7e,Rutgers University-New Brunswick,Chemistry,Physical Chemistry Seminar,https://chem.rutgers.edu/news-events/jevents-list/month.calendar/2023/09/10/-
fcdb2f-495f4e-4e,Texas Tech University,Physics,Colloquia,https://www.depts.ttu.edu/phas/News_and_Events/Colloquia/coll_fall_2023.php
fcdd45-92e229-20,Georgetown University,Mathematics,Colloquium Series,https://mathstat.georgetown.edu/colloquium/
fd5b5c-f7e9b5-fd,Boston College,Physics,Physics Colloquium,https://www.bc.edu/bc-web/schools/morrissey/departments/physics/events.html
fd8b82-029fb4-b4,"University of California, San Diego",Mathematics,Algebraic Geometry Seminars,https://sites.google.com/ucsd.edu/shsaha/ucsd-ag-seminar/fall-2023?authuser=0
fd9fbc-8beea3-8a,"University of California, Riverside",Physics,High Energy Physics Seminar,https://www.physics.ucr.edu/colloquia-seminars
fdc27d-877d04-8f,University of Chicago,Mathematics,Colloquia,https://mathematics.uchicago.edu/events/department-colloquia/
fdd0ed-31bb6e-20,University of Houston,Mathematics,Analysis Seminar,https://sites.google.com/view/uhanalysisseminar/home
fe0d69-e9f89d-07,Iowa State University,Chemistry,Physical/Inorganic Chemistry Seminar,https://www.chem.iastate.edu/event/2024/cong-liu-understanding-heterogeneity-and-dynamic-evolution-supported-catalysts-combined
fe1390-4e37ce-a9,Duke University,Computer Science,Algorithms Seminar,https://cs.duke.edu/events/self-consistency-based-confidence-estimation-large-language-models
fe30b3-5064d0-f8,Indiana University Bloomington,Mathematics,Geometry Seminar,https://math.indiana.edu/seminars/index.html
fe46e8-7be9ca-e6,"Graduate Center, CUNY",Mathematics,Category Theory Seminar,https://www.sci.brooklyn.cuny.edu/~noson/Seminar/index.html
fe5aa9-00f67b-c7,University of Colorado Denver,Mathematics,Seminar,https://www.brownbearsw.com/hosted/UCDenver?CalendarName=Math&Op=ShowIt&Amount=Month&NavType=Absolute&Type=Block&Date=2023%2F9%2F1
fe9207-8ed4e9-98,Clemson University,Physics,Colloquium,https://www.clemson.edu/science/academics/departments/physics/news-events/seminars.html
fe9fb3-f9cddb-fc,"University of Maryland, College Park",Mathematics,Probability Seminar,https://www-math.umd.edu/research/seminars/probability-seminar.html
ff3b51-5f7fef-83,University of Pennsylvania,Mathematics,Penn Mathematics Colloquium,https://www.math.upenn.edu/events/seminars/penn-mathematics-colloquium
ff3b80-0307f2-be,Binghamton University,Mechanical Engineering,Seminar Series,https://www.binghamton.edu/mechanical-engineering/about/seminar-series.html
ff3f53-75adda-c0,"University of California, Irvine",Computer Science,ACO Center Seminar Series,https://acoi.ics.uci.edu/seminar-series/
ff45a5-9e6343-3a,University of Missouri,Physics,CM/BIO/ECE (Condensed Matter/Biological Physics/Electrical and Computer Engineering) Seminars,https://physics.missouri.edu/events/seminars
ff7c42-a308a7-22,Tufts University,Mechanical Engineering,Colloquia,https://tufts.app.box.com/v/me-seminars-fall-2023
ff8852-51bc58-f1,Carnegie Mellon University,Computer Science,Crypto Seminar,https://sites.google.com/view/crypto-seminar/home
ffb31a-aefbd2-6c,Rutgers University-New Brunswick,Physics,Physical Chemistry Seminar,https://remsinglab.com/pchemseminars
ffeb6d-1fbebf-f0,Massachusetts Institute of Technology,Mathematics,Algebraic Topology Seminar,https://math.mit.edu/topology/
ffeed7-2d39a3-ea,University of Rochester,Computer Science,Seminars and Talks,https://www.cs.rochester.edu/news-events/events/index.html
fff1e8-088e56-78,Oregon State University,Mechanical Engineering,Colloquium,https://engineering.oregonstate.edu/events
