utm_campaign,condition,facultyShown,peerCounts
,treatment,"[""Ignacio Franco"",""Christopher Blaszczak-Boxe"",""Diego Alzate-Sanchez"",""Noe T. Alvarez"",""Boniface P. T. Fokwa"",""Victor Garcia Lopez"",""Briana Simms"",""Zakiya Wilson-Kennedy"",""Yolanda A. Small"",""Ampofo K. Darko"",""Luis R. De Jesus Baez"",""Naphtali Oconnor"",""Pere Miro"",""Damilola Daramola"",""Gene Hall"",""Columba De La Parra"",""Tendai Gadzikwa"",""Guillermo Geronanavarro"",""Terefe G. Habteyes"",""Rosina M. Georgiadis"",""Jean Rivera-Rios"",""Carlos E. Crespo-Hernandez"",""Carlos E. Manzanares"",""Carlos D. Garcia Perez"",""Malika Jeffriesel"",""Samuel G. Awuah"",""Daniel A. Scherson"",""Jeanluc Ayitou"",""Marcelo I. Guzman"",""Arturo Vegas"",""Thiago Monteiro Araujo Dos Santos"",""Wayne Harding"",""Mariana Torrente"",""Daniel Kuroda"",""Alfredo Angeles-Boza"",""Maria Contel"",""Mande Holford""]","[""University of Oregon"",""University of Rochester"",""Boston University"",""Brandeis University"",""Rutgers University-New Brunswick"",""Tufts University"",""University of Iowa"",""University of Kansas"",""Virginia Tech"",""Baylor University"",""Case Western Reserve University"",""Northeastern University"",""University at Buffalo"",""University of California, Riverside"",""University of Illinois Chicago"",""Oregon State University"",""University of Connecticut"",""University of Houston"",""Wayne State University"",""Colorado School of Mines"",""Temple University"",""University of California, Santa Cruz"",""University of South Carolina"",""University of Tennessee"",""Clemson University"",""Graduate Center, CUNY"",""Kansas State University"",""Louisiana State University"",""Syracuse University"",""University of Cincinnati"",""University of Kentucky"",""University of Nebraska-Lincoln"",""University of New Mexico"",""Washington State University"",""Auburn University"",""Binghamton University"",""Georgetown University"",""Tulane University"",""University of Alabama"",""University of Missouri""]"
,treatment,"[""Jennifer Dubois"",""Christian Agatemor"",""Gerardo Gamez"",""Tendai Gadzikwa"",""Maria Contel"",""Noe T. Alvarez"",""Wayne Harding"",""Tobi Odeleye"",""Christopher Blaszczak-Boxe"",""Candice Bridge"",""Briana Simms"",""Guillermo Geronanavarro"",""Aleeta M. Powe"",""Mande Holford"",""Rabi Ann Musah"",""Zakiya Wilson-Kennedy"",""Lakeisha Mcclary"",""Suazette Reid Mooring"",""Carlos D. Garcia Perez"",""Karin Chumbimunitorres"",""Terefe G. Habteyes"",""Daniel Kuroda"",""Columba De La Parra"",""Samuel G. Awuah"",""Frederick A. Luzzio"",""Erik A. Rodriguez"",""Jorge A. Morales"",""Yolanda A. Small"",""Ampofo K. Darko"",""Victor Garcia Lopez"",""Marcelo I. Guzman"",""Naphtali Oconnor"",""Mariana Torrente""]","[""Rensselaer Polytechnic Institute"",""Temple University"",""University of California, Santa Cruz"",""University of South Carolina"",""University of Tennessee"",""Clemson University"",""Graduate Center, CUNY"",""Kansas State University"",""Louisiana State University"",""Syracuse University"",""University of Cincinnati"",""University of Kentucky"",""University of Nebraska-Lincoln"",""University of New Mexico"",""Washington State University"",""Auburn University"",""Binghamton University"",""Georgetown University"",""Tulane University"",""University of Alabama"",""George Washington University"",""Georgia State University"",""Montana State University"",""Texas Tech University"",""University at Albany, SUNY"",""University of Maryland, Baltimore County"",""University of Miami"",""University of Oklahoma"",""West Virginia University"",""Drexel University"",""Ohio University"",""Oklahoma State University-Stillwater"",""University of Central Florida"",""University of Louisville"",""University of New Hampshire"",""University of South Florida"",""University of Texas at Dallas"",""University of Texas at San Antonio"",""Utah State University"",""Virginia Commonwealth University""]"
HT-3176bdcd-20ba-456f-b646-3b12557fe53a,treatment,,
HT-f2cd31ae-520d-4c3b-8f5f-26416c89a566,treatment,"[""Raphael F. Ribeiro"",""Adegboyega Yomi Oyelere"",""Nadia G. Leonard"",""Stephen Maldonado"",""Melissa Ramirez"",""Edgar A. Arriaga"",""Jose A. Rodriguez"",""Kevin D. Walker"",""Squire J. Booker"",""Joaquin Rodriguez-Lopez"",""Ivan A. Moreno-Hernandez"",""Isaac Garcia Bosch"",""Sidney Wilkersonhill"",""Francesco Evangelista"",""Gustavo Scuseria"",""Samson A. Jenekhe"",""Gabriel Gomes"",""Laura M.K. Dassama"",""Robert J. Gilliard Jr."",""Luisa Whittakerbrooks"",""Monica Olvera De La Cruz"",""Theodore Goodson III"",""Oleta Johnson"",""Stefan France""]","[""California Institute of Technology"",""Massachusetts Institute of Technology"",""Harvard University"",""Stanford University"",""Northwestern University"",""Princeton University"",""University of Chicago"",""University of Illinois Urbana-Champaign"",""Columbia University"",""Cornell University"",""Yale University"",""University of Michigan"",""University of Wisconsin-Madison"",""University of California, Los Angeles"",""University of North Carolina at Chapel Hill"",""University of Pennsylvania"",""University of Texas at Austin"",""Georgia Institute of Technology"",""Johns Hopkins University"",""Ohio State University"",""University of California, San Diego"",""University of California, Irvine"",""University of California, Santa Barbara"",""University of Washington"",""Duke University"",""Purdue University"",""Rice University"",""Texas A&M University"",""University of Colorado Boulder"",""University of Minnesota"",""Emory University"",""Pennsylvania State University"",""University of Florida"",""University of Utah"",""Carnegie Mellon University"",""Indiana University Bloomington"",""University of California, Davis"",""Michigan State University"",""University of Pittsburgh"",""University of Virginia""]"
HT-20f38fc8-138b-4034-a7cd-c51e4809205f,treatment,,
HT-d88913c8-32e4-40de-abb6-525fc39cc94c,treatment,,
HT-e6e00018-4392-43ff-88ea-2d58337218db,treatment,"[""Lakeisha Mcclary"",""Suazette Reid Mooring"",""Karin Chumbimunitorres"",""Christian Agatemor"",""Ana De Bettencourt-Dias"",""Sara Casado Zapico"",""Paul Adams"",""Tobi Odeleye"",""Jorge A. Morales"",""Samuel Odoh"",""Daniel Afosah"",""Candice Bridge"",""Ramon Lopez De La Vega"",""Francisco Alberto Fernandez-Lima"",""Erik A. Rodriguez"",""Aleeta M. Powe"",""Omowunmi Sadik"",""Mosissa Fayissa"",""Rabi Ann Musah"",""Kayunta Johnson-Winters"",""Natalia Soares Quinete"",""Elizabeth Duran"",""Edgardo Farinas"",""Jennifer Dubois"",""Gerardo Gamez"",""Frederick A. Luzzio"",""Virginia Montiel-Palma"",""Colleen Scott""]","[""Tulane University"",""University of Alabama"",""University of Missouri"",""George Washington University"",""Georgia State University"",""Montana State University"",""Texas Tech University"",""University at Albany, SUNY"",""University of Maryland, Baltimore County"",""University of Miami"",""University of Oklahoma"",""West Virginia University"",""Drexel University"",""Ohio University"",""Oklahoma State University-Stillwater"",""University of Central Florida"",""University of Louisville"",""University of New Hampshire"",""University of South Florida"",""University of Texas at Dallas"",""Utah State University"",""Virginia Commonwealth University"",""New Jersey Institute of Technology"",""University of Alabama at Birmingham"",""University of Mississippi"",""University of Nevada, Reno"",""University of Texas at Arlington"",""University of Wisconsin-Milwaukee"",""Mississippi State University"",""University of Alabama in Huntsville"",""University of Colorado Denver"",""University of Arkansas"",""University of Denver"",""University of Montana"",""University of North Texas"",""University of Hawaii at Manoa"",""University of Texas at El Paso"",""Florida International University"",""George Mason University"",""North Dakota State University""]"
HT-b96a40d6-1d5f-476c-9591-906600cfbc4b,treatment,"[""Luis R. De Jesus Baez"",""Columba De La Parra"",""Terefe G. Habteyes"",""Thiago Monteiro Araujo Dos Santos"",""Wayne Harding"",""Jorge A. Morales"",""Jennifer Dubois"",""Marcelo I. Guzman"",""Briana Simms"",""Erik A. Rodriguez"",""Mande Holford"",""Ampofo K. Darko"",""Zakiya Wilson-Kennedy"",""Damilola Daramola"",""Tendai Gadzikwa"",""Diego Alzate-Sanchez"",""Christopher Blaszczak-Boxe"",""Guillermo Geronanavarro"",""Daniel Kuroda"",""Tobi Odeleye"",""Alfredo Angeles-Boza"",""Carlos D. Garcia Perez"",""Rabi Ann Musah"",""Lakeisha Mcclary"",""Carlos E. Manzanares"",""Boniface P. T. Fokwa"",""Daniel A. Scherson"",""Christian Agatemor"",""Suazette Reid Mooring"",""Jeanluc Ayitou"",""Samuel G. Awuah"",""Carlos E. Crespo-Hernandez"",""Gerardo Gamez"",""Yolanda A. Small"",""Naphtali Oconnor"",""Victor Garcia Lopez"",""Noe T. Alvarez"",""Mariana Torrente"",""Maria Contel""]","[""Baylor University"",""Case Western Reserve University"",""Northeastern University"",""University at Buffalo"",""University of California, Riverside"",""University of Illinois Chicago"",""Oregon State University"",""University of Connecticut"",""University of Houston"",""Wayne State University"",""Colorado School of Mines"",""Rensselaer Polytechnic Institute"",""Temple University"",""University of California, Santa Cruz"",""University of South Carolina"",""University of Tennessee"",""Clemson University"",""Graduate Center, CUNY"",""Kansas State University"",""Louisiana State University"",""University of Cincinnati"",""University of Kentucky"",""University of Nebraska-Lincoln"",""University of New Mexico"",""Washington State University"",""Auburn University"",""Binghamton University"",""Georgetown University"",""Tulane University"",""University of Alabama"",""University of Missouri"",""George Washington University"",""Georgia State University"",""Montana State University"",""Texas Tech University"",""University at Albany, SUNY"",""University of Maryland, Baltimore County"",""University of Miami"",""University of Oklahoma"",""West Virginia University""]"
HT-8247f2b1-2338-4fec-afbe-630443d094bc,treatment,"[""Pere Miro"",""Carlos E. Crespo-Hernandez"",""Carlos D. Garcia Perez"",""Ampofo K. Darko"",""Damilola Daramola"",""Zakiya Wilson-Kennedy"",""Boniface P. T. Fokwa"",""Phil Castellano"",""Sharon L. Neal"",""Victor Garcia Lopez"",""Tendai Gadzikwa"",""Luis R. De Jesus Baez"",""Emil Hernandez-Pagan"",""Yolanda A. Small"",""Terefe G. Habteyes"",""Ignacio Franco"",""Thiago Monteiro Araujo Dos Santos"",""Columba De La Parra"",""Diego Alzate-Sanchez"",""Guillermo Geronanavarro"",""Mande Holford"",""Noe T. Alvarez"",""Mariana Torrente"",""Briana Simms"",""Gene Hall"",""Rosina M. Georgiadis"",""Daniel A. Scherson"",""Carlos E. Manzanares"",""Alfredo Angeles-Boza"",""Malika Jeffriesel"",""Samuel G. Awuah"",""Christopher Blaszczak-Boxe"",""Gregory H. Robinson"",""Marcelo I. Guzman"",""Arturo Vegas"",""Jean Rivera-Rios"",""Daniel Kuroda"",""Wayne Harding"",""Elon Ison"",""Jocelyn Alcantara-Garcia"",""Naphtali Oconnor"",""Maria Contel""]","[""Dartmouth College"",""Florida State University"",""North Carolina State University"",""Stony Brook University"",""University of Delaware"",""University of Georgia"",""University of Oregon"",""University of Rochester"",""Boston University"",""Brandeis University"",""Rutgers University-New Brunswick"",""Tufts University"",""University of Iowa"",""University of Kansas"",""Virginia Tech"",""Baylor University"",""Case Western Reserve University"",""Northeastern University"",""University at Buffalo"",""University of California, Riverside"",""Oregon State University"",""University of Connecticut"",""University of Houston"",""Wayne State University"",""Colorado School of Mines"",""Rensselaer Polytechnic Institute"",""Temple University"",""University of California, Santa Cruz"",""University of South Carolina"",""University of Tennessee"",""Clemson University"",""Graduate Center, CUNY"",""Kansas State University"",""Louisiana State University"",""Syracuse University"",""University of Cincinnati"",""University of Kentucky"",""University of Nebraska-Lincoln"",""University of New Mexico"",""Washington State University""]"
HT-c73ec7d7-ed70-4958-b1d8-a59792af5012,treatment,"[""Stefan France"",""Raphael F. Ribeiro"",""Nadia G. Leonard"",""Edgar A. Arriaga"",""Sidney Wilkersonhill"",""Adegboyega Yomi Oyelere"",""Melissa Ramirez"",""Squire J. Booker"",""Theodore Goodson III"",""Jose A. Rodriguez"",""Ivan A. Moreno-Hernandez"",""Joaquin Rodriguez-Lopez"",""Richmond Sarpong"",""Isaac Garcia Bosch"",""Monica Olvera De La Cruz"",""Francesco Evangelista"",""Laura M.K. Dassama"",""Samson A. Jenekhe"",""Gabriel Gomes"",""Carlos J. Bustamante"",""Kevin D. Walker"",""Luisa Whittakerbrooks"",""Gustavo Scuseria"",""Stephen Maldonado"",""Robert J. Gilliard Jr."",""Oleta Johnson""]","[""California Institute of Technology"",""Massachusetts Institute of Technology"",""University of California, Berkeley"",""Harvard University"",""Stanford University"",""Northwestern University"",""Princeton University"",""University of Chicago"",""University of Illinois Urbana-Champaign"",""Columbia University"",""Cornell University"",""Yale University"",""University of Michigan"",""University of California, Los Angeles"",""University of North Carolina at Chapel Hill"",""University of Pennsylvania"",""University of Texas at Austin"",""Georgia Institute of Technology"",""Johns Hopkins University"",""Ohio State University"",""University of California, San Diego"",""University of California, Irvine"",""University of California, Santa Barbara"",""University of Washington"",""Duke University"",""Purdue University"",""Rice University"",""Texas A&M University"",""University of Colorado Boulder"",""University of Minnesota"",""Emory University"",""Pennsylvania State University"",""University of Florida"",""University of Utah"",""Carnegie Mellon University"",""Indiana University Bloomington"",""University of California, Davis"",""Michigan State University"",""University of Pittsburgh"",""University of Virginia""]"
HT-c73ec7d7-ed70-4958-b1d8-a59792af5012,treatment,,
HT-c73ec7d7-ed70-4958-b1d8-a59792af5012,treatment,"[""Stefan France"",""Raphael F. Ribeiro"",""Nadia G. Leonard"",""Edgar A. Arriaga"",""Sidney Wilkersonhill"",""Adegboyega Yomi Oyelere"",""Melissa Ramirez"",""Squire J. Booker"",""Theodore Goodson III"",""Jose A. Rodriguez"",""Ivan A. Moreno-Hernandez"",""Joaquin Rodriguez-Lopez"",""Richmond Sarpong"",""Isaac Garcia Bosch"",""Monica Olvera De La Cruz"",""Francesco Evangelista"",""Laura M.K. Dassama"",""Samson A. Jenekhe"",""Gabriel Gomes"",""Carlos J. Bustamante"",""Kevin D. Walker"",""Luisa Whittakerbrooks"",""Gustavo Scuseria"",""Stephen Maldonado"",""Robert J. Gilliard Jr."",""Oleta Johnson""]","[""California Institute of Technology"",""Massachusetts Institute of Technology"",""University of California, Berkeley"",""Harvard University"",""Stanford University"",""Northwestern University"",""Princeton University"",""University of Chicago"",""University of Illinois Urbana-Champaign"",""Columbia University"",""Cornell University"",""Yale University"",""University of Michigan"",""University of California, Los Angeles"",""University of North Carolina at Chapel Hill"",""University of Pennsylvania"",""University of Texas at Austin"",""Georgia Institute of Technology"",""Johns Hopkins University"",""Ohio State University"",""University of California, San Diego"",""University of California, Irvine"",""University of California, Santa Barbara"",""University of Washington"",""Duke University"",""Purdue University"",""Rice University"",""Texas A&M University"",""University of Colorado Boulder"",""University of Minnesota"",""Emory University"",""Pennsylvania State University"",""University of Florida"",""University of Utah"",""Carnegie Mellon University"",""Indiana University Bloomington"",""University of California, Davis"",""Michigan State University"",""University of Pittsburgh"",""University of Virginia""]"
HT-19ad273a-14f1-4bbe-84f7-b4fc499262aa,treatment,"[""Pere Miro"",""Carlos E. Crespo-Hernandez"",""Carlos D. Garcia Perez"",""Ampofo K. Darko"",""Damilola Daramola"",""Zakiya Wilson-Kennedy"",""Boniface P. T. Fokwa"",""Phil Castellano"",""Gregory H. Robinson"",""Victor Garcia Lopez"",""Tendai Gadzikwa"",""Luis R. De Jesus Baez"",""Jocelyn Alcantara-Garcia"",""Yolanda A. Small"",""Terefe G. Habteyes"",""Ignacio Franco"",""Thiago Monteiro Araujo Dos Santos"",""Columba De La Parra"",""Diego Alzate-Sanchez"",""Guillermo Geronanavarro"",""Mande Holford"",""Noe T. Alvarez"",""Mariana Torrente"",""Briana Simms"",""Gene Hall"",""Rosina M. Georgiadis"",""Daniel A. Scherson"",""Carlos E. Manzanares"",""Emil Hernandez-Pagan"",""Malika Jeffriesel"",""Samuel G. Awuah"",""Christopher Blaszczak-Boxe"",""Jeanluc Ayitou"",""Marcelo I. Guzman"",""Arturo Vegas"",""Jean Rivera-Rios"",""Daniel Kuroda"",""Wayne Harding"",""Elon Ison"",""Sharon L. Neal"",""Naphtali Oconnor"",""Maria Contel""]","[""North Carolina State University"",""Stony Brook University"",""University of Delaware"",""University of Georgia"",""University of Oregon"",""University of Rochester"",""Boston University"",""Brandeis University"",""Rutgers University-New Brunswick"",""Tufts University"",""University of Iowa"",""University of Kansas"",""Virginia Tech"",""Baylor University"",""Case Western Reserve University"",""Northeastern University"",""University at Buffalo"",""University of California, Riverside"",""University of Illinois Chicago"",""Oregon State University"",""University of Houston"",""Wayne State University"",""Colorado School of Mines"",""Rensselaer Polytechnic Institute"",""Temple University"",""University of California, Santa Cruz"",""University of South Carolina"",""University of Tennessee"",""Clemson University"",""Graduate Center, CUNY"",""Kansas State University"",""Louisiana State University"",""Syracuse University"",""University of Cincinnati"",""University of Kentucky"",""University of Nebraska-Lincoln"",""University of New Mexico"",""Washington State University"",""Auburn University"",""Binghamton University""]"
HT-fb6c2746-dd29-456e-b29e-7d4e33f5daea,treatment,"[""Raphael F. Ribeiro"",""Adegboyega Yomi Oyelere"",""Nadia G. Leonard"",""Stephen Maldonado"",""Melissa Ramirez"",""Edgar A. Arriaga"",""Jose A. Rodriguez"",""Squire J. Booker"",""Laura M.K. Dassama"",""Joaquin Rodriguez-Lopez"",""Ivan A. Moreno-Hernandez"",""Isaac Garcia Bosch"",""Sidney Wilkersonhill"",""Francesco Evangelista"",""Carlos J. Bustamante"",""Samson A. Jenekhe"",""Gabriel Gomes"",""Richmond Sarpong"",""Monica Olvera De La Cruz"",""Luisa Whittakerbrooks"",""Gustavo Scuseria"",""Theodore Goodson III"",""Kevin D. Walker"",""Stefan France""]","[""California Institute of Technology"",""University of California, Berkeley"",""Harvard University"",""Stanford University"",""Northwestern University"",""Princeton University"",""University of Chicago"",""University of Illinois Urbana-Champaign"",""Columbia University"",""Cornell University"",""Yale University"",""University of Michigan"",""University of Wisconsin-Madison"",""University of California, Los Angeles"",""University of North Carolina at Chapel Hill"",""University of Pennsylvania"",""University of Texas at Austin"",""Georgia Institute of Technology"",""Johns Hopkins University"",""Ohio State University"",""University of California, San Diego"",""University of California, Irvine"",""University of California, Santa Barbara"",""University of Washington"",""Duke University"",""Purdue University"",""Rice University"",""Texas A&M University"",""University of Colorado Boulder"",""University of Minnesota"",""Emory University"",""Pennsylvania State University"",""University of Florida"",""University of Utah"",""Carnegie Mellon University"",""Indiana University Bloomington"",""University of California, Davis"",""Michigan State University"",""University of Pittsburgh"",""University of Virginia""]"
HT-c777b57a-fad0-4dc0-89a0-affa3b754c44,treatment,"[""Colleen Scott"",""Virginia Montiel-Palma"",""Frederick A. Luzzio"",""Christian Agatemor"",""Samuel Odoh"",""Ana De Bettencourt-Dias"",""Aleeta M. Powe"",""Rabi Ann Musah"",""Paul Adams"",""Tanei J. Ricks"",""Ramon Lopez De La Vega"",""Natalia Soares Quinete"",""Daniel Afosah"",""Mosissa Fayissa"",""Candice Bridge"",""Tobi Odeleye"",""Francisco Alberto Fernandez-Lima"",""Karin Chumbimunitorres"",""Sara Casado Zapico"",""Kayunta Johnson-Winters"",""Elizabeth Duran"",""Ernesto Abel-Santos"",""Omowunmi Sadik"",""Edgardo Farinas""]","[""University at Albany, SUNY"",""University of Maryland, Baltimore County"",""University of Miami"",""University of Oklahoma"",""West Virginia University"",""Drexel University"",""Ohio University"",""Oklahoma State University-Stillwater"",""University of Central Florida"",""University of Louisville"",""University of New Hampshire"",""University of South Florida"",""University of Texas at Dallas"",""University of Texas at San Antonio"",""Utah State University"",""Virginia Commonwealth University"",""New Jersey Institute of Technology"",""University of Alabama at Birmingham"",""University of Mississippi"",""University of Nevada, Reno"",""University of Texas at Arlington"",""University of Wisconsin-Milwaukee"",""Mississippi State University"",""University of Alabama in Huntsville"",""University of Arkansas"",""University of Denver"",""University of Montana"",""University of North Texas"",""University of Hawaii at Manoa"",""University of Texas at El Paso"",""Florida International University"",""George Mason University"",""North Dakota State University"",""Old Dominion University"",""University of Maine"",""University of Nevada, Las Vegas"",""University of Southern Mississippi"",""University of Louisiana at Lafayette"",""Kent State University"",""University of Memphis""]"
HT-5b6506fc-c511-487c-8286-136054e92b11,treatment,"[""Adegboyega Yomi Oyelere"",""Stefan France"",""Jocelyn Alcantara-Garcia"",""Melissa Ramirez"",""Luisa Whittakerbrooks"",""Elon Ison"",""Nadia G. Leonard"",""Steven D. Townsend"",""Squire J. Booker"",""Samson A. Jenekhe"",""Andrea Locke"",""Emil Hernandez-Pagan"",""Ivan A. Moreno-Hernandez"",""Gabriel Gomes"",""Raphael F. Ribeiro"",""Sharon L. Neal"",""Tania Lupoli"",""Francesco Evangelista"",""Gustavo Scuseria"",""Rena A. S. Robinson"",""Isaac Garcia Bosch"",""Katrina Miranda"",""Stefano Sacanna"",""Marc Anton Walters"",""Phil Castellano"",""Edgar A. Arriaga"",""Claudia Avalos"",""Alisha Jones""]","[""Georgia Institute of Technology"",""Johns Hopkins University"",""Ohio State University"",""University of California, San Diego"",""University of California, Irvine"",""University of California, Santa Barbara"",""University of Washington"",""Duke University"",""Purdue University"",""Rice University"",""Texas A&M University"",""University of Colorado Boulder"",""University of Minnesota"",""Emory University"",""Pennsylvania State University"",""University of Florida"",""University of Utah"",""Carnegie Mellon University"",""Indiana University Bloomington"",""University of California, Davis"",""University of Pittsburgh"",""University of Virginia"",""Washington University in St. Louis"",""University of Maryland, College Park"",""University of Notre Dame"",""University of Southern California"",""Vanderbilt University"",""Arizona State University"",""Brown University"",""Colorado State University"",""Iowa State University"",""New York University"",""University of Arizona"",""University of Massachusetts Amherst"",""Boston College"",""Dartmouth College"",""Florida State University"",""North Carolina State University"",""Stony Brook University"",""University of Delaware""]"
HT-0e211978-46c9-441b-b6cd-6e41ae2c9b35,treatment,"[""Zakiya Wilson-Kennedy"",""Tobi Odeleye"",""Columba De La Parra"",""Gerardo Gamez"",""Christian Agatemor"",""Noe T. Alvarez"",""Mariana Torrente"",""Daniel Kuroda"",""Ampofo K. Darko"",""Sara Casado Zapico"",""Candice Bridge"",""Briana Simms"",""Maria Contel"",""Aleeta M. Powe"",""Naphtali Oconnor"",""Rabi Ann Musah"",""Omowunmi Sadik"",""Christopher Blaszczak-Boxe"",""Guillermo Geronanavarro"",""Carlos D. Garcia Perez"",""Karin Chumbimunitorres"",""Terefe G. Habteyes"",""Jennifer Dubois"",""Mande Holford"",""Samuel G. Awuah"",""Frederick A. Luzzio"",""Suazette Reid Mooring"",""Jorge A. Morales"",""Victor Garcia Lopez"",""Tendai Gadzikwa"",""Edgardo Farinas"",""Marcelo I. Guzman"",""Yolanda A. Small"",""Wayne Harding""]","[""Temple University"",""University of California, Santa Cruz"",""University of South Carolina"",""University of Tennessee"",""Clemson University"",""Graduate Center, CUNY"",""Kansas State University"",""Louisiana State University"",""Syracuse University"",""University of Cincinnati"",""University of Kentucky"",""University of Nebraska-Lincoln"",""University of New Mexico"",""Washington State University"",""Auburn University"",""Binghamton University"",""Georgetown University"",""Tulane University"",""University of Alabama"",""University of Missouri"",""Georgia State University"",""Montana State University"",""Texas Tech University"",""University at Albany, SUNY"",""University of Maryland, Baltimore County"",""University of Miami"",""University of Oklahoma"",""West Virginia University"",""Drexel University"",""Ohio University"",""Oklahoma State University-Stillwater"",""University of Central Florida"",""University of Louisville"",""University of New Hampshire"",""University of South Florida"",""University of Texas at Dallas"",""University of Texas at San Antonio"",""Utah State University"",""Virginia Commonwealth University"",""New Jersey Institute of Technology""]"
HT-196caa19-c9cb-4e8d-9376-c0cbfcb7aac0,treatment,"[""Stefan France"",""Raphael F. Ribeiro"",""Nadia G. Leonard"",""Edgar A. Arriaga"",""Sidney Wilkersonhill"",""Adegboyega Yomi Oyelere"",""Melissa Ramirez"",""Squire J. Booker"",""Theodore Goodson III"",""Jose A. Rodriguez"",""Ivan A. Moreno-Hernandez"",""Joaquin Rodriguez-Lopez"",""Richmond Sarpong"",""Isaac Garcia Bosch"",""Monica Olvera De La Cruz"",""Francesco Evangelista"",""Laura M.K. Dassama"",""Samson A. Jenekhe"",""Gabriel Gomes"",""Carlos J. Bustamante"",""Kevin D. Walker"",""Luisa Whittakerbrooks"",""Gustavo Scuseria"",""Stephen Maldonado"",""Robert J. Gilliard Jr."",""Oleta Johnson""]","[""California Institute of Technology"",""Massachusetts Institute of Technology"",""University of California, Berkeley"",""Harvard University"",""Stanford University"",""Northwestern University"",""Princeton University"",""University of Chicago"",""University of Illinois Urbana-Champaign"",""Columbia University"",""Cornell University"",""Yale University"",""University of Michigan"",""University of Wisconsin-Madison"",""University of California, Los Angeles"",""University of North Carolina at Chapel Hill"",""University of Texas at Austin"",""Georgia Institute of Technology"",""Johns Hopkins University"",""Ohio State University"",""University of California, San Diego"",""University of California, Irvine"",""University of California, Santa Barbara"",""University of Washington"",""Duke University"",""Purdue University"",""Rice University"",""Texas A&M University"",""University of Colorado Boulder"",""University of Minnesota"",""Emory University"",""Pennsylvania State University"",""University of Florida"",""University of Utah"",""Carnegie Mellon University"",""Indiana University Bloomington"",""University of California, Davis"",""Michigan State University"",""University of Pittsburgh"",""University of Virginia""]"
HT-196caa19-c9cb-4e8d-9376-c0cbfcb7aac0,treatment,,
HT-196caa19-c9cb-4e8d-9376-c0cbfcb7aac0,treatment,"[""Stefan France"",""Raphael F. Ribeiro"",""Nadia G. Leonard"",""Edgar A. Arriaga"",""Sidney Wilkersonhill"",""Adegboyega Yomi Oyelere"",""Melissa Ramirez"",""Squire J. Booker"",""Theodore Goodson III"",""Jose A. Rodriguez"",""Ivan A. Moreno-Hernandez"",""Joaquin Rodriguez-Lopez"",""Richmond Sarpong"",""Isaac Garcia Bosch"",""Monica Olvera De La Cruz"",""Francesco Evangelista"",""Laura M.K. Dassama"",""Samson A. Jenekhe"",""Gabriel Gomes"",""Carlos J. Bustamante"",""Kevin D. Walker"",""Luisa Whittakerbrooks"",""Gustavo Scuseria"",""Stephen Maldonado"",""Robert J. Gilliard Jr."",""Oleta Johnson""]","[""California Institute of Technology"",""Massachusetts Institute of Technology"",""University of California, Berkeley"",""Harvard University"",""Stanford University"",""Northwestern University"",""Princeton University"",""University of Chicago"",""University of Illinois Urbana-Champaign"",""Columbia University"",""Cornell University"",""Yale University"",""University of Michigan"",""University of Wisconsin-Madison"",""University of California, Los Angeles"",""University of North Carolina at Chapel Hill"",""University of Texas at Austin"",""Georgia Institute of Technology"",""Johns Hopkins University"",""Ohio State University"",""University of California, San Diego"",""University of California, Irvine"",""University of California, Santa Barbara"",""University of Washington"",""Duke University"",""Purdue University"",""Rice University"",""Texas A&M University"",""University of Colorado Boulder"",""University of Minnesota"",""Emory University"",""Pennsylvania State University"",""University of Florida"",""University of Utah"",""Carnegie Mellon University"",""Indiana University Bloomington"",""University of California, Davis"",""Michigan State University"",""University of Pittsburgh"",""University of Virginia""]"
HT-196caa19-c9cb-4e8d-9376-c0cbfcb7aac0,treatment,"[""Stefan France"",""Raphael F. Ribeiro"",""Nadia G. Leonard"",""Edgar A. Arriaga"",""Sidney Wilkersonhill"",""Adegboyega Yomi Oyelere"",""Melissa Ramirez"",""Squire J. Booker"",""Theodore Goodson III"",""Jose A. Rodriguez"",""Ivan A. Moreno-Hernandez"",""Joaquin Rodriguez-Lopez"",""Richmond Sarpong"",""Isaac Garcia Bosch"",""Monica Olvera De La Cruz"",""Francesco Evangelista"",""Laura M.K. Dassama"",""Samson A. Jenekhe"",""Gabriel Gomes"",""Carlos J. Bustamante"",""Kevin D. Walker"",""Luisa Whittakerbrooks"",""Gustavo Scuseria"",""Stephen Maldonado"",""Robert J. Gilliard Jr."",""Oleta Johnson""]","[""California Institute of Technology"",""Massachusetts Institute of Technology"",""University of California, Berkeley"",""Harvard University"",""Stanford University"",""Northwestern University"",""Princeton University"",""University of Chicago"",""University of Illinois Urbana-Champaign"",""Columbia University"",""Cornell University"",""Yale University"",""University of Michigan"",""University of Wisconsin-Madison"",""University of California, Los Angeles"",""University of North Carolina at Chapel Hill"",""University of Texas at Austin"",""Georgia Institute of Technology"",""Johns Hopkins University"",""Ohio State University"",""University of California, San Diego"",""University of California, Irvine"",""University of California, Santa Barbara"",""University of Washington"",""Duke University"",""Purdue University"",""Rice University"",""Texas A&M University"",""University of Colorado Boulder"",""University of Minnesota"",""Emory University"",""Pennsylvania State University"",""University of Florida"",""University of Utah"",""Carnegie Mellon University"",""Indiana University Bloomington"",""University of California, Davis"",""Michigan State University"",""University of Pittsburgh"",""University of Virginia""]"
HT-1d35487e-f7a4-46ab-a24e-c901f8317750,treatment,,
HT-1d35487e-f7a4-46ab-a24e-c901f8317750,treatment,,
HT-1d35487e-f7a4-46ab-a24e-c901f8317750,treatment,,
HT-1d35487e-f7a4-46ab-a24e-c901f8317750,treatment,"[""Stefan France"",""Raphael F. Ribeiro"",""Nadia G. Leonard"",""Edgar A. Arriaga"",""Sidney Wilkersonhill"",""Adegboyega Yomi Oyelere"",""Melissa Ramirez"",""Squire J. Booker"",""Theodore Goodson III"",""Jose A. Rodriguez"",""Ivan A. Moreno-Hernandez"",""Joaquin Rodriguez-Lopez"",""Richmond Sarpong"",""Isaac Garcia Bosch"",""Monica Olvera De La Cruz"",""Francesco Evangelista"",""Laura M.K. Dassama"",""Samson A. Jenekhe"",""Gabriel Gomes"",""Carlos J. Bustamante"",""Kevin D. Walker"",""Luisa Whittakerbrooks"",""Gustavo Scuseria"",""Stephen Maldonado"",""Robert J. Gilliard Jr."",""Oleta Johnson""]","[""California Institute of Technology"",""Massachusetts Institute of Technology"",""University of California, Berkeley"",""Harvard University"",""Stanford University"",""Northwestern University"",""Princeton University"",""University of Chicago"",""University of Illinois Urbana-Champaign"",""Cornell University"",""Yale University"",""University of Michigan"",""University of Wisconsin-Madison"",""University of California, Los Angeles"",""University of North Carolina at Chapel Hill"",""University of Pennsylvania"",""University of Texas at Austin"",""Georgia Institute of Technology"",""Johns Hopkins University"",""Ohio State University"",""University of California, San Diego"",""University of California, Irvine"",""University of California, Santa Barbara"",""University of Washington"",""Duke University"",""Purdue University"",""Rice University"",""Texas A&M University"",""University of Colorado Boulder"",""University of Minnesota"",""Emory University"",""Pennsylvania State University"",""University of Florida"",""University of Utah"",""Carnegie Mellon University"",""Indiana University Bloomington"",""University of California, Davis"",""Michigan State University"",""University of Pittsburgh"",""University of Virginia""]"
HT-67c0f912-79a2-48f3-9cdc-1882f1cf4a7e,treatment,"[""Luis R. De Jesus Baez"",""Lakeisha Mcclary"",""Terefe G. Habteyes"",""Diego Alzate-Sanchez"",""Mariana Torrente"",""Gene Hall"",""Victor Garcia Lopez"",""Pere Miro"",""Briana Simms"",""Carlos E. Crespo-Hernandez"",""Columba De La Parra"",""Ignacio Franco"",""Daniel Kuroda"",""Zakiya Wilson-Kennedy"",""Wayne Harding"",""Damilola Daramola"",""Erik A. Rodriguez"",""Christopher Blaszczak-Boxe"",""Yolanda A. Small"",""Ampofo K. Darko"",""Alfredo Angeles-Boza"",""Rosina M. Georgiadis"",""Jean Rivera-Rios"",""Daniel A. Scherson"",""Carlos E. Manzanares"",""Boniface P. T. Fokwa"",""Malika Jeffriesel"",""Samuel G. Awuah"",""Carlos D. Garcia Perez"",""Jeanluc Ayitou"",""Marcelo I. Guzman"",""Arturo Vegas"",""Thiago Monteiro Araujo Dos Santos"",""Naphtali Oconnor"",""Maria Contel"",""Tendai Gadzikwa"",""Noe T. Alvarez"",""Mande Holford"",""Guillermo Geronanavarro""]","[""University of Rochester"",""Boston University"",""Brandeis University"",""Rutgers University-New Brunswick"",""Tufts University"",""University of Iowa"",""University of Kansas"",""Virginia Tech"",""Baylor University"",""Case Western Reserve University"",""Northeastern University"",""University at Buffalo"",""University of California, Riverside"",""University of Illinois Chicago"",""Oregon State University"",""University of Connecticut"",""University of Houston"",""Wayne State University"",""Colorado School of Mines"",""Rensselaer Polytechnic Institute"",""University of California, Santa Cruz"",""University of South Carolina"",""University of Tennessee"",""Clemson University"",""Graduate Center, CUNY"",""Kansas State University"",""Louisiana State University"",""Syracuse University"",""University of Cincinnati"",""University of Kentucky"",""University of Nebraska-Lincoln"",""University of New Mexico"",""Washington State University"",""Auburn University"",""Binghamton University"",""Georgetown University"",""Tulane University"",""University of Alabama"",""University of Missouri"",""George Washington University""]"
HT-3ac158b1-3d21-43cc-be1f-07c607ad54f5,treatment,,
HT-234c60f8-9911-4b59-b33a-ef26a0df24d5,treatment,,
HT-1d35487e-f7a4-46ab-a24e-c901f8317750,treatment,"[""Stefan France"",""Raphael F. Ribeiro"",""Nadia G. Leonard"",""Edgar A. Arriaga"",""Sidney Wilkersonhill"",""Adegboyega Yomi Oyelere"",""Melissa Ramirez"",""Squire J. Booker"",""Theodore Goodson III"",""Jose A. Rodriguez"",""Ivan A. Moreno-Hernandez"",""Joaquin Rodriguez-Lopez"",""Richmond Sarpong"",""Isaac Garcia Bosch"",""Monica Olvera De La Cruz"",""Francesco Evangelista"",""Laura M.K. Dassama"",""Samson A. Jenekhe"",""Gabriel Gomes"",""Carlos J. Bustamante"",""Kevin D. Walker"",""Luisa Whittakerbrooks"",""Gustavo Scuseria"",""Stephen Maldonado"",""Robert J. Gilliard Jr."",""Oleta Johnson""]","[""California Institute of Technology"",""Massachusetts Institute of Technology"",""University of California, Berkeley"",""Harvard University"",""Stanford University"",""Northwestern University"",""Princeton University"",""University of Chicago"",""University of Illinois Urbana-Champaign"",""Cornell University"",""Yale University"",""University of Michigan"",""University of Wisconsin-Madison"",""University of California, Los Angeles"",""University of North Carolina at Chapel Hill"",""University of Pennsylvania"",""University of Texas at Austin"",""Georgia Institute of Technology"",""Johns Hopkins University"",""Ohio State University"",""University of California, San Diego"",""University of California, Irvine"",""University of California, Santa Barbara"",""University of Washington"",""Duke University"",""Purdue University"",""Rice University"",""Texas A&M University"",""University of Colorado Boulder"",""University of Minnesota"",""Emory University"",""Pennsylvania State University"",""University of Florida"",""University of Utah"",""Carnegie Mellon University"",""Indiana University Bloomington"",""University of California, Davis"",""Michigan State University"",""University of Pittsburgh"",""University of Virginia""]"
HT-4353c061-6308-42aa-92dc-4c1030a3c3a9,treatment,"[""Emil Hernandez-Pagan"",""Gustavo Scuseria"",""Francesco Evangelista"",""Ignacio Franco"",""Steven D. Townsend"",""Gregory H. Robinson"",""Kevin D. Walker"",""Squire J. Booker"",""Tania Lupoli"",""Jocelyn Alcantara-Garcia"",""Sharon L. Neal"",""Marc Anton Walters"",""Raphael F. Ribeiro"",""Samson A. Jenekhe"",""Rosina M. Georgiadis"",""Melissa Ramirez"",""Gabriel Gomes"",""Arturo Vegas"",""Ivan A. Moreno-Hernandez"",""Andrea Locke"",""Elon Ison"",""Isaac Garcia Bosch"",""Katrina Miranda"",""Luisa Whittakerbrooks"",""Malika Jeffriesel"",""Nadia G. Leonard"",""Stefano Sacanna"",""Rena A. S. Robinson"",""Phil Castellano"",""Edgar A. Arriaga"",""Claudia Avalos"",""Alisha Jones""]","[""University of California, Santa Barbara"",""University of Washington"",""Duke University"",""Purdue University"",""Rice University"",""Texas A&M University"",""University of Colorado Boulder"",""University of Minnesota"",""Emory University"",""Pennsylvania State University"",""University of Florida"",""University of Utah"",""Carnegie Mellon University"",""Indiana University Bloomington"",""University of California, Davis"",""Michigan State University"",""University of Pittsburgh"",""University of Virginia"",""Washington University in St. Louis"",""University of Maryland, College Park"",""University of Southern California"",""Vanderbilt University"",""Arizona State University"",""Brown University"",""Colorado State University"",""Iowa State University"",""New York University"",""University of Arizona"",""University of Massachusetts Amherst"",""Boston College"",""Dartmouth College"",""Florida State University"",""North Carolina State University"",""Stony Brook University"",""University of Delaware"",""University of Georgia"",""University of Oregon"",""University of Rochester"",""Boston University"",""Brandeis University""]"
HT-0cfa416d-14f2-4aa8-b702-086adf7893a6,treatment,"[""Rosina M. Georgiadis"",""Claudia Avalos"",""Gene Hall"",""Sharon L. Neal"",""Jocelyn Alcantara-Garcia"",""Steven D. Townsend"",""Stefano Sacanna"",""Phil Castellano"",""Pere Miro"",""Diego Alzate-Sanchez"",""Jeanluc Ayitou"",""Boniface P. T. Fokwa"",""Carlos E. Crespo-Hernandez"",""Daniel A. Scherson"",""Elon Ison"",""Kevin D. Walker"",""Katrina Miranda"",""Thiago Monteiro Araujo Dos Santos"",""Malika Jeffriesel"",""Gabriel Gomes"",""Carlos E. Manzanares"",""Emil Hernandez-Pagan"",""Andrea Locke"",""Luisa Whittakerbrooks"",""Isaac Garcia Bosch"",""Jean Rivera-Rios"",""Ignacio Franco"",""Arturo Vegas"",""Luis R. De Jesus Baez"",""Tania Lupoli"",""Rena A. S. Robinson"",""Damilola Daramola"",""Gregory H. Robinson"",""Marc Anton Walters"",""Alisha Jones""]","[""University of Utah"",""Carnegie Mellon University"",""Indiana University Bloomington"",""University of California, Davis"",""Michigan State University"",""University of Pittsburgh"",""University of Virginia"",""Washington University in St. Louis"",""University of Maryland, College Park"",""University of Notre Dame"",""University of Southern California"",""Vanderbilt University"",""Arizona State University"",""Brown University"",""Colorado State University"",""Iowa State University"",""New York University"",""University of Arizona"",""University of Massachusetts Amherst"",""Boston College"",""Florida State University"",""North Carolina State University"",""Stony Brook University"",""University of Delaware"",""University of Georgia"",""University of Oregon"",""University of Rochester"",""Boston University"",""Brandeis University"",""Rutgers University-New Brunswick"",""Tufts University"",""University of Iowa"",""University of Kansas"",""Virginia Tech"",""Baylor University"",""Case Western Reserve University"",""Northeastern University"",""University at Buffalo"",""University of California, Riverside"",""University of Illinois Chicago""]"
HT-9f2e21fc-a87d-41b0-b9f1-2ff2cd736ac4,treatment,"[""Gerardo Gamez"",""Tobi Odeleye"",""Tendai Gadzikwa"",""Ampofo K. Darko"",""Noe T. Alvarez"",""Briana Simms"",""Suazette Reid Mooring"",""Aleeta M. Powe"",""Candice Bridge"",""Maria Contel"",""Omowunmi Sadik"",""Karin Chumbimunitorres"",""Christian Agatemor"",""Rabi Ann Musah"",""Mande Holford"",""Victor Garcia Lopez"",""Mariana Torrente"",""Terefe G. Habteyes"",""Sara Casado Zapico"",""Elizabeth Duran"",""Christopher Blaszczak-Boxe"",""Carlos D. Garcia Perez"",""Guillermo Geronanavarro"",""Lakeisha Mcclary"",""Zakiya Wilson-Kennedy"",""Columba De La Parra"",""Samuel G. Awuah"",""Frederick A. Luzzio"",""Erik A. Rodriguez"",""Jorge A. Morales"",""Daniel Kuroda"",""Yolanda A. Small"",""Edgardo Farinas"",""Marcelo I. Guzman"",""Wayne Harding"",""Naphtali Oconnor""]","[""University of South Carolina"",""University of Tennessee"",""Clemson University"",""Graduate Center, CUNY"",""Kansas State University"",""Louisiana State University"",""Syracuse University"",""University of Cincinnati"",""University of Kentucky"",""University of Nebraska-Lincoln"",""University of New Mexico"",""Washington State University"",""Auburn University"",""Binghamton University"",""Georgetown University"",""Tulane University"",""University of Alabama"",""University of Missouri"",""George Washington University"",""Georgia State University"",""Texas Tech University"",""University at Albany, SUNY"",""University of Maryland, Baltimore County"",""University of Miami"",""University of Oklahoma"",""West Virginia University"",""Drexel University"",""Ohio University"",""Oklahoma State University-Stillwater"",""University of Central Florida"",""University of Louisville"",""University of New Hampshire"",""University of South Florida"",""University of Texas at Dallas"",""University of Texas at San Antonio"",""Utah State University"",""Virginia Commonwealth University"",""New Jersey Institute of Technology"",""University of Alabama at Birmingham"",""University of Mississippi""]"
HT-1e14463e-7396-4097-a334-2f45ea235c71,treatment,"[""Rosina M. Georgiadis"",""Claudia Avalos"",""Gene Hall"",""Sharon L. Neal"",""Jocelyn Alcantara-Garcia"",""Steven D. Townsend"",""Stefano Sacanna"",""Phil Castellano"",""Pere Miro"",""Diego Alzate-Sanchez"",""Jeanluc Ayitou"",""Boniface P. T. Fokwa"",""Carlos E. Crespo-Hernandez"",""Daniel A. Scherson"",""Elon Ison"",""Kevin D. Walker"",""Katrina Miranda"",""Thiago Monteiro Araujo Dos Santos"",""Malika Jeffriesel"",""Gabriel Gomes"",""Carlos E. Manzanares"",""Emil Hernandez-Pagan"",""Andrea Locke"",""Luisa Whittakerbrooks"",""Isaac Garcia Bosch"",""Jean Rivera-Rios"",""Ignacio Franco"",""Arturo Vegas"",""Luis R. De Jesus Baez"",""Tania Lupoli"",""Rena A. S. Robinson"",""Damilola Daramola"",""Gregory H. Robinson"",""Marc Anton Walters"",""Alisha Jones""]","[""University of Utah"",""Carnegie Mellon University"",""Indiana University Bloomington"",""University of California, Davis"",""Michigan State University"",""University of Pittsburgh"",""University of Virginia"",""Washington University in St. Louis"",""University of Maryland, College Park"",""University of Notre Dame"",""University of Southern California"",""Vanderbilt University"",""Arizona State University"",""Brown University"",""Colorado State University"",""Iowa State University"",""New York University"",""University of Arizona"",""University of Massachusetts Amherst"",""Boston College"",""Florida State University"",""North Carolina State University"",""Stony Brook University"",""University of Delaware"",""University of Georgia"",""University of Oregon"",""University of Rochester"",""Boston University"",""Brandeis University"",""Rutgers University-New Brunswick"",""Tufts University"",""University of Iowa"",""University of Kansas"",""Virginia Tech"",""Baylor University"",""Case Western Reserve University"",""Northeastern University"",""University at Buffalo"",""University of California, Riverside"",""University of Illinois Chicago""]"
HT-9f2e21fc-a87d-41b0-b9f1-2ff2cd736ac4,treatment,"[""Gerardo Gamez"",""Tobi Odeleye"",""Tendai Gadzikwa"",""Ampofo K. Darko"",""Noe T. Alvarez"",""Briana Simms"",""Suazette Reid Mooring"",""Aleeta M. Powe"",""Candice Bridge"",""Maria Contel"",""Omowunmi Sadik"",""Karin Chumbimunitorres"",""Christian Agatemor"",""Rabi Ann Musah"",""Mande Holford"",""Victor Garcia Lopez"",""Mariana Torrente"",""Terefe G. Habteyes"",""Sara Casado Zapico"",""Elizabeth Duran"",""Christopher Blaszczak-Boxe"",""Carlos D. Garcia Perez"",""Guillermo Geronanavarro"",""Lakeisha Mcclary"",""Zakiya Wilson-Kennedy"",""Columba De La Parra"",""Samuel G. Awuah"",""Frederick A. Luzzio"",""Erik A. Rodriguez"",""Jorge A. Morales"",""Daniel Kuroda"",""Yolanda A. Small"",""Edgardo Farinas"",""Marcelo I. Guzman"",""Wayne Harding"",""Naphtali Oconnor""]","[""University of South Carolina"",""University of Tennessee"",""Clemson University"",""Graduate Center, CUNY"",""Kansas State University"",""Louisiana State University"",""Syracuse University"",""University of Cincinnati"",""University of Kentucky"",""University of Nebraska-Lincoln"",""University of New Mexico"",""Washington State University"",""Auburn University"",""Binghamton University"",""Georgetown University"",""Tulane University"",""University of Alabama"",""University of Missouri"",""George Washington University"",""Georgia State University"",""Texas Tech University"",""University at Albany, SUNY"",""University of Maryland, Baltimore County"",""University of Miami"",""University of Oklahoma"",""West Virginia University"",""Drexel University"",""Ohio University"",""Oklahoma State University-Stillwater"",""University of Central Florida"",""University of Louisville"",""University of New Hampshire"",""University of South Florida"",""University of Texas at Dallas"",""University of Texas at San Antonio"",""Utah State University"",""Virginia Commonwealth University"",""New Jersey Institute of Technology"",""University of Alabama at Birmingham"",""University of Mississippi""]"
HT-60c82a7e-060a-46c1-8530-0697dfcfe8ba,treatment,"[""Daniel Afosah"",""Frederick A. Luzzio"",""Edgardo Farinas"",""Omowunmi Sadik"",""Aleeta M. Powe"",""Colleen Scott"",""Paul Adams"",""Christian Agatemor"",""Tanei J. Ricks"",""Ana De Bettencourt-Dias"",""Virginia Montiel-Palma"",""Samuel Odoh"",""Tobi Odeleye"",""Mosissa Fayissa"",""Karin Chumbimunitorres"",""Elizabeth Duran"",""Kayunta Johnson-Winters"",""Candice Bridge"",""Ernesto Abel-Santos"",""Rabi Ann Musah"",""Sara Casado Zapico""]","[""University at Albany, SUNY"",""University of Maryland, Baltimore County"",""University of Miami"",""University of Oklahoma"",""West Virginia University"",""Drexel University"",""Ohio University"",""Oklahoma State University-Stillwater"",""University of Central Florida"",""University of Louisville"",""University of New Hampshire"",""University of South Florida"",""University of Texas at Dallas"",""University of Texas at San Antonio"",""Utah State University"",""Virginia Commonwealth University"",""New Jersey Institute of Technology"",""University of Alabama at Birmingham"",""University of Mississippi"",""University of Nevada, Reno"",""University of Texas at Arlington"",""University of Wisconsin-Milwaukee"",""Mississippi State University"",""University of Alabama in Huntsville"",""University of Colorado Denver"",""University of Arkansas"",""University of Denver"",""University of Montana"",""University of North Texas"",""University of Hawaii at Manoa"",""University of Texas at El Paso"",""George Mason University"",""North Dakota State University"",""Old Dominion University"",""University of Maine"",""University of Nevada, Las Vegas"",""University of Southern Mississippi"",""University of Louisiana at Lafayette"",""Kent State University"",""University of Memphis""]"
HT-1e14463e-7396-4097-a334-2f45ea235c71,treatment,"[""Rosina M. Georgiadis"",""Claudia Avalos"",""Gene Hall"",""Sharon L. Neal"",""Jocelyn Alcantara-Garcia"",""Steven D. Townsend"",""Stefano Sacanna"",""Phil Castellano"",""Pere Miro"",""Diego Alzate-Sanchez"",""Jeanluc Ayitou"",""Boniface P. T. Fokwa"",""Carlos E. Crespo-Hernandez"",""Daniel A. Scherson"",""Elon Ison"",""Kevin D. Walker"",""Katrina Miranda"",""Thiago Monteiro Araujo Dos Santos"",""Malika Jeffriesel"",""Gabriel Gomes"",""Carlos E. Manzanares"",""Emil Hernandez-Pagan"",""Andrea Locke"",""Luisa Whittakerbrooks"",""Isaac Garcia Bosch"",""Jean Rivera-Rios"",""Ignacio Franco"",""Arturo Vegas"",""Luis R. De Jesus Baez"",""Tania Lupoli"",""Rena A. S. Robinson"",""Damilola Daramola"",""Gregory H. Robinson"",""Marc Anton Walters"",""Alisha Jones""]","[""University of Utah"",""Carnegie Mellon University"",""Indiana University Bloomington"",""University of California, Davis"",""Michigan State University"",""University of Pittsburgh"",""University of Virginia"",""Washington University in St. Louis"",""University of Maryland, College Park"",""University of Notre Dame"",""University of Southern California"",""Vanderbilt University"",""Arizona State University"",""Brown University"",""Colorado State University"",""Iowa State University"",""New York University"",""University of Arizona"",""University of Massachusetts Amherst"",""Boston College"",""Florida State University"",""North Carolina State University"",""Stony Brook University"",""University of Delaware"",""University of Georgia"",""University of Oregon"",""University of Rochester"",""Boston University"",""Brandeis University"",""Rutgers University-New Brunswick"",""Tufts University"",""University of Iowa"",""University of Kansas"",""Virginia Tech"",""Baylor University"",""Case Western Reserve University"",""Northeastern University"",""University at Buffalo"",""University of California, Riverside"",""University of Illinois Chicago""]"
HT-60c82a7e-060a-46c1-8530-0697dfcfe8ba,treatment,"[""Daniel Afosah"",""Frederick A. Luzzio"",""Edgardo Farinas"",""Omowunmi Sadik"",""Aleeta M. Powe"",""Colleen Scott"",""Paul Adams"",""Christian Agatemor"",""Tanei J. Ricks"",""Ana De Bettencourt-Dias"",""Virginia Montiel-Palma"",""Samuel Odoh"",""Tobi Odeleye"",""Mosissa Fayissa"",""Karin Chumbimunitorres"",""Elizabeth Duran"",""Kayunta Johnson-Winters"",""Candice Bridge"",""Ernesto Abel-Santos"",""Rabi Ann Musah"",""Sara Casado Zapico""]","[""University at Albany, SUNY"",""University of Maryland, Baltimore County"",""University of Miami"",""University of Oklahoma"",""West Virginia University"",""Drexel University"",""Ohio University"",""Oklahoma State University-Stillwater"",""University of Central Florida"",""University of Louisville"",""University of New Hampshire"",""University of South Florida"",""University of Texas at Dallas"",""University of Texas at San Antonio"",""Utah State University"",""Virginia Commonwealth University"",""New Jersey Institute of Technology"",""University of Alabama at Birmingham"",""University of Mississippi"",""University of Nevada, Reno"",""University of Texas at Arlington"",""University of Wisconsin-Milwaukee"",""Mississippi State University"",""University of Alabama in Huntsville"",""University of Colorado Denver"",""University of Arkansas"",""University of Denver"",""University of Montana"",""University of North Texas"",""University of Hawaii at Manoa"",""University of Texas at El Paso"",""George Mason University"",""North Dakota State University"",""Old Dominion University"",""University of Maine"",""University of Nevada, Las Vegas"",""University of Southern Mississippi"",""University of Louisiana at Lafayette"",""Kent State University"",""University of Memphis""]"
HT-08a6b93a-12eb-43a5-8395-2cd6f69490a9,treatment,"[""Raphael F. Ribeiro"",""Oleta Johnson"",""Nadia G. Leonard"",""Stephen Maldonado"",""Melissa Ramirez"",""Edgar A. Arriaga"",""Jose A. Rodriguez"",""Squire J. Booker"",""Laura M.K. Dassama"",""Joaquin Rodriguez-Lopez"",""Ivan A. Moreno-Hernandez"",""Isaac Garcia Bosch"",""Sidney Wilkersonhill"",""Francesco Evangelista"",""Carlos J. Bustamante"",""Samson A. Jenekhe"",""Gabriel Gomes"",""Richmond Sarpong"",""Monica Olvera De La Cruz"",""Luisa Whittakerbrooks"",""Gustavo Scuseria"",""Theodore Goodson III"",""Kevin D. Walker"",""Robert J. Gilliard Jr.""]","[""California Institute of Technology"",""Massachusetts Institute of Technology"",""University of California, Berkeley"",""Harvard University"",""Stanford University"",""Northwestern University"",""Princeton University"",""University of Chicago"",""University of Illinois Urbana-Champaign"",""Columbia University"",""Cornell University"",""Yale University"",""University of Michigan"",""University of Wisconsin-Madison"",""University of California, Los Angeles"",""University of North Carolina at Chapel Hill"",""University of Pennsylvania"",""University of Texas at Austin"",""Johns Hopkins University"",""Ohio State University"",""University of California, San Diego"",""University of California, Irvine"",""University of California, Santa Barbara"",""University of Washington"",""Duke University"",""Purdue University"",""Rice University"",""Texas A&M University"",""University of Colorado Boulder"",""University of Minnesota"",""Emory University"",""Pennsylvania State University"",""University of Florida"",""University of Utah"",""Carnegie Mellon University"",""Indiana University Bloomington"",""University of California, Davis"",""Michigan State University"",""University of Pittsburgh"",""University of Virginia""]"
HT-08a6b93a-12eb-43a5-8395-2cd6f69490a9,treatment,"[""Raphael F. Ribeiro"",""Oleta Johnson"",""Nadia G. Leonard"",""Stephen Maldonado"",""Melissa Ramirez"",""Edgar A. Arriaga"",""Jose A. Rodriguez"",""Squire J. Booker"",""Laura M.K. Dassama"",""Joaquin Rodriguez-Lopez"",""Ivan A. Moreno-Hernandez"",""Isaac Garcia Bosch"",""Sidney Wilkersonhill"",""Francesco Evangelista"",""Carlos J. Bustamante"",""Samson A. Jenekhe"",""Gabriel Gomes"",""Richmond Sarpong"",""Monica Olvera De La Cruz"",""Luisa Whittakerbrooks"",""Gustavo Scuseria"",""Theodore Goodson III"",""Kevin D. Walker"",""Robert J. Gilliard Jr.""]","[""California Institute of Technology"",""Massachusetts Institute of Technology"",""University of California, Berkeley"",""Harvard University"",""Stanford University"",""Northwestern University"",""Princeton University"",""University of Chicago"",""University of Illinois Urbana-Champaign"",""Columbia University"",""Cornell University"",""Yale University"",""University of Michigan"",""University of Wisconsin-Madison"",""University of California, Los Angeles"",""University of North Carolina at Chapel Hill"",""University of Pennsylvania"",""University of Texas at Austin"",""Johns Hopkins University"",""Ohio State University"",""University of California, San Diego"",""University of California, Irvine"",""University of California, Santa Barbara"",""University of Washington"",""Duke University"",""Purdue University"",""Rice University"",""Texas A&M University"",""University of Colorado Boulder"",""University of Minnesota"",""Emory University"",""Pennsylvania State University"",""University of Florida"",""University of Utah"",""Carnegie Mellon University"",""Indiana University Bloomington"",""University of California, Davis"",""Michigan State University"",""University of Pittsburgh"",""University of Virginia""]"
HT-5054f8b3-01c2-41b4-b78f-7f7f53101450,treatment,,
HT-6a9dba3d-a038-4fe4-9f0a-f25bf1a62e06,treatment,"[""Stefan France"",""Raphael F. Ribeiro"",""Nadia G. Leonard"",""Edgar A. Arriaga"",""Sidney Wilkersonhill"",""Adegboyega Yomi Oyelere"",""Melissa Ramirez"",""Squire J. Booker"",""Theodore Goodson III"",""Jose A. Rodriguez"",""Ivan A. Moreno-Hernandez"",""Joaquin Rodriguez-Lopez"",""Richmond Sarpong"",""Isaac Garcia Bosch"",""Monica Olvera De La Cruz"",""Francesco Evangelista"",""Laura M.K. Dassama"",""Samson A. Jenekhe"",""Gabriel Gomes"",""Carlos J. Bustamante"",""Kevin D. Walker"",""Luisa Whittakerbrooks"",""Gustavo Scuseria"",""Stephen Maldonado"",""Robert J. Gilliard Jr."",""Oleta Johnson""]","[""California Institute of Technology"",""Massachusetts Institute of Technology"",""University of California, Berkeley"",""Harvard University"",""Stanford University"",""Northwestern University"",""Princeton University"",""University of Chicago"",""University of Illinois Urbana-Champaign"",""Columbia University"",""Cornell University"",""Yale University"",""University of Michigan"",""University of Wisconsin-Madison"",""University of California, Los Angeles"",""University of North Carolina at Chapel Hill"",""University of Texas at Austin"",""Georgia Institute of Technology"",""Johns Hopkins University"",""Ohio State University"",""University of California, San Diego"",""University of California, Irvine"",""University of California, Santa Barbara"",""University of Washington"",""Duke University"",""Purdue University"",""Rice University"",""Texas A&M University"",""University of Colorado Boulder"",""University of Minnesota"",""Emory University"",""Pennsylvania State University"",""University of Florida"",""University of Utah"",""Carnegie Mellon University"",""Indiana University Bloomington"",""University of California, Davis"",""Michigan State University"",""University of Pittsburgh"",""University of Virginia""]"
HT-bbc34d13-9ec5-410c-b79f-019d65848bf8,treatment,"[""Alisha Jones"",""Tania Lupoli"",""Claudia Avalos"",""Gregory H. Robinson"",""Ivan A. Moreno-Hernandez"",""Gustavo Scuseria"",""Samson A. Jenekhe"",""Katrina Miranda"",""Steven D. Townsend"",""Kevin D. Walker"",""Ignacio Franco"",""Emil Hernandez-Pagan"",""Sharon L. Neal"",""Francesco Evangelista"",""Gabriel Gomes"",""Jocelyn Alcantara-Garcia"",""Edgar A. Arriaga"",""Phil Castellano"",""Raphael F. Ribeiro"",""Andrea Locke"",""Luisa Whittakerbrooks"",""Isaac Garcia Bosch"",""Nadia G. Leonard"",""Elon Ison"",""Rena A. S. Robinson"",""Squire J. Booker"",""Melissa Ramirez"",""Stefano Sacanna"",""Marc Anton Walters""]","[""University of California, San Diego"",""University of California, Irvine"",""University of California, Santa Barbara"",""University of Washington"",""Duke University"",""Purdue University"",""Rice University"",""Texas A&M University"",""University of Colorado Boulder"",""University of Minnesota"",""Emory University"",""Pennsylvania State University"",""University of Florida"",""University of Utah"",""Carnegie Mellon University"",""Indiana University Bloomington"",""University of California, Davis"",""Michigan State University"",""University of Pittsburgh"",""University of Virginia"",""University of Maryland, College Park"",""University of Notre Dame"",""University of Southern California"",""Vanderbilt University"",""Arizona State University"",""Brown University"",""Colorado State University"",""Iowa State University"",""New York University"",""University of Arizona"",""University of Massachusetts Amherst"",""Boston College"",""Dartmouth College"",""Florida State University"",""North Carolina State University"",""Stony Brook University"",""University of Delaware"",""University of Georgia"",""University of Oregon"",""University of Rochester""]"
HT-3e60488f-9c10-4fab-98dc-a8e2a6f70194,treatment,"[""Raphael F. Ribeiro"",""Adegboyega Yomi Oyelere"",""Richmond Sarpong"",""Nadia G. Leonard"",""Melissa Ramirez"",""Edgar A. Arriaga"",""Carlos J. Bustamante"",""Kevin D. Walker"",""Squire J. Booker"",""Jose A. Rodriguez"",""Ivan A. Moreno-Hernandez"",""Isaac Garcia Bosch"",""Sidney Wilkersonhill"",""Francesco Evangelista"",""Gustavo Scuseria"",""Samson A. Jenekhe"",""Gabriel Gomes"",""Laura M.K. Dassama"",""Robert J. Gilliard Jr."",""Luisa Whittakerbrooks"",""Monica Olvera De La Cruz"",""Joaquin Rodriguez-Lopez"",""Oleta Johnson"",""Stefan France""]","[""California Institute of Technology"",""Massachusetts Institute of Technology"",""University of California, Berkeley"",""Harvard University"",""Stanford University"",""Northwestern University"",""Princeton University"",""University of Chicago"",""University of Illinois Urbana-Champaign"",""Columbia University"",""Cornell University"",""Yale University"",""University of Wisconsin-Madison"",""University of California, Los Angeles"",""University of North Carolina at Chapel Hill"",""University of Pennsylvania"",""University of Texas at Austin"",""Georgia Institute of Technology"",""Johns Hopkins University"",""Ohio State University"",""University of California, San Diego"",""University of California, Irvine"",""University of California, Santa Barbara"",""University of Washington"",""Duke University"",""Purdue University"",""Rice University"",""Texas A&M University"",""University of Colorado Boulder"",""University of Minnesota"",""Emory University"",""Pennsylvania State University"",""University of Florida"",""University of Utah"",""Carnegie Mellon University"",""Indiana University Bloomington"",""University of California, Davis"",""Michigan State University"",""University of Pittsburgh"",""University of Virginia""]"
HT-211a48f5-45ec-4a55-9971-7e15c7521878,treatment,"[""Damilola Daramola"",""Steven D. Townsend"",""Rosina M. Georgiadis"",""Luis R. De Jesus Baez"",""Ampofo K. Darko"",""Sharon L. Neal"",""Alisha Jones"",""Elon Ison"",""Rena A. S. Robinson"",""Jean Rivera-Rios"",""Alfredo Angeles-Boza"",""Jocelyn Alcantara-Garcia"",""Carlos D. Garcia Perez"",""Pere Miro"",""Claudia Avalos"",""Boniface P. T. Fokwa"",""Gene Hall"",""Malika Jeffriesel"",""Carlos E. Crespo-Hernandez"",""Carlos E. Manzanares"",""Emil Hernandez-Pagan"",""Andrea Locke"",""Diego Alzate-Sanchez"",""Daniel A. Scherson"",""Jeanluc Ayitou"",""Ignacio Franco"",""Arturo Vegas"",""Katrina Miranda"",""Phil Castellano"",""Tania Lupoli"",""Thiago Monteiro Araujo Dos Santos"",""Gregory H. Robinson"",""Stefano Sacanna"",""Marc Anton Walters""]","[""Vanderbilt University"",""Arizona State University"",""Brown University"",""Colorado State University"",""Iowa State University"",""New York University"",""University of Arizona"",""University of Massachusetts Amherst"",""Boston College"",""Dartmouth College"",""Florida State University"",""North Carolina State University"",""Stony Brook University"",""University of Delaware"",""University of Georgia"",""University of Oregon"",""University of Rochester"",""Boston University"",""Brandeis University"",""Rutgers University-New Brunswick"",""University of Iowa"",""University of Kansas"",""Virginia Tech"",""Baylor University"",""Case Western Reserve University"",""Northeastern University"",""University at Buffalo"",""University of California, Riverside"",""University of Illinois Chicago"",""Oregon State University"",""University of Connecticut"",""University of Houston"",""Wayne State University"",""Colorado School of Mines"",""Rensselaer Polytechnic Institute"",""Temple University"",""University of California, Santa Cruz"",""University of South Carolina"",""University of Tennessee"",""Clemson University""]"
HC-4c0fe5ff-791e-43b2-8a52-c9022dc31f83,control,,"[""Carnegie Mellon University"",""Indiana University Bloomington"",""University of California, Davis"",""Michigan State University"",""University of Pittsburgh"",""University of Virginia"",""Washington University in St. Louis"",""University of Maryland, College Park"",""University of Notre Dame"",""University of Southern California"",""Vanderbilt University"",""Arizona State University"",""Brown University"",""Colorado State University"",""Iowa State University"",""New York University"",""University of Arizona"",""University of Massachusetts Amherst"",""Boston College"",""Dartmouth College"",""North Carolina State University"",""Stony Brook University"",""University of Delaware"",""University of Georgia"",""University of Oregon"",""University of Rochester"",""Boston University"",""Brandeis University"",""Rutgers University-New Brunswick"",""Tufts University"",""University of Iowa"",""University of Kansas"",""Virginia Tech"",""Baylor University"",""Case Western Reserve University"",""Northeastern University"",""University at Buffalo"",""University of California, Riverside"",""University of Illinois Chicago"",""Oregon State University""]"
HC-2d81f4a0-e4c5-4829-8f14-5da5b60c7bcd,control,,"[""Johns Hopkins University"",""Ohio State University"",""University of California, San Diego"",""University of California, Irvine"",""University of California, Santa Barbara"",""University of Washington"",""Duke University"",""Purdue University"",""Rice University"",""Texas A&M University"",""University of Colorado Boulder"",""University of Minnesota"",""Emory University"",""Pennsylvania State University"",""University of Florida"",""University of Utah"",""Carnegie Mellon University"",""Indiana University Bloomington"",""University of California, Davis"",""Michigan State University"",""University of Virginia"",""Washington University in St. Louis"",""University of Maryland, College Park"",""University of Notre Dame"",""University of Southern California"",""Vanderbilt University"",""Arizona State University"",""Brown University"",""Colorado State University"",""Iowa State University"",""New York University"",""University of Arizona"",""University of Massachusetts Amherst"",""Boston College"",""Dartmouth College"",""Florida State University"",""North Carolina State University"",""Stony Brook University"",""University of Delaware"",""University of Georgia""]"
HC-11d94491-d40f-45c2-9a27-fefa601803f9,control,,
HC-2020e287-7c34-4e72-9b6c-ae47f8669cdf,control,,
HC-d153caf3-8bd9-418d-ae00-e4c3790864e6,control,,"[""Cornell University"",""Yale University"",""University of Michigan"",""University of Wisconsin-Madison"",""University of California, Los Angeles"",""University of North Carolina at Chapel Hill"",""University of Pennsylvania"",""University of Texas at Austin"",""Georgia Institute of Technology"",""Johns Hopkins University"",""Ohio State University"",""University of California, San Diego"",""University of California, Irvine"",""University of California, Santa Barbara"",""University of Washington"",""Duke University"",""Purdue University"",""Rice University"",""Texas A&M University"",""University of Colorado Boulder"",""Emory University"",""Pennsylvania State University"",""University of Florida"",""University of Utah"",""Carnegie Mellon University"",""Indiana University Bloomington"",""University of California, Davis"",""Michigan State University"",""University of Pittsburgh"",""University of Virginia"",""Washington University in St. Louis"",""University of Maryland, College Park"",""University of Notre Dame"",""University of Southern California"",""Vanderbilt University"",""Arizona State University"",""Brown University"",""Colorado State University"",""Iowa State University"",""New York University""]"
HC-7b7de20c-9e41-498d-bf5a-517152d814e3,control,,"[""Rice University"",""Texas A&M University"",""University of Colorado Boulder"",""University of Minnesota"",""Emory University"",""Pennsylvania State University"",""University of Florida"",""University of Utah"",""Carnegie Mellon University"",""Indiana University Bloomington"",""University of California, Davis"",""Michigan State University"",""University of Pittsburgh"",""University of Virginia"",""Washington University in St. Louis"",""University of Maryland, College Park"",""University of Notre Dame"",""University of Southern California"",""Vanderbilt University"",""Arizona State University"",""Colorado State University"",""Iowa State University"",""New York University"",""University of Arizona"",""University of Massachusetts Amherst"",""Boston College"",""Dartmouth College"",""Florida State University"",""North Carolina State University"",""Stony Brook University"",""University of Delaware"",""University of Georgia"",""University of Oregon"",""University of Rochester"",""Boston University"",""Brandeis University"",""Rutgers University-New Brunswick"",""Tufts University"",""University of Iowa"",""University of Kansas""]"
HC-7b7de20c-9e41-498d-bf5a-517152d814e3,control,,"[""Rice University"",""Texas A&M University"",""University of Colorado Boulder"",""University of Minnesota"",""Emory University"",""Pennsylvania State University"",""University of Florida"",""University of Utah"",""Carnegie Mellon University"",""Indiana University Bloomington"",""University of California, Davis"",""Michigan State University"",""University of Pittsburgh"",""University of Virginia"",""Washington University in St. Louis"",""University of Maryland, College Park"",""University of Notre Dame"",""University of Southern California"",""Vanderbilt University"",""Arizona State University"",""Colorado State University"",""Iowa State University"",""New York University"",""University of Arizona"",""University of Massachusetts Amherst"",""Boston College"",""Dartmouth College"",""Florida State University"",""North Carolina State University"",""Stony Brook University"",""University of Delaware"",""University of Georgia"",""University of Oregon"",""University of Rochester"",""Boston University"",""Brandeis University"",""Rutgers University-New Brunswick"",""Tufts University"",""University of Iowa"",""University of Kansas""]"
HC-dba40e0b-4b0d-460d-bf0c-fbac82a0b264,control,,"[""Binghamton University"",""Georgetown University"",""Tulane University"",""University of Alabama"",""University of Missouri"",""George Washington University"",""Georgia State University"",""Montana State University"",""Texas Tech University"",""University at Albany, SUNY"",""University of Maryland, Baltimore County"",""University of Miami"",""University of Oklahoma"",""West Virginia University"",""Drexel University"",""Ohio University"",""Oklahoma State University-Stillwater"",""University of Central Florida"",""University of Louisville"",""University of New Hampshire"",""University of Texas at Dallas"",""University of Texas at San Antonio"",""Utah State University"",""Virginia Commonwealth University"",""New Jersey Institute of Technology"",""University of Alabama at Birmingham"",""University of Mississippi"",""University of Nevada, Reno"",""University of Texas at Arlington"",""University of Wisconsin-Milwaukee"",""Mississippi State University"",""University of Alabama in Huntsville"",""University of Colorado Denver"",""University of Arkansas"",""University of Denver"",""University of Montana"",""University of North Texas"",""University of Hawaii at Manoa"",""University of Texas at El Paso"",""Florida International University""]"
HC-56278472-8ea9-438f-bb96-05f7b9247198,control,,
HC-1c1aac14-73da-4d7a-a543-37c26a97eba9,control,,"[""California Institute of Technology"",""Massachusetts Institute of Technology"",""University of California, Berkeley"",""Harvard University"",""Stanford University"",""Northwestern University"",""Princeton University"",""University of Chicago"",""University of Illinois Urbana-Champaign"",""Columbia University"",""Cornell University"",""Yale University"",""University of Michigan"",""University of Wisconsin-Madison"",""University of California, Los Angeles"",""University of Pennsylvania"",""University of Texas at Austin"",""Georgia Institute of Technology"",""Johns Hopkins University"",""Ohio State University"",""University of California, San Diego"",""University of California, Irvine"",""University of California, Santa Barbara"",""University of Washington"",""Duke University"",""Purdue University"",""Rice University"",""Texas A&M University"",""University of Colorado Boulder"",""University of Minnesota"",""Emory University"",""Pennsylvania State University"",""University of Florida"",""University of Utah"",""Carnegie Mellon University"",""Indiana University Bloomington"",""University of California, Davis"",""Michigan State University"",""University of Pittsburgh"",""University of Virginia""]"
HC-4426ca23-d086-462f-8cf4-318ce28a2fa1,control,,"[""California Institute of Technology"",""Massachusetts Institute of Technology"",""University of California, Berkeley"",""Harvard University"",""Stanford University"",""Northwestern University"",""Princeton University"",""University of Chicago"",""University of Illinois Urbana-Champaign"",""Columbia University"",""Cornell University"",""Yale University"",""University of Michigan"",""University of Wisconsin-Madison"",""University of California, Los Angeles"",""University of Pennsylvania"",""University of Texas at Austin"",""Georgia Institute of Technology"",""Johns Hopkins University"",""Ohio State University"",""University of California, San Diego"",""University of California, Irvine"",""University of California, Santa Barbara"",""University of Washington"",""Duke University"",""Purdue University"",""Rice University"",""Texas A&M University"",""University of Colorado Boulder"",""University of Minnesota"",""Emory University"",""Pennsylvania State University"",""University of Florida"",""University of Utah"",""Carnegie Mellon University"",""Indiana University Bloomington"",""University of California, Davis"",""Michigan State University"",""University of Pittsburgh"",""University of Virginia""]"
HC-8b73b2b9-2065-49f6-8976-da51b8a38948,control,,"[""Pennsylvania State University"",""University of Florida"",""University of Utah"",""Carnegie Mellon University"",""Indiana University Bloomington"",""University of California, Davis"",""Michigan State University"",""University of Pittsburgh"",""University of Virginia"",""Washington University in St. Louis"",""University of Maryland, College Park"",""University of Notre Dame"",""University of Southern California"",""Vanderbilt University"",""Arizona State University"",""Brown University"",""Colorado State University"",""Iowa State University"",""New York University"",""University of Arizona"",""Boston College"",""Dartmouth College"",""Florida State University"",""North Carolina State University"",""Stony Brook University"",""University of Delaware"",""University of Georgia"",""University of Oregon"",""University of Rochester"",""Boston University"",""Brandeis University"",""Rutgers University-New Brunswick"",""Tufts University"",""University of Iowa"",""University of Kansas"",""Virginia Tech"",""Baylor University"",""Case Western Reserve University"",""Northeastern University"",""University at Buffalo""]"
HC-865932b5-9550-4e34-896a-25d07fb73ede,control,,"[""Arizona State University"",""Brown University"",""Colorado State University"",""Iowa State University"",""New York University"",""University of Arizona"",""University of Massachusetts Amherst"",""Boston College"",""Dartmouth College"",""Florida State University"",""North Carolina State University"",""Stony Brook University"",""University of Delaware"",""University of Georgia"",""University of Oregon"",""University of Rochester"",""Boston University"",""Brandeis University"",""Rutgers University-New Brunswick"",""Tufts University"",""University of Kansas"",""Virginia Tech"",""Baylor University"",""Case Western Reserve University"",""Northeastern University"",""University at Buffalo"",""University of California, Riverside"",""University of Illinois Chicago"",""Oregon State University"",""University of Connecticut"",""University of Houston"",""Wayne State University"",""Colorado School of Mines"",""Rensselaer Polytechnic Institute"",""Temple University"",""University of California, Santa Cruz"",""University of South Carolina"",""University of Tennessee"",""Clemson University"",""Graduate Center, CUNY""]"
HC-f8bcd26f-3199-4f73-8c7b-18ac87130bda,control,,"[""University of Minnesota"",""Emory University"",""Pennsylvania State University"",""University of Florida"",""University of Utah"",""Carnegie Mellon University"",""Indiana University Bloomington"",""University of California, Davis"",""Michigan State University"",""University of Pittsburgh"",""University of Virginia"",""Washington University in St. Louis"",""University of Maryland, College Park"",""University of Notre Dame"",""University of Southern California"",""Vanderbilt University"",""Arizona State University"",""Brown University"",""Colorado State University"",""Iowa State University"",""University of Arizona"",""University of Massachusetts Amherst"",""Boston College"",""Dartmouth College"",""Florida State University"",""North Carolina State University"",""Stony Brook University"",""University of Delaware"",""University of Georgia"",""University of Oregon"",""University of Rochester"",""Boston University"",""Brandeis University"",""Rutgers University-New Brunswick"",""Tufts University"",""University of Iowa"",""University of Kansas"",""Virginia Tech"",""Baylor University"",""Case Western Reserve University""]"
HC-5896cbee-fc5c-4aa2-ae24-04e1f8fc00fb,control,,"[""Indiana University Bloomington"",""University of California, Davis"",""Michigan State University"",""University of Pittsburgh"",""University of Virginia"",""Washington University in St. Louis"",""University of Maryland, College Park"",""University of Notre Dame"",""University of Southern California"",""Vanderbilt University"",""Arizona State University"",""Brown University"",""Colorado State University"",""Iowa State University"",""New York University"",""University of Arizona"",""University of Massachusetts Amherst"",""Boston College"",""Dartmouth College"",""Florida State University"",""Stony Brook University"",""University of Delaware"",""University of Georgia"",""University of Oregon"",""University of Rochester"",""Boston University"",""Brandeis University"",""Rutgers University-New Brunswick"",""Tufts University"",""University of Iowa"",""University of Kansas"",""Virginia Tech"",""Baylor University"",""Case Western Reserve University"",""Northeastern University"",""University at Buffalo"",""University of California, Riverside"",""University of Illinois Chicago"",""Oregon State University"",""University of Connecticut""]"
HC-4c0fe5ff-791e-43b2-8a52-c9022dc31f83,control,,"[""Carnegie Mellon University"",""Indiana University Bloomington"",""University of California, Davis"",""Michigan State University"",""University of Pittsburgh"",""University of Virginia"",""Washington University in St. Louis"",""University of Maryland, College Park"",""University of Notre Dame"",""University of Southern California"",""Vanderbilt University"",""Arizona State University"",""Brown University"",""Colorado State University"",""Iowa State University"",""New York University"",""University of Arizona"",""University of Massachusetts Amherst"",""Boston College"",""Dartmouth College"",""North Carolina State University"",""Stony Brook University"",""University of Delaware"",""University of Georgia"",""University of Oregon"",""University of Rochester"",""Boston University"",""Brandeis University"",""Rutgers University-New Brunswick"",""Tufts University"",""University of Iowa"",""University of Kansas"",""Virginia Tech"",""Baylor University"",""Case Western Reserve University"",""Northeastern University"",""University at Buffalo"",""University of California, Riverside"",""University of Illinois Chicago"",""Oregon State University""]"
HC-a3022b4d-19c1-4fca-ad59-3d831ca9eed9,control,,"[""University of Georgia"",""University of Oregon"",""University of Rochester"",""Boston University"",""Brandeis University"",""Rutgers University-New Brunswick"",""Tufts University"",""University of Iowa"",""University of Kansas"",""Virginia Tech"",""Baylor University"",""Case Western Reserve University"",""Northeastern University"",""University at Buffalo"",""University of California, Riverside"",""University of Illinois Chicago"",""Oregon State University"",""University of Connecticut"",""University of Houston"",""Wayne State University"",""Rensselaer Polytechnic Institute"",""Temple University"",""University of California, Santa Cruz"",""University of South Carolina"",""University of Tennessee"",""Clemson University"",""Graduate Center, CUNY"",""Kansas State University"",""Louisiana State University"",""Syracuse University"",""University of Cincinnati"",""University of Kentucky"",""University of Nebraska-Lincoln"",""University of New Mexico"",""Washington State University"",""Auburn University"",""Binghamton University"",""Georgetown University"",""Tulane University"",""University of Alabama""]"
HC-44af84d2-c709-4bca-b8d9-3265b306c0e3,control,,"[""Massachusetts Institute of Technology"",""University of California, Berkeley"",""Harvard University"",""Stanford University"",""Northwestern University"",""Princeton University"",""University of Chicago"",""University of Illinois Urbana-Champaign"",""Columbia University"",""Cornell University"",""Yale University"",""University of Michigan"",""University of Wisconsin-Madison"",""University of California, Los Angeles"",""University of North Carolina at Chapel Hill"",""University of Pennsylvania"",""University of Texas at Austin"",""Georgia Institute of Technology"",""Johns Hopkins University"",""Ohio State University"",""University of California, San Diego"",""University of California, Irvine"",""University of California, Santa Barbara"",""University of Washington"",""Duke University"",""Purdue University"",""Rice University"",""Texas A&M University"",""University of Colorado Boulder"",""University of Minnesota"",""Emory University"",""Pennsylvania State University"",""University of Florida"",""University of Utah"",""Carnegie Mellon University"",""Indiana University Bloomington"",""University of California, Davis"",""Michigan State University"",""University of Pittsburgh"",""University of Virginia""]"
HC-835bd494-3351-4b47-994d-01f44be09b5b,control,,"[""Massachusetts Institute of Technology"",""University of California, Berkeley"",""Harvard University"",""Stanford University"",""Northwestern University"",""Princeton University"",""University of Chicago"",""University of Illinois Urbana-Champaign"",""Columbia University"",""Cornell University"",""Yale University"",""University of Michigan"",""University of Wisconsin-Madison"",""University of California, Los Angeles"",""University of North Carolina at Chapel Hill"",""University of Pennsylvania"",""University of Texas at Austin"",""Georgia Institute of Technology"",""Johns Hopkins University"",""Ohio State University"",""University of California, Irvine"",""University of California, Santa Barbara"",""University of Washington"",""Duke University"",""Purdue University"",""Rice University"",""Texas A&M University"",""University of Colorado Boulder"",""University of Minnesota"",""Emory University"",""Pennsylvania State University"",""University of Florida"",""University of Utah"",""Carnegie Mellon University"",""Indiana University Bloomington"",""University of California, Davis"",""Michigan State University"",""University of Pittsburgh"",""University of Virginia"",""Washington University in St. Louis""]"
HC-94e06d62-ca8c-4094-8e99-dd498c1a194a,control,,"[""Indiana University Bloomington"",""University of California, Davis"",""Michigan State University"",""University of Pittsburgh"",""University of Virginia"",""Washington University in St. Louis"",""University of Maryland, College Park"",""University of Notre Dame"",""University of Southern California"",""Vanderbilt University"",""Arizona State University"",""Brown University"",""Colorado State University"",""Iowa State University"",""New York University"",""University of Arizona"",""University of Massachusetts Amherst"",""Boston College"",""Dartmouth College"",""Florida State University"",""Stony Brook University"",""University of Delaware"",""University of Georgia"",""University of Oregon"",""University of Rochester"",""Boston University"",""Brandeis University"",""Rutgers University-New Brunswick"",""Tufts University"",""University of Iowa"",""University of Kansas"",""Virginia Tech"",""Baylor University"",""Case Western Reserve University"",""Northeastern University"",""University at Buffalo"",""University of California, Riverside"",""University of Illinois Chicago"",""Oregon State University"",""University of Connecticut""]"
HC-96680825-db98-4a92-9e1f-cf9a6d7e9d47,control,,"[""University of Pittsburgh"",""University of Virginia"",""Washington University in St. Louis"",""University of Maryland, College Park"",""University of Notre Dame"",""University of Southern California"",""Vanderbilt University"",""Arizona State University"",""Brown University"",""Colorado State University"",""Iowa State University"",""New York University"",""University of Arizona"",""University of Massachusetts Amherst"",""Boston College"",""Dartmouth College"",""Florida State University"",""North Carolina State University"",""Stony Brook University"",""University of Delaware"",""University of Oregon"",""University of Rochester"",""Boston University"",""Brandeis University"",""Rutgers University-New Brunswick"",""Tufts University"",""University of Iowa"",""University of Kansas"",""Virginia Tech"",""Baylor University"",""Case Western Reserve University"",""Northeastern University"",""University at Buffalo"",""University of California, Riverside"",""University of Illinois Chicago"",""Oregon State University"",""University of Connecticut"",""University of Houston"",""Wayne State University"",""Colorado School of Mines""]"
HC-1b0a08fc-ab8c-468a-95b2-c67730df82ef,control,,
ST-18d6f82a-0617-4248-a9f4-3ea7f0dac993,treatment,"[""James Mickens"",""Donald Ebeigbe"",""Blaisepascal Tine"",""Shannon Roberts"",""Juan Jimenez"",""Marynel Vazquez"",""Andres Monroy Hernandez"",""Kunle Olukotun"",""Leilani Battle"",""Alexander Gamero-Garrido"",""Kevin B. Johnson"",""Raul Castro Fernandez"",""Saiph Savage"",""Russell Joseph"",""Vicente Ordonez Roman"",""Christopher Stewart"",""Ndapa Nakashole"",""Cindy Rubio Gonzalez"",""Fernanda Viegas"",""Michael Carbin"",""Brian A. Smith"",""Pablo Paredes"",""Ihudiya Finda Williams"",""Chris Brown"",""Ricardo Baezayates"",""Saadia Gabriel"",""Charles Lee Isbell Jr."",""Owolabi Legunsen"",""Imani Munyaka"",""Gustavo Adolfo Junipero Rodriguez-Rivera"",""Kim Blenman"",""Anthony D. Joseph"",""Alejandro Ribeiro"",""Adji Bousso Dieng"",""Donald Williamson""]","[""Carnegie Mellon University"",""Massachusetts Institute of Technology"",""Stanford University"",""University of California, Berkeley"",""University of Illinois Urbana-Champaign"",""Cornell University"",""Georgia Institute of Technology"",""University of Texas at Austin"",""University of Washington"",""Princeton University"",""Columbia University"",""California Institute of Technology"",""University of California, Los Angeles"",""University of California, San Diego"",""University of Wisconsin-Madison"",""Harvard University"",""University of Maryland, College Park"",""Purdue University"",""University of Pennsylvania"",""Duke University"",""University of Southern California"",""Yale University"",""Johns Hopkins University"",""University of Chicago"",""University of Massachusetts Amherst"",""Brown University"",""New York University"",""Northeastern University"",""Northwestern University"",""Ohio State University"",""Rice University"",""University of California, Irvine"",""University of California, Santa Barbara"",""University of North Carolina at Chapel Hill"",""University of California, Davis"",""University of Minnesota"",""University of Virginia"",""Boston College"",""Virginia Tech"",""Pennsylvania State University""]"
ST-18d6f82a-0617-4248-a9f4-3ea7f0dac993,treatment,"[""James Mickens"",""Donald Ebeigbe"",""Blaisepascal Tine"",""Shannon Roberts"",""Juan Jimenez"",""Marynel Vazquez"",""Andres Monroy Hernandez"",""Kunle Olukotun"",""Leilani Battle"",""Alexander Gamero-Garrido"",""Kevin B. Johnson"",""Raul Castro Fernandez"",""Saiph Savage"",""Russell Joseph"",""Vicente Ordonez Roman"",""Christopher Stewart"",""Ndapa Nakashole"",""Cindy Rubio Gonzalez"",""Fernanda Viegas"",""Michael Carbin"",""Brian A. Smith"",""Pablo Paredes"",""Ihudiya Finda Williams"",""Chris Brown"",""Ricardo Baezayates"",""Saadia Gabriel"",""Charles Lee Isbell Jr."",""Owolabi Legunsen"",""Imani Munyaka"",""Gustavo Adolfo Junipero Rodriguez-Rivera"",""Kim Blenman"",""Anthony D. Joseph"",""Alejandro Ribeiro"",""Adji Bousso Dieng"",""Donald Williamson""]","[""Carnegie Mellon University"",""Massachusetts Institute of Technology"",""Stanford University"",""University of California, Berkeley"",""University of Illinois Urbana-Champaign"",""Cornell University"",""Georgia Institute of Technology"",""University of Texas at Austin"",""University of Washington"",""Princeton University"",""Columbia University"",""California Institute of Technology"",""University of California, Los Angeles"",""University of California, San Diego"",""University of Wisconsin-Madison"",""Harvard University"",""University of Maryland, College Park"",""Purdue University"",""University of Pennsylvania"",""Duke University"",""University of Southern California"",""Yale University"",""Johns Hopkins University"",""University of Chicago"",""University of Massachusetts Amherst"",""Brown University"",""New York University"",""Northeastern University"",""Northwestern University"",""Ohio State University"",""Rice University"",""University of California, Irvine"",""University of California, Santa Barbara"",""University of North Carolina at Chapel Hill"",""University of California, Davis"",""University of Minnesota"",""University of Virginia"",""Boston College"",""Virginia Tech"",""Pennsylvania State University""]"
ST-a9640ac7-63b1-44fe-9282-457cf8133a9c,treatment,,
ST-cc6811b5-efdd-4c9b-a9fc-a3b5e2046016,treatment,"[""Kunle Olukotun"",""Marynel Vazquez"",""James Mickens"",""Saadia Gabriel"",""Chris Brown"",""Shannon Roberts"",""Russell Joseph"",""Andres Monroy Hernandez"",""Kim Blenman"",""Blaisepascal Tine"",""Raul Castro Fernandez"",""Juan Jimenez"",""Saiph Savage"",""Leilani Battle"",""Christopher Stewart"",""Ndapa Nakashole"",""Cindy Rubio Gonzalez"",""Fernanda Viegas"",""Michael Carbin"",""Brian A. Smith"",""Pablo Paredes"",""Ihudiya Finda Williams"",""Anthony D. Joseph"",""Ricardo Baezayates"",""Kevin B. Johnson"",""Charles Lee Isbell Jr."",""Owolabi Legunsen"",""Imani Munyaka"",""Vicente Ordonez Roman"",""Adji Bousso Dieng"",""Alexander Gamero-Garrido"",""Alejandro Ribeiro"",""Donald Ebeigbe"",""Donald Williamson""]","[""Carnegie Mellon University"",""Massachusetts Institute of Technology"",""Stanford University"",""University of California, Berkeley"",""University of Illinois Urbana-Champaign"",""Cornell University"",""Georgia Institute of Technology"",""University of Texas at Austin"",""University of Washington"",""Princeton University"",""University of Michigan"",""Columbia University"",""California Institute of Technology"",""University of California, Los Angeles"",""University of California, San Diego"",""University of Wisconsin-Madison"",""Harvard University"",""University of Maryland, College Park"",""University of Pennsylvania"",""Duke University"",""University of Southern California"",""Yale University"",""Johns Hopkins University"",""University of Chicago"",""University of Massachusetts Amherst"",""Brown University"",""New York University"",""Northeastern University"",""Northwestern University"",""Ohio State University"",""Rice University"",""University of California, Irvine"",""University of California, Santa Barbara"",""University of North Carolina at Chapel Hill"",""University of California, Davis"",""University of Minnesota"",""University of Virginia"",""Boston College"",""Virginia Tech"",""Pennsylvania State University""]"
ST-929fe905-4aee-4bea-91d6-932619d94c89,treatment,,
ST-2ad481c6-a858-46cf-9ef8-b8e91f53eb08,treatment,,
ST-22cf90e8-2ec0-4c8b-8a55-50215e3c1ae8,treatment,"[""Yolanda Rankin"",""Saiph Savage"",""Jason Pacheco"",""Juan E. Gilbert"",""Emmanuel J. Dorley"",""Alvitta Ottley"",""Christopher Stewart"",""Vicente Ordonez Roman"",""Diego Gomez-Zara"",""Dilma Da Silva"",""Kyla Mcmullen"",""Christan Grant"",""Harrison Prosper"",""Mayly Sanchez"",""Donald Ebeigbe"",""Kemafor Anyanwu Ogan"",""James Curry"",""Ifeoma Nwogu"",""Dorian Arnold"",""Brittany Johnson-Matthews"",""Andrea Richa"",""Christina Gardner-McCune"",""Chris Brown"",""Gonzalo Mateos"",""Daniel Barbara"",""Alexander Gamero-Garrido"",""Karla Badillourquiola"",""Temiloluwa O. Prioleau"",""Cindy Rubio Gonzalez"",""Donald Williamson"",""Ihudiya Finda Williams"",""Daniel A. Jimenez"",""Kevin R. B. Butler"",""Russell Joseph"",""Ricardo Baezayates""]","[""Brown University"",""New York University"",""Northeastern University"",""Northwestern University"",""Ohio State University"",""Rice University"",""University of California, Irvine"",""University of California, Santa Barbara"",""University of North Carolina at Chapel Hill"",""University of California, Davis"",""University of Minnesota"",""University of Virginia"",""Boston College"",""Virginia Tech"",""Pennsylvania State University"",""University of Colorado Boulder"",""Rutgers University-New Brunswick"",""University of Utah"",""Washington University in St. Louis"",""Arizona State University"",""Stony Brook University"",""Texas A&M University"",""University of Florida"",""Dartmouth College"",""Indiana University Bloomington"",""North Carolina State University"",""University of California, Santa Cruz"",""University of Rochester"",""Vanderbilt University"",""Michigan State University"",""Tufts University"",""University of California, Riverside"",""University of Notre Dame"",""University of Pittsburgh"",""University at Buffalo"",""University of Arizona"",""University of Illinois Chicago"",""Emory University"",""George Mason University"",""Iowa State University""]"
ST-152bc554-d17d-4bd3-a6a4-3e93fb75e618,treatment,"[""Harrison Prosper"",""Christopher Stewart"",""Mayly Sanchez"",""Alexander Gamero-Garrido"",""Dorian Arnold"",""Carlos Varela"",""Gonzalo Mateos"",""Vicente Ordonez Roman"",""Alvitta Ottley"",""Daniel Barbara"",""Diego Gomez-Zara"",""Dilma Da Silva"",""Jason Pacheco"",""Yolanda Rankin"",""Andrea Richa"",""Ifeoma Nwogu"",""Cindy Rubio Gonzalez"",""Donald Ebeigbe"",""Brittany Johnson-Matthews"",""Chris Brown"",""Karla Badillourquiola"",""Temiloluwa O. Prioleau"",""Daniel A. Jimenez"",""Donald Williamson"",""Ihudiya Finda Williams"",""Alex Gittens"",""James Curry"",""Russell Joseph"",""Kemafor Anyanwu Ogan""]","[""Northwestern University"",""Ohio State University"",""Rice University"",""University of California, Irvine"",""University of California, Santa Barbara"",""University of North Carolina at Chapel Hill"",""University of California, Davis"",""University of Minnesota"",""University of Virginia"",""Boston College"",""Virginia Tech"",""Pennsylvania State University"",""University of Colorado Boulder"",""Rutgers University-New Brunswick"",""University of Utah"",""Washington University in St. Louis"",""Arizona State University"",""Boston University"",""Stony Brook University"",""Texas A&M University"",""Dartmouth College"",""Indiana University Bloomington"",""North Carolina State University"",""University of California, Santa Cruz"",""University of Rochester"",""Vanderbilt University"",""Michigan State University"",""Tufts University"",""University of California, Riverside"",""University of Notre Dame"",""University of Pittsburgh"",""University at Buffalo"",""University of Arizona"",""University of Illinois Chicago"",""Emory University"",""George Mason University"",""Iowa State University"",""Rensselaer Polytechnic Institute"",""Tulane University"",""University of Oregon""]"
,treatment,,
ST-d1c19404-61d0-4937-900c-acd46eabe276,treatment,"[""James Mickens"",""Donald Ebeigbe"",""Blaisepascal Tine"",""Shannon Roberts"",""Juan Jimenez"",""Marynel Vazquez"",""Andres Monroy Hernandez"",""Kunle Olukotun"",""Leilani Battle"",""Alexander Gamero-Garrido"",""Kevin B. Johnson"",""Raul Castro Fernandez"",""Saiph Savage"",""Russell Joseph"",""Vicente Ordonez Roman"",""Christopher Stewart"",""Ndapa Nakashole"",""Cindy Rubio Gonzalez"",""Fernanda Viegas"",""Michael Carbin"",""Brian A. Smith"",""Pablo Paredes"",""Ihudiya Finda Williams"",""Chris Brown"",""Ricardo Baezayates"",""Saadia Gabriel"",""Charles Lee Isbell Jr."",""Owolabi Legunsen"",""Imani Munyaka"",""Gustavo Adolfo Junipero Rodriguez-Rivera"",""Kim Blenman"",""Anthony D. Joseph"",""Alejandro Ribeiro"",""Adji Bousso Dieng"",""Donald Williamson""]","[""Carnegie Mellon University"",""Massachusetts Institute of Technology"",""Stanford University"",""University of California, Berkeley"",""University of Illinois Urbana-Champaign"",""Cornell University"",""Georgia Institute of Technology"",""University of Texas at Austin"",""University of Washington"",""Princeton University"",""Columbia University"",""California Institute of Technology"",""University of California, Los Angeles"",""University of California, San Diego"",""University of Wisconsin-Madison"",""Harvard University"",""University of Maryland, College Park"",""Purdue University"",""University of Pennsylvania"",""Duke University"",""University of Southern California"",""Yale University"",""Johns Hopkins University"",""University of Chicago"",""University of Massachusetts Amherst"",""Brown University"",""New York University"",""Northeastern University"",""Northwestern University"",""Ohio State University"",""Rice University"",""University of California, Irvine"",""University of California, Santa Barbara"",""University of North Carolina at Chapel Hill"",""University of California, Davis"",""University of Minnesota"",""University of Virginia"",""Boston College"",""Virginia Tech"",""Pennsylvania State University""]"
ST-c9689fdb-6b6b-422f-b2af-a8551615cdef,treatment,"[""Yolanda Rankin"",""Christopher Stewart"",""Cindy Rubio Gonzalez"",""Kevin R. B. Butler"",""Juan E. Gilbert"",""Ihudiya Finda Williams"",""Donald Ebeigbe"",""Dilma Da Silva"",""Shannon Roberts"",""Jason Pacheco"",""Juan Jimenez"",""Christina Gardner-McCune"",""Kemafor Anyanwu Ogan"",""Ricardo Baezayates"",""Daniel A. Jimenez"",""Saiph Savage"",""Christan Grant"",""Alexander Gamero-Garrido"",""Dorian Arnold"",""Harrison Prosper"",""Andrea Richa"",""Emmanuel J. Dorley"",""Gonzalo Mateos"",""Karla Badillourquiola"",""Mayly Sanchez"",""Raul Castro Fernandez"",""Diego Gomez-Zara"",""Temiloluwa O. Prioleau"",""James Curry"",""Vicente Ordonez Roman"",""Chris Brown"",""Ifeoma Nwogu"",""Kyla Mcmullen"",""Donald Williamson"",""Russell Joseph""]","[""University of Chicago"",""University of Massachusetts Amherst"",""Brown University"",""New York University"",""Northeastern University"",""Northwestern University"",""Ohio State University"",""Rice University"",""University of California, Irvine"",""University of California, Santa Barbara"",""University of North Carolina at Chapel Hill"",""University of California, Davis"",""University of Minnesota"",""University of Virginia"",""Boston College"",""Virginia Tech"",""Pennsylvania State University"",""University of Colorado Boulder"",""Rutgers University-New Brunswick"",""University of Utah"",""Arizona State University"",""Boston University"",""Stony Brook University"",""Texas A&M University"",""University of Florida"",""Dartmouth College"",""Indiana University Bloomington"",""North Carolina State University"",""University of California, Santa Cruz"",""University of Rochester"",""Vanderbilt University"",""Michigan State University"",""Tufts University"",""University of California, Riverside"",""University of Notre Dame"",""University of Pittsburgh"",""University at Buffalo"",""University of Arizona"",""University of Illinois Chicago"",""Emory University""]"
,treatment,"[""Ihudiya Finda Williams"",""Alexander Gamero-Garrido"",""James Curry"",""Kyla Mcmullen"",""Alvitta Ottley"",""Mayly Sanchez"",""Jason Pacheco"",""Daniel A. Jimenez"",""Christina Gardner-McCune"",""Daniel Barbara"",""Emmanuel J. Dorley"",""Harrison Prosper"",""Karla Badillourquiola"",""Dorian Arnold"",""Chris Brown"",""Yolanda Rankin"",""Andrea Richa"",""Christan Grant"",""Juan E. Gilbert"",""Dilma Da Silva"",""Brittany Johnson-Matthews"",""Cindy Rubio Gonzalez"",""Diego Gomez-Zara"",""Temiloluwa O. Prioleau"",""Carolina Cruzneira"",""Carlos Varela"",""Alex Gittens"",""Ifeoma Nwogu"",""Kevin R. B. Butler"",""Donald Ebeigbe"",""Kemafor Anyanwu Ogan""]","[""University of North Carolina at Chapel Hill"",""University of California, Davis"",""University of Minnesota"",""University of Virginia"",""Boston College"",""Virginia Tech"",""Pennsylvania State University"",""University of Colorado Boulder"",""Rutgers University-New Brunswick"",""University of Utah"",""Washington University in St. Louis"",""Arizona State University"",""Boston University"",""Stony Brook University"",""Texas A&M University"",""University of Florida"",""Dartmouth College"",""Indiana University Bloomington"",""North Carolina State University"",""University of California, Santa Cruz"",""Vanderbilt University"",""Michigan State University"",""Tufts University"",""University of California, Riverside"",""University of Notre Dame"",""University of Pittsburgh"",""University at Buffalo"",""University of Arizona"",""University of Illinois Chicago"",""Emory University"",""George Mason University"",""Iowa State University"",""Rensselaer Polytechnic Institute"",""Tulane University"",""University of Oregon"",""University of Texas at Dallas"",""Georgetown University"",""George Washington University"",""Oregon State University"",""University of Central Florida""]"
ST-18d6f82a-0617-4248-a9f4-3ea7f0dac993,treatment,,
ST-18d6f82a-0617-4248-a9f4-3ea7f0dac993,treatment,,
ST-929fe905-4aee-4bea-91d6-932619d94c89,treatment,,
ST-c9689fdb-6b6b-422f-b2af-a8551615cdef,treatment,,
ST-ef250bbe-1a18-44e7-bc68-3b921c61d94d,treatment,,
SC-cfebf0da-6432-447e-bd8c-d0cbe8929fb9,control,,"[""Massachusetts Institute of Technology"",""Stanford University"",""University of California, Berkeley"",""University of Illinois Urbana-Champaign"",""Cornell University"",""Georgia Institute of Technology"",""University of Texas at Austin"",""University of Washington"",""Princeton University"",""University of Michigan"",""Columbia University"",""California Institute of Technology"",""University of California, Los Angeles"",""University of California, San Diego"",""University of Wisconsin-Madison"",""Harvard University"",""University of Maryland, College Park"",""Purdue University"",""University of Pennsylvania"",""Duke University"",""University of Southern California"",""Yale University"",""Johns Hopkins University"",""University of Chicago"",""University of Massachusetts Amherst"",""Brown University"",""New York University"",""Northeastern University"",""Northwestern University"",""Ohio State University"",""Rice University"",""University of California, Irvine"",""University of California, Santa Barbara"",""University of North Carolina at Chapel Hill"",""University of California, Davis"",""University of Minnesota"",""University of Virginia"",""Boston College"",""Virginia Tech"",""Pennsylvania State University""]"
SC-c92a070e-6357-466c-90a4-5e97b76de31e,control,,"[""Temple University"",""University of Texas at Arlington"",""University of Alabama"",""University of Kansas"",""University of Kentucky"",""University of New Mexico"",""University of South Florida"",""Brandeis University"",""Florida International University"",""Georgia State University"",""Kansas State University"",""University of Cincinnati"",""University of Houston"",""University of Missouri"",""University of South Carolina"",""Wayne State University"",""Graduate Center, CUNY"",""Louisiana State University"",""University at Albany, SUNY"",""University of Hawaii at Manoa"",""University of New Hampshire"",""University of Oklahoma"",""University of Texas at San Antonio"",""Utah State University"",""Mississippi State University"",""Ohio University"",""University of Alabama at Birmingham"",""University of Arkansas"",""University of Louisville"",""University of Miami"",""University of Mississippi"",""University of North Texas"",""West Virginia University"",""Kent State University"",""Oklahoma State University-Stillwater"",""Old Dominion University"",""Texas Tech University"",""University of Louisiana at Lafayette"",""University of Maine"",""University of Nevada, Las Vegas"",""University of Wisconsin-Milwaukee"",""Virginia Commonwealth University"",""Montana State University"",""University of Alabama in Huntsville"",""University of Colorado Denver"",""University of Memphis"",""University of Texas at El Paso"",""University of Nevada, Reno"",""University of Denver"",""University of Southern Mississippi"",""University of Montana""]"
SC-93180e78-ecae-4bab-ab0e-0445776278c3,control,,
SC-60b386a2-cb0a-45f4-8f7f-b975c651cd71,control,,"[""Carnegie Mellon University"",""Massachusetts Institute of Technology"",""Stanford University"",""University of California, Berkeley"",""University of Illinois Urbana-Champaign"",""Georgia Institute of Technology"",""University of Texas at Austin"",""University of Washington"",""Princeton University"",""University of Michigan"",""Columbia University"",""California Institute of Technology"",""University of California, Los Angeles"",""University of California, San Diego"",""University of Wisconsin-Madison"",""Harvard University"",""University of Maryland, College Park"",""Purdue University"",""University of Pennsylvania"",""Duke University"",""University of Southern California"",""Yale University"",""Johns Hopkins University"",""University of Chicago"",""University of Massachusetts Amherst"",""Brown University"",""New York University"",""Northeastern University"",""Northwestern University"",""Ohio State University"",""Rice University"",""University of California, Irvine"",""University of California, Santa Barbara"",""University of North Carolina at Chapel Hill"",""University of California, Davis"",""University of Minnesota"",""University of Virginia"",""Boston College"",""Virginia Tech"",""Pennsylvania State University""]"
SC-aec1148b-7fc7-4ddc-8c29-d8f5cf34b8e6,control,,"[""Baylor University"",""University of Connecticut"",""University of Iowa"",""University of Maryland, Baltimore County"",""Auburn University"",""Clemson University"",""Drexel University"",""New Jersey Institute of Technology"",""University of Georgia"",""University of Nebraska-Lincoln"",""University of Tennessee"",""Washington State University"",""Binghamton University"",""Colorado State University"",""Temple University"",""University of Texas at Arlington"",""University of Alabama"",""University of Kansas"",""University of Kentucky"",""University of New Mexico"",""Brandeis University"",""Florida International University"",""Georgia State University"",""Kansas State University"",""University of Cincinnati"",""University of Houston"",""University of Missouri"",""University of South Carolina"",""Wayne State University"",""Graduate Center, CUNY"",""Louisiana State University"",""University at Albany, SUNY"",""University of Hawaii at Manoa"",""University of New Hampshire"",""University of Oklahoma"",""University of Texas at San Antonio"",""Utah State University"",""Mississippi State University"",""Ohio University"",""University of Alabama at Birmingham""]"
SC-df198e5d-86ab-49d6-8589-b57cc8d02239,control,,"[""New York University"",""Northeastern University"",""Northwestern University"",""Ohio State University"",""Rice University"",""University of California, Irvine"",""University of California, Santa Barbara"",""University of North Carolina at Chapel Hill"",""University of California, Davis"",""University of Minnesota"",""University of Virginia"",""Boston College"",""Virginia Tech"",""Pennsylvania State University"",""University of Colorado Boulder"",""Rutgers University-New Brunswick"",""University of Utah"",""Washington University in St. Louis"",""Arizona State University"",""Boston University"",""Texas A&M University"",""University of Florida"",""Dartmouth College"",""Indiana University Bloomington"",""North Carolina State University"",""University of California, Santa Cruz"",""University of Rochester"",""Vanderbilt University"",""Michigan State University"",""Tufts University"",""University of California, Riverside"",""University of Notre Dame"",""University of Pittsburgh"",""University at Buffalo"",""University of Arizona"",""University of Illinois Chicago"",""Emory University"",""George Mason University"",""Iowa State University"",""Rensselaer Polytechnic Institute""]"
SC-a223c6e0-b91e-4ed6-95da-215b00312a22,control,,"[""University of California, Berkeley"",""University of Illinois Urbana-Champaign"",""Cornell University"",""Georgia Institute of Technology"",""University of Texas at Austin"",""University of Washington"",""Princeton University"",""University of Michigan"",""Columbia University"",""California Institute of Technology"",""University of California, Los Angeles"",""University of California, San Diego"",""University of Wisconsin-Madison"",""Harvard University"",""University of Maryland, College Park"",""Purdue University"",""University of Pennsylvania"",""Duke University"",""University of Southern California"",""Yale University"",""University of Chicago"",""University of Massachusetts Amherst"",""Brown University"",""New York University"",""Northeastern University"",""Northwestern University"",""Ohio State University"",""Rice University"",""University of California, Irvine"",""University of California, Santa Barbara"",""University of North Carolina at Chapel Hill"",""University of California, Davis"",""University of Minnesota"",""University of Virginia"",""Boston College"",""Virginia Tech"",""Pennsylvania State University"",""University of Colorado Boulder"",""Rutgers University-New Brunswick"",""University of Utah""]"
SC-88893782-7910-4d98-a8ff-23ef5445f2c5,control,,"[""Washington State University"",""Binghamton University"",""Colorado State University"",""Temple University"",""University of Texas at Arlington"",""University of Alabama"",""University of Kansas"",""University of Kentucky"",""University of New Mexico"",""University of South Florida"",""Brandeis University"",""Florida International University"",""Georgia State University"",""Kansas State University"",""University of Cincinnati"",""University of Houston"",""University of Missouri"",""University of South Carolina"",""Wayne State University"",""Graduate Center, CUNY"",""University at Albany, SUNY"",""University of Hawaii at Manoa"",""University of New Hampshire"",""University of Oklahoma"",""University of Texas at San Antonio"",""Utah State University"",""Mississippi State University"",""Ohio University"",""University of Alabama at Birmingham"",""University of Arkansas"",""University of Louisville"",""University of Miami"",""University of Mississippi"",""University of North Texas"",""West Virginia University"",""Kent State University"",""Oklahoma State University-Stillwater"",""Old Dominion University"",""Texas Tech University"",""University of Louisiana at Lafayette""]"
SC-6d674b05-bdb9-4711-b79e-9f2d07edb3e9,control,,"[""Temple University"",""University of Texas at Arlington"",""University of Alabama"",""University of Kansas"",""University of Kentucky"",""University of New Mexico"",""University of South Florida"",""Brandeis University"",""Florida International University"",""Georgia State University"",""Kansas State University"",""University of Cincinnati"",""University of Houston"",""University of Missouri"",""University of South Carolina"",""Wayne State University"",""Graduate Center, CUNY"",""Louisiana State University"",""University at Albany, SUNY"",""University of Hawaii at Manoa"",""University of New Hampshire"",""University of Oklahoma"",""University of Texas at San Antonio"",""Utah State University"",""Mississippi State University"",""Ohio University"",""University of Alabama at Birmingham"",""University of Arkansas"",""University of Louisville"",""University of Miami"",""University of Mississippi"",""University of North Texas"",""West Virginia University"",""Kent State University"",""Oklahoma State University-Stillwater"",""Old Dominion University"",""Texas Tech University"",""University of Louisiana at Lafayette"",""University of Maine"",""University of Nevada, Las Vegas"",""University of Wisconsin-Milwaukee"",""Virginia Commonwealth University"",""Montana State University"",""University of Alabama in Huntsville"",""University of Colorado Denver"",""University of Memphis"",""University of Texas at El Paso"",""University of Nevada, Reno"",""University of Denver"",""University of Southern Mississippi"",""University of Montana""]"
SC-f1c365c5-34ac-4c75-8936-d3f374475e87,control,,"[""Tufts University"",""University of California, Riverside"",""University of Notre Dame"",""University of Pittsburgh"",""University at Buffalo"",""University of Arizona"",""University of Illinois Chicago"",""Emory University"",""George Mason University"",""Iowa State University"",""Rensselaer Polytechnic Institute"",""Tulane University"",""University of Oregon"",""University of Texas at Dallas"",""Georgetown University"",""George Washington University"",""Oregon State University"",""University of Central Florida"",""University of Delaware"",""Case Western Reserve University"",""Florida State University"",""Syracuse University"",""Baylor University"",""University of Connecticut"",""University of Iowa"",""University of Maryland, Baltimore County"",""Auburn University"",""Clemson University"",""Drexel University"",""New Jersey Institute of Technology"",""University of Georgia"",""University of Nebraska-Lincoln"",""University of Tennessee"",""Washington State University"",""Binghamton University"",""Colorado State University"",""Temple University"",""University of Texas at Arlington"",""University of Alabama"",""University of Kansas""]"
SC-8152f094-e1d5-4639-86a5-da32375a5230,control,,"[""Carnegie Mellon University"",""Massachusetts Institute of Technology"",""Stanford University"",""University of California, Berkeley"",""University of Illinois Urbana-Champaign"",""Georgia Institute of Technology"",""University of Texas at Austin"",""University of Washington"",""Princeton University"",""University of Michigan"",""Columbia University"",""California Institute of Technology"",""University of California, Los Angeles"",""University of California, San Diego"",""University of Wisconsin-Madison"",""Harvard University"",""University of Maryland, College Park"",""Purdue University"",""University of Pennsylvania"",""Duke University"",""University of Southern California"",""Yale University"",""Johns Hopkins University"",""University of Chicago"",""University of Massachusetts Amherst"",""Brown University"",""New York University"",""Northeastern University"",""Northwestern University"",""Ohio State University"",""Rice University"",""University of California, Irvine"",""University of California, Santa Barbara"",""University of North Carolina at Chapel Hill"",""University of California, Davis"",""University of Minnesota"",""University of Virginia"",""Boston College"",""Virginia Tech"",""Pennsylvania State University""]"
SC-a00a7322-f3c1-4def-886c-c86c2b5eff14,control,,
SC-69d426dd-8f04-4626-b240-26f52f8a17fe,control,,"[""University of California, Irvine"",""University of California, Santa Barbara"",""University of North Carolina at Chapel Hill"",""University of California, Davis"",""University of Minnesota"",""University of Virginia"",""Boston College"",""Virginia Tech"",""Pennsylvania State University"",""University of Colorado Boulder"",""Rutgers University-New Brunswick"",""University of Utah"",""Washington University in St. Louis"",""Arizona State University"",""Boston University"",""Stony Brook University"",""Texas A&M University"",""University of Florida"",""Dartmouth College"",""Indiana University Bloomington"",""University of California, Santa Cruz"",""University of Rochester"",""Vanderbilt University"",""Michigan State University"",""Tufts University"",""University of California, Riverside"",""University of Notre Dame"",""University of Pittsburgh"",""University at Buffalo"",""University of Arizona"",""University of Illinois Chicago"",""Emory University"",""George Mason University"",""Iowa State University"",""Rensselaer Polytechnic Institute"",""Tulane University"",""University of Oregon"",""University of Texas at Dallas"",""Georgetown University"",""George Washington University""]"
SC-9aa49d3c-44c5-4dec-a8ff-d05f8b7124f0,control,,"[""Arizona State University"",""Boston University"",""Stony Brook University"",""Texas A&M University"",""University of Florida"",""Dartmouth College"",""Indiana University Bloomington"",""North Carolina State University"",""University of California, Santa Cruz"",""University of Rochester"",""Vanderbilt University"",""Michigan State University"",""Tufts University"",""University of California, Riverside"",""University of Notre Dame"",""University of Pittsburgh"",""University at Buffalo"",""University of Arizona"",""University of Illinois Chicago"",""Emory University"",""Iowa State University"",""Rensselaer Polytechnic Institute"",""Tulane University"",""University of Oregon"",""University of Texas at Dallas"",""Georgetown University"",""George Washington University"",""Oregon State University"",""University of Central Florida"",""University of Delaware"",""Case Western Reserve University"",""Colorado School of Mines"",""Florida State University"",""Syracuse University"",""Baylor University"",""University of Connecticut"",""University of Iowa"",""University of Maryland, Baltimore County"",""Auburn University"",""Clemson University""]"
SC-9aa49d3c-44c5-4dec-a8ff-d05f8b7124f0,control,,"[""Arizona State University"",""Boston University"",""Stony Brook University"",""Texas A&M University"",""University of Florida"",""Dartmouth College"",""Indiana University Bloomington"",""North Carolina State University"",""University of California, Santa Cruz"",""University of Rochester"",""Vanderbilt University"",""Michigan State University"",""Tufts University"",""University of California, Riverside"",""University of Notre Dame"",""University of Pittsburgh"",""University at Buffalo"",""University of Arizona"",""University of Illinois Chicago"",""Emory University"",""Iowa State University"",""Rensselaer Polytechnic Institute"",""Tulane University"",""University of Oregon"",""University of Texas at Dallas"",""Georgetown University"",""George Washington University"",""Oregon State University"",""University of Central Florida"",""University of Delaware"",""Case Western Reserve University"",""Colorado School of Mines"",""Florida State University"",""Syracuse University"",""Baylor University"",""University of Connecticut"",""University of Iowa"",""University of Maryland, Baltimore County"",""Auburn University"",""Clemson University""]"
SC-9f097dee-608d-4434-9793-db4add9b77a8,control,,
,treatment,"[""Hiram H. Lopez Valdez"",""Alvaro Lozano-Robledo"",""Gerard Awanou"",""Alejandro Morales"",""Jose Ramon Madrid Padilla"",""Jose Perea"",""Richard Green"",""Pedro Aceves Sanchez"",""Raul Curto"",""Yairon Cid Ruiz"",""Rodica Curtu"",""Jonathan Esole"",""Xavier Perez Gimenez"",""Talea L. Mayo"",""Fernando Guevara Vasquez"",""Michael M. Tom"",""Malena Espanol"",""Ronnie Nagloo"",""Daniel Hernandez"",""Tonatiuh Sanchez Vizuet"",""Laura Colmenarejo"",""Calistus Ngonghala"",""Chartese Jones"",""Abdulnasah Soale"",""Danny Martin"",""Ricardo Cortez"",""Eric Quinto"",""Patricio Gallardo Candela"",""Carlos Soto"",""Gerardo A. Mendoza"",""Lace Padilla""]","[""University of Virginia"",""Graduate Center, CUNY"",""University of Arizona"",""University of Illinois Chicago"",""University of Utah"",""Vanderbilt University"",""Washington University in St. Louis"",""Michigan State University"",""University of Colorado Boulder"",""Emory University"",""North Carolina State University"",""Northeastern University"",""Virginia Tech"",""Arizona State University"",""Boston University"",""Dartmouth College"",""University of Florida"",""University of Georgia"",""University of Iowa"",""University of Massachusetts Amherst"",""University of Connecticut"",""University of Oregon"",""University of Pittsburgh"",""Boston College"",""Louisiana State University"",""Rensselaer Polytechnic Institute"",""Tufts University"",""University of California, Riverside"",""University of Kansas"",""University of Tennessee"",""Florida State University"",""Iowa State University"",""Syracuse University"",""Tulane University"",""University of California, Santa Cruz"",""University of Missouri"",""University of Nebraska-Lincoln"",""Auburn University"",""Case Western Reserve University"",""Temple University""]"
,treatment,"[""Sheree Sharpe"",""Abey Lopez-Garcia"",""Philippe Rukimbira"",""Theodore Tachim Medjo"",""Marius N. Nkashama"",""Luis Tenorio"",""David Cruz-Uribe"",""E. Olusegun George"",""Katiuscia Teixeira"",""Martial Longla"",""Louis Roder Tcheugoue Tebou"",""Paul Hurtado"",""Javier Alejandro Chavez-Dominguez"",""Cecilia Diniz Behn"",""Roger Sidje"",""Raegan Higgins"",""Maria Cristina Pereyra"",""Roberto Toro-Rodriguez"",""Erwin Mina Diaz"",""Diego Maldonado"",""Mariana Montiel""]","[""George Washington University"",""Kansas State University"",""Oregon State University"",""Florida International University"",""University of Alabama"",""University of Houston"",""University of New Mexico"",""University of Oklahoma"",""Drexel University"",""Oklahoma State University-Stillwater"",""University at Buffalo"",""Baylor University"",""Binghamton University"",""University of Alabama at Birmingham"",""Colorado School of Mines"",""New Jersey Institute of Technology"",""Texas Tech University"",""University of Cincinnati"",""University of New Hampshire"",""University of Texas at Dallas"",""Wayne State University"",""University at Albany, SUNY"",""University of Arkansas"",""University of Maryland, Baltimore County"",""Utah State University"",""University of Central Florida"",""University of Hawaii at Manoa"",""University of Mississippi"",""University of Wisconsin-Milwaukee"",""University of Nevada, Reno"",""Georgia State University"",""Kent State University"",""Montana State University"",""University of Colorado Denver"",""University of Memphis"",""University of Montana"",""University of South Florida"",""Virginia Commonwealth University"",""West Virginia University"",""Ohio University""]"
AT-eef831cc-b57e-42c4-be0d-c4da35082588,treatment,"[""Patricio Gallardo Candela"",""Jose Ramon Madrid Padilla"",""Laura Colmenarejo"",""Alvaro Lozano-Robledo"",""Cris Negron"",""Rodica Curtu"",""Lace Padilla"",""Pedro Aceves Sanchez"",""Hiram H. Lopez Valdez"",""Richard Green"",""Gerard Awanou"",""Raul Curto"",""Jose Perea"",""Alejandro Morales"",""Aissa Wade"",""Danny Martin"",""Hector D. Ceniceros"",""Michael M. Tom"",""Yairon Cid Ruiz"",""Malena Espanol"",""Ronnie Nagloo"",""Fernando Guevara Vasquez"",""Carlos Garcia-Cervera"",""Jonathan Esole"",""Carlos Soto"",""Juanita Pinzon Caicedo"",""Talea L. Mayo"",""Calistus Ngonghala"",""Tonatiuh Sanchez Vizuet"",""Ricardo Cortez"",""Gustavo Ponce"",""Daniel Hernandez"",""Eric Quinto"",""Carina Curto""]","[""University of California, Irvine"",""Pennsylvania State University"",""Purdue University"",""University of California, Santa Barbara"",""University of Notre Dame"",""University of Southern California"",""University of Virginia"",""Graduate Center, CUNY"",""University of Arizona"",""University of Illinois Chicago"",""University of Utah"",""Vanderbilt University"",""Washington University in St. Louis"",""Michigan State University"",""University of Colorado Boulder"",""Emory University"",""North Carolina State University"",""Northeastern University"",""Virginia Tech"",""Arizona State University"",""Dartmouth College"",""University of Florida"",""University of Georgia"",""University of Iowa"",""University of Massachusetts Amherst"",""Brandeis University"",""University of Connecticut"",""University of Oregon"",""University of Pittsburgh"",""Boston College"",""Louisiana State University"",""Rensselaer Polytechnic Institute"",""Tufts University"",""University of California, Riverside"",""University of Kansas"",""University of Tennessee"",""Florida State University"",""Iowa State University"",""Syracuse University"",""Tulane University""]"
AT-a07b1caa-7c94-4ed6-82f5-3255e474c538,treatment,"[""Chelsea Walton"",""Juanita Pinzon Caicedo"",""Juan Pablo Mejia Ramos"",""Luis Casian"",""Rodolfo Rosales"",""Hector D. Ceniceros"",""Angelica Cueto"",""Tamunonye Cheetham-West"",""David Caraballo"",""Wilfrid Gangbo"",""Gustavo Ponce"",""Edinah Gnang"",""Idris Assani"",""Daniel Alvarez-Gavela"",""Joaquin Moraga"",""Carina Curto"",""Michael Young"",""Karola Meszaros"",""Javier Gamez-Serrano"",""Carlos Garcia-Cervera"",""Gloria Mari-Beffa"",""John Johnson"",""Mahlet Tadesse"",""Trachette Jackson"",""Pedro J. Saenz"",""Javier Pena"",""Mariel Vazquez"",""Cesar Cuenca"",""Sean T. Paul"",""Aissa Wade"",""Tolulope Fadina"",""Santiago Canez"",""Sara Shamekh""]","[""Massachusetts Institute of Technology"",""Princeton University"",""Harvard University"",""Stanford University"",""University of California, Berkeley"",""University of Chicago"",""University of California, Los Angeles"",""California Institute of Technology"",""New York University"",""Yale University"",""University of Michigan"",""University of Texas at Austin"",""Brown University"",""Cornell University"",""Duke University"",""Northwestern University"",""University of Pennsylvania"",""University of Wisconsin-Madison"",""Carnegie Mellon University"",""Georgia Institute of Technology"",""Georgetown University"",""Johns Hopkins University"",""University of California, San Diego"",""University of Illinois Urbana-Champaign"",""University of Maryland, College Park"",""University of Minnesota"",""Ohio State University"",""Rutgers University-New Brunswick"",""University of Washington"",""Rice University"",""Stony Brook University"",""University of California, Davis"",""University of North Carolina at Chapel Hill"",""Indiana University Bloomington"",""Texas A&M University"",""University of California, Irvine"",""Pennsylvania State University"",""Purdue University"",""University of California, Santa Barbara"",""University of Notre Dame""]"
AT-adb954d8-5993-4ce0-b23c-57806ec52ecb,treatment,"[""Tolulope Fadina"",""Cesar Cuenca"",""Fernando Guevara Vasquez"",""Calistus Ngonghala"",""Juan Pablo Mejia Ramos"",""Gerard Awanou"",""Hector D. Ceniceros"",""Pedro J. Saenz"",""Rodica Curtu"",""Jonathan Esole"",""John Johnson"",""Hiram H. Lopez Valdez"",""Gustavo Ponce"",""Richard Green"",""Tonatiuh Sanchez Vizuet"",""Alvaro Lozano-Robledo"",""Angelica Cueto"",""Luis Casian"",""Mariel Vazquez"",""Jose Ramon Madrid Padilla"",""Alejandro Morales"",""Yairon Cid Ruiz"",""Ronnie Nagloo"",""Jose Perea"",""Malena Espanol"",""Raul Curto"",""Laura Colmenarejo"",""Cris Negron"",""Lace Padilla"",""Idris Assani"",""Juanita Pinzon Caicedo"",""Talea L. Mayo"",""Danny Martin"",""Pedro Aceves Sanchez"",""Chelsea Walton"",""Carlos Garcia-Cervera"",""Carlos Soto"",""Carina Curto"",""Aissa Wade""]","[""University of California, San Diego"",""University of Illinois Urbana-Champaign"",""University of Maryland, College Park"",""University of Minnesota"",""Ohio State University"",""Rutgers University-New Brunswick"",""University of Washington"",""Rice University"",""Stony Brook University"",""University of California, Davis"",""University of North Carolina at Chapel Hill"",""Indiana University Bloomington"",""Texas A&M University"",""University of California, Irvine"",""Pennsylvania State University"",""Purdue University"",""University of California, Santa Barbara"",""University of Notre Dame"",""University of Southern California"",""University of Virginia"",""University of Arizona"",""University of Illinois Chicago"",""University of Utah"",""Vanderbilt University"",""Washington University in St. Louis"",""Michigan State University"",""University of Colorado Boulder"",""Emory University"",""North Carolina State University"",""Northeastern University"",""Virginia Tech"",""Arizona State University"",""Boston University"",""Dartmouth College"",""University of Florida"",""University of Georgia"",""University of Iowa"",""University of Massachusetts Amherst"",""Brandeis University"",""University of Connecticut""]"
AT-385e7023-978a-4b1e-ad29-683d035008ea,treatment,"[""Chelsea Walton"",""Juanita Pinzon Caicedo"",""Juan Pablo Mejia Ramos"",""Luis Casian"",""Rodolfo Rosales"",""Hector D. Ceniceros"",""Angelica Cueto"",""Tamunonye Cheetham-West"",""David Caraballo"",""Wilfrid Gangbo"",""Gustavo Ponce"",""Edinah Gnang"",""Idris Assani"",""Daniel Alvarez-Gavela"",""Joaquin Moraga"",""Carina Curto"",""Michael Young"",""Karola Meszaros"",""Javier Gamez-Serrano"",""Carlos Garcia-Cervera"",""Gloria Mari-Beffa"",""John Johnson"",""Mahlet Tadesse"",""Trachette Jackson"",""Pedro J. Saenz"",""Javier Pena"",""Mariel Vazquez"",""Cesar Cuenca"",""Sean T. Paul"",""Aissa Wade"",""Tolulope Fadina"",""Santiago Canez"",""Sara Shamekh""]","[""Massachusetts Institute of Technology"",""Princeton University"",""Harvard University"",""Stanford University"",""University of California, Berkeley"",""University of Chicago"",""University of California, Los Angeles"",""California Institute of Technology"",""New York University"",""Yale University"",""University of Michigan"",""University of Texas at Austin"",""Brown University"",""Cornell University"",""Duke University"",""Northwestern University"",""University of Pennsylvania"",""University of Wisconsin-Madison"",""Carnegie Mellon University"",""Georgia Institute of Technology"",""Georgetown University"",""Johns Hopkins University"",""University of California, San Diego"",""University of Illinois Urbana-Champaign"",""University of Maryland, College Park"",""University of Minnesota"",""Ohio State University"",""Rutgers University-New Brunswick"",""University of Washington"",""Rice University"",""Stony Brook University"",""University of California, Davis"",""University of North Carolina at Chapel Hill"",""Indiana University Bloomington"",""Texas A&M University"",""University of California, Irvine"",""Pennsylvania State University"",""Purdue University"",""University of California, Santa Barbara"",""University of Notre Dame""]"
AT-7aedf647-38a0-4c66-bf2b-8602f0534a36,treatment,"[""Richard Green"",""Jose Ramon Madrid Padilla"",""Yairon Cid Ruiz"",""Jose Perea"",""Eric Quinto"",""Gerard Awanou"",""Alejandro Morales"",""Xavier Perez Gimenez"",""Raul Curto"",""Rodica Curtu"",""Jonathan Esole"",""Tonatiuh Sanchez Vizuet"",""Talea L. Mayo"",""Fernando Guevara Vasquez"",""Michael M. Tom"",""Malena Espanol"",""Ronnie Nagloo"",""Daniel Hernandez"",""Pedro Aceves Sanchez"",""Laura Colmenarejo"",""Calistus Ngonghala"",""Chartese Jones"",""Abdulnasah Soale"",""Danny Martin"",""Ricardo Cortez"",""Hiram H. Lopez Valdez"",""Patricio Gallardo Candela"",""Carlos Soto"",""Gerardo A. Mendoza"",""Lace Padilla""]","[""Graduate Center, CUNY"",""University of Arizona"",""University of Illinois Chicago"",""University of Utah"",""Vanderbilt University"",""Washington University in St. Louis"",""Michigan State University"",""University of Colorado Boulder"",""Emory University"",""North Carolina State University"",""Northeastern University"",""Virginia Tech"",""Arizona State University"",""Boston University"",""Dartmouth College"",""University of Florida"",""University of Georgia"",""University of Iowa"",""University of Massachusetts Amherst"",""Brandeis University"",""University of Oregon"",""University of Pittsburgh"",""Boston College"",""Louisiana State University"",""Rensselaer Polytechnic Institute"",""Tufts University"",""University of California, Riverside"",""University of Kansas"",""University of Tennessee"",""Florida State University"",""Iowa State University"",""Syracuse University"",""Tulane University"",""University of California, Santa Cruz"",""University of Missouri"",""University of Nebraska-Lincoln"",""Auburn University"",""Case Western Reserve University"",""Temple University"",""University of Delaware""]"
AT-7859ded6-3314-4612-b301-5d8a87bd9a21,treatment,,
AT-e3261785-1f45-4639-9004-76b5803c9747,treatment,"[""Chelsea Walton"",""Juanita Pinzon Caicedo"",""Juan Pablo Mejia Ramos"",""Luis Casian"",""Rodolfo Rosales"",""Hector D. Ceniceros"",""Angelica Cueto"",""Tamunonye Cheetham-West"",""David Caraballo"",""Wilfrid Gangbo"",""Gustavo Ponce"",""Edinah Gnang"",""Idris Assani"",""Daniel Alvarez-Gavela"",""Joaquin Moraga"",""Carina Curto"",""Michael Young"",""Karola Meszaros"",""Javier Gamez-Serrano"",""Carlos Garcia-Cervera"",""Gloria Mari-Beffa"",""John Johnson"",""Mahlet Tadesse"",""Trachette Jackson"",""Pedro J. Saenz"",""Javier Pena"",""Mariel Vazquez"",""Cesar Cuenca"",""Sean T. Paul"",""Aissa Wade"",""Tolulope Fadina"",""Santiago Canez"",""Sara Shamekh""]","[""Massachusetts Institute of Technology"",""Princeton University"",""Harvard University"",""Stanford University"",""University of California, Berkeley"",""University of Chicago"",""University of California, Los Angeles"",""California Institute of Technology"",""New York University"",""Yale University"",""University of Michigan"",""University of Texas at Austin"",""Brown University"",""Cornell University"",""Duke University"",""Northwestern University"",""University of Pennsylvania"",""University of Wisconsin-Madison"",""Carnegie Mellon University"",""Georgia Institute of Technology"",""Georgetown University"",""Johns Hopkins University"",""University of California, San Diego"",""University of Illinois Urbana-Champaign"",""University of Maryland, College Park"",""University of Minnesota"",""Ohio State University"",""Rutgers University-New Brunswick"",""University of Washington"",""Rice University"",""Stony Brook University"",""University of California, Davis"",""University of North Carolina at Chapel Hill"",""Indiana University Bloomington"",""Texas A&M University"",""University of California, Irvine"",""Pennsylvania State University"",""Purdue University"",""University of California, Santa Barbara"",""University of Notre Dame""]"
AT-96908c86-bc94-4b52-9486-02d0546b3ca2,treatment,"[""Fernando Guevara Vasquez"",""Tolulope Fadina"",""Chelsea Walton"",""John Johnson"",""David Caraballo"",""Carina Curto"",""Juanita Pinzon Caicedo"",""Richard Green"",""Pedro Aceves Sanchez"",""Yairon Cid Ruiz"",""Jose Perea"",""Gustavo Ponce"",""Angelica Cueto"",""Mariel Vazquez"",""Juan Pablo Mejia Ramos"",""Edinah Gnang"",""Laura Colmenarejo"",""Luis Casian"",""Sean T. Paul"",""Gerard Awanou"",""Karola Meszaros"",""Carlos Garcia-Cervera"",""Talea L. Mayo"",""Javier Gamez-Serrano"",""Hector D. Ceniceros"",""Michael Young"",""Cris Negron"",""Mahlet Tadesse"",""Ronnie Nagloo"",""Santiago Canez"",""Javier Pena"",""Tonatiuh Sanchez Vizuet"",""Cesar Cuenca"",""Gloria Mari-Beffa"",""Aissa Wade"",""Danny Martin"",""Lace Padilla"",""Jonathan Esole""]","[""Brown University"",""Cornell University"",""Duke University"",""Northwestern University"",""University of Pennsylvania"",""University of Wisconsin-Madison"",""Carnegie Mellon University"",""Georgia Institute of Technology"",""Georgetown University"",""Johns Hopkins University"",""University of California, San Diego"",""University of Illinois Urbana-Champaign"",""University of Maryland, College Park"",""University of Minnesota"",""Ohio State University"",""Rutgers University-New Brunswick"",""University of Washington"",""Rice University"",""Stony Brook University"",""University of California, Davis"",""Indiana University Bloomington"",""Texas A&M University"",""University of California, Irvine"",""Pennsylvania State University"",""Purdue University"",""University of California, Santa Barbara"",""University of Notre Dame"",""University of Southern California"",""University of Virginia"",""Graduate Center, CUNY"",""University of Arizona"",""University of Illinois Chicago"",""University of Utah"",""Vanderbilt University"",""Washington University in St. Louis"",""Michigan State University"",""University of Colorado Boulder"",""Emory University"",""North Carolina State University"",""Northeastern University""]"
AT-10aac90c-6e21-4858-b6dc-a68c37cde1fc,treatment,"[""Luis Tenorio"",""Hortensia Soto"",""Abey Lopez-Garcia"",""Orlando Alvarez"",""Chartese Jones"",""Diego Maldonado"",""Roger Sidje"",""Paula Vasquez"",""Raegan Higgins"",""Xavier Perez Gimenez"",""Sheree Sharpe"",""Marius N. Nkashama"",""Pelin Guven Geredeli"",""Abdulnasah Soale"",""Cecilia Diniz Behn"",""Katiuscia Teixeira"",""Rosemberg Toala-Enriquez"",""Robert Dicks"",""David Cruz-Uribe"",""Maria Cristina Pereyra"",""Keisha Cook"",""Roberto Toro-Rodriguez"",""Theodore Tachim Medjo"",""Philippe Rukimbira"",""Gerardo A. Mendoza"",""Bruno De Oliveira"",""Louis Roder Tcheugoue Tebou"",""Iuliana Oprea""]","[""University of Missouri"",""University of Nebraska-Lincoln"",""Auburn University"",""Case Western Reserve University"",""Temple University"",""University of Delaware"",""University of Kentucky"",""University of Rochester"",""Clemson University"",""Colorado State University"",""University of Miami"",""University of South Carolina"",""George Mason University"",""George Washington University"",""Kansas State University"",""Oregon State University"",""Florida International University"",""University of Alabama"",""University of Houston"",""University of New Mexico"",""Drexel University"",""Oklahoma State University-Stillwater"",""University at Buffalo"",""Baylor University"",""Binghamton University"",""University of Alabama at Birmingham"",""Colorado School of Mines"",""New Jersey Institute of Technology"",""Texas Tech University"",""University of Cincinnati"",""University of New Hampshire"",""University of Texas at Dallas"",""Washington State University"",""Wayne State University"",""University at Albany, SUNY"",""University of Arkansas"",""University of Maryland, Baltimore County"",""Utah State University"",""University of Central Florida"",""University of Hawaii at Manoa""]"
AT-7d4192c7-1319-4739-9730-20f2f378b137,treatment,"[""Amadou Bah"",""Rodolfo Rosales"",""Chelsea Walton"",""Hector D. Ceniceros"",""Gustavo Ponce"",""Tamunonye Cheetham-West"",""Santiago Canez"",""Luis Casian"",""Idris Assani"",""Aissa Wade"",""Trachette Jackson"",""Wilfrid Gangbo"",""David Caraballo"",""Mahlet Tadesse"",""Cesar Cuenca"",""Edinah Gnang"",""Joaquin Moraga"",""Carina Curto"",""Michael Young"",""Daniela De Silva"",""Javier Gamez-Serrano"",""Carlos Garcia-Cervera"",""Gloria Mari-Beffa"",""Juanita Pinzon Caicedo"",""Karola Meszaros"",""Juan Pablo Mejia Ramos"",""Pedro J. Saenz"",""Javier Pena"",""Mariel Vazquez"",""Angelica Cueto"",""Sean T. Paul"",""John Johnson"",""Tolulope Fadina"",""Sara Shamekh"",""Daniel Alvarez-Gavela""]","[""Massachusetts Institute of Technology"",""Princeton University"",""Harvard University"",""Stanford University"",""University of Chicago"",""University of California, Los Angeles"",""California Institute of Technology"",""New York University"",""Yale University"",""Columbia University"",""University of Michigan"",""University of Texas at Austin"",""Brown University"",""Cornell University"",""Duke University"",""Northwestern University"",""University of Pennsylvania"",""University of Wisconsin-Madison"",""Carnegie Mellon University"",""Georgia Institute of Technology"",""Georgetown University"",""Johns Hopkins University"",""University of California, San Diego"",""University of Illinois Urbana-Champaign"",""University of Maryland, College Park"",""University of Minnesota"",""Ohio State University"",""Rutgers University-New Brunswick"",""University of Washington"",""Rice University"",""Stony Brook University"",""University of California, Davis"",""University of North Carolina at Chapel Hill"",""Indiana University Bloomington"",""Texas A&M University"",""University of California, Irvine"",""Pennsylvania State University"",""Purdue University"",""University of California, Santa Barbara"",""University of Notre Dame""]"
AT-78019d1c-5929-4c91-ad41-1839def5b0fb,treatment,,
AT-f45738c4-ed3f-479a-ab5f-7fc5b69c617c,treatment,"[""Ronnie Nagloo"",""David Caraballo"",""Gerard Awanou"",""Richard Green"",""Jose Ramon Madrid Padilla"",""Aissa Wade"",""Jonathan Esole"",""Cris Negron"",""Pedro J. Saenz"",""Luis Casian"",""Hector D. Ceniceros"",""Tolulope Fadina"",""Sean T. Paul"",""Fernando Guevara Vasquez"",""Pedro Aceves Sanchez"",""Mariel Vazquez"",""Carina Curto"",""Tonatiuh Sanchez Vizuet"",""Yairon Cid Ruiz"",""Jose Perea"",""Gloria Mari-Beffa"",""Santiago Canez"",""Danny Martin"",""Carlos Garcia-Cervera"",""Talea L. Mayo"",""Mahlet Tadesse"",""Malena Espanol"",""Laura Colmenarejo"",""Michael Young"",""Juan Pablo Mejia Ramos"",""Edinah Gnang"",""Juanita Pinzon Caicedo"",""Cesar Cuenca"",""Javier Pena"",""Gustavo Ponce"",""John Johnson"",""Hiram H. Lopez Valdez"",""Chelsea Walton"",""Idris Assani"",""Angelica Cueto"",""Lace Padilla""]","[""Duke University"",""Northwestern University"",""University of Pennsylvania"",""University of Wisconsin-Madison"",""Carnegie Mellon University"",""Georgia Institute of Technology"",""Georgetown University"",""Johns Hopkins University"",""University of California, San Diego"",""University of Illinois Urbana-Champaign"",""University of Maryland, College Park"",""University of Minnesota"",""Ohio State University"",""Rutgers University-New Brunswick"",""University of Washington"",""Rice University"",""Stony Brook University"",""University of California, Davis"",""University of North Carolina at Chapel Hill"",""Indiana University Bloomington"",""University of California, Irvine"",""Pennsylvania State University"",""Purdue University"",""University of California, Santa Barbara"",""University of Notre Dame"",""University of Southern California"",""University of Virginia"",""Graduate Center, CUNY"",""University of Arizona"",""University of Illinois Chicago"",""University of Utah"",""Vanderbilt University"",""Washington University in St. Louis"",""Michigan State University"",""University of Colorado Boulder"",""Emory University"",""North Carolina State University"",""Northeastern University"",""Virginia Tech"",""Arizona State University""]"
AT-1f4ae3ff-4899-4db6-b252-190466bc3572,treatment,"[""Hiram H. Lopez Valdez"",""Patricio Gallardo Candela"",""Raul Curto"",""Orlando Alvarez"",""Jose Ramon Madrid Padilla"",""Rosemberg Toala-Enriquez"",""Ricardo Cortez"",""Lace Padilla"",""Daniel Hernandez"",""Hortensia Soto"",""Carlos Soto"",""Iuliana Oprea"",""Xavier Perez Gimenez"",""Keisha Cook"",""Paula Vasquez"",""Pelin Guven Geredeli"",""Malena Espanol"",""Rodica Curtu"",""Alejandro Morales"",""Gerardo A. Mendoza"",""Robert Dicks"",""Alvaro Lozano-Robledo"",""Chartese Jones"",""Abdulnasah Soale"",""Calistus Ngonghala"",""Jose Perea"",""Jonathan Esole"",""Eric Quinto"",""Bruno De Oliveira"",""Michael M. Tom"",""Diego Maldonado""]","[""Northeastern University"",""Virginia Tech"",""Arizona State University"",""Boston University"",""Dartmouth College"",""University of Florida"",""University of Georgia"",""University of Iowa"",""University of Massachusetts Amherst"",""Brandeis University"",""University of Connecticut"",""University of Oregon"",""University of Pittsburgh"",""Boston College"",""Louisiana State University"",""Rensselaer Polytechnic Institute"",""Tufts University"",""University of California, Riverside"",""University of Kansas"",""University of Tennessee"",""Iowa State University"",""Syracuse University"",""Tulane University"",""University of California, Santa Cruz"",""University of Missouri"",""University of Nebraska-Lincoln"",""Auburn University"",""Case Western Reserve University"",""Temple University"",""University of Delaware"",""University of Kentucky"",""University of Rochester"",""Clemson University"",""Colorado State University"",""University of Miami"",""University of South Carolina"",""George Mason University"",""George Washington University"",""Kansas State University"",""Oregon State University""]"
,treatment,"[""Tolulope Fadina"",""Cesar Cuenca"",""Fernando Guevara Vasquez"",""Calistus Ngonghala"",""Juan Pablo Mejia Ramos"",""Gerard Awanou"",""Hector D. Ceniceros"",""Pedro J. Saenz"",""Rodica Curtu"",""Jonathan Esole"",""John Johnson"",""Hiram H. Lopez Valdez"",""Gustavo Ponce"",""Richard Green"",""Tonatiuh Sanchez Vizuet"",""Alvaro Lozano-Robledo"",""Angelica Cueto"",""Luis Casian"",""Mariel Vazquez"",""Jose Ramon Madrid Padilla"",""Alejandro Morales"",""Yairon Cid Ruiz"",""Ronnie Nagloo"",""Jose Perea"",""Malena Espanol"",""Raul Curto"",""Laura Colmenarejo"",""Cris Negron"",""Lace Padilla"",""Idris Assani"",""Juanita Pinzon Caicedo"",""Talea L. Mayo"",""Danny Martin"",""Pedro Aceves Sanchez"",""Chelsea Walton"",""Carlos Garcia-Cervera"",""Carlos Soto"",""Carina Curto"",""Aissa Wade""]","[""University of California, San Diego"",""University of Illinois Urbana-Champaign"",""University of Maryland, College Park"",""University of Minnesota"",""Ohio State University"",""Rutgers University-New Brunswick"",""University of Washington"",""Rice University"",""Stony Brook University"",""University of California, Davis"",""University of North Carolina at Chapel Hill"",""Indiana University Bloomington"",""Texas A&M University"",""University of California, Irvine"",""Pennsylvania State University"",""Purdue University"",""University of California, Santa Barbara"",""University of Notre Dame"",""University of Southern California"",""University of Virginia"",""University of Arizona"",""University of Illinois Chicago"",""University of Utah"",""Vanderbilt University"",""Washington University in St. Louis"",""Michigan State University"",""University of Colorado Boulder"",""Emory University"",""North Carolina State University"",""Northeastern University"",""Virginia Tech"",""Arizona State University"",""Boston University"",""Dartmouth College"",""University of Florida"",""University of Georgia"",""University of Iowa"",""University of Massachusetts Amherst"",""Brandeis University"",""University of Connecticut""]"
AT-1e3a856d-9891-4d5c-8f11-f791c794acba,treatment,"[""Paula Vasquez"",""Luis Tenorio"",""Philippe Rukimbira"",""Marius N. Nkashama"",""Rosemberg Toala-Enriquez"",""Raegan Higgins"",""Hortensia Soto"",""Cecilia Diniz Behn"",""Sheree Sharpe"",""Maria Cristina Pereyra"",""Roger Sidje"",""Pelin Guven Geredeli"",""Abdulnasah Soale"",""Roberto Toro-Rodriguez"",""Bruno De Oliveira"",""Chartese Jones"",""Robert Dicks"",""Ricardo Cortez"",""Xavier Perez Gimenez"",""Keisha Cook"",""David Cruz-Uribe"",""Theodore Tachim Medjo"",""Javier Alejandro Chavez-Dominguez"",""Gerardo A. Mendoza"",""Orlando Alvarez"",""Louis Roder Tcheugoue Tebou"",""Iuliana Oprea""]","[""University of Tennessee"",""Florida State University"",""Iowa State University"",""Syracuse University"",""Tulane University"",""University of California, Santa Cruz"",""University of Missouri"",""University of Nebraska-Lincoln"",""Auburn University"",""Case Western Reserve University"",""Temple University"",""University of Delaware"",""University of Kentucky"",""University of Rochester"",""Clemson University"",""Colorado State University"",""University of Miami"",""University of South Carolina"",""George Mason University"",""George Washington University"",""Oregon State University"",""Florida International University"",""University of Alabama"",""University of Houston"",""University of New Mexico"",""University of Oklahoma"",""Drexel University"",""Oklahoma State University-Stillwater"",""University at Buffalo"",""Baylor University"",""Binghamton University"",""University of Alabama at Birmingham"",""Colorado School of Mines"",""New Jersey Institute of Technology"",""Texas Tech University"",""University of Cincinnati"",""University of New Hampshire"",""University of Texas at Dallas"",""Washington State University"",""Wayne State University""]"
AT-6d26e446-8d34-4aad-b9e9-4c5d6937138a,treatment,"[""Cesar Cuenca"",""Tamunonye Cheetham-West"",""Amadou Bah"",""Chelsea Walton"",""Juanita Pinzon Caicedo"",""Gustavo Ponce"",""Mahlet Tadesse"",""Santiago Canez"",""Sean T. Paul"",""Carina Curto"",""Joaquin Moraga"",""Carlos Garcia-Cervera"",""David Caraballo"",""Idris Assani"",""Edinah Gnang"",""Mariel Vazquez"",""Aissa Wade"",""Michael Young"",""Daniela De Silva"",""Javier Gamez-Serrano"",""Wilfrid Gangbo"",""Gloria Mari-Beffa"",""Luis Casian"",""Karola Meszaros"",""Tolulope Fadina"",""Pedro J. Saenz"",""Javier Pena"",""Juan Pablo Mejia Ramos"",""Angelica Cueto"",""Sara Shamekh"",""John Johnson"",""Hector D. Ceniceros"",""Rodolfo Rosales"",""Daniel Alvarez-Gavela""]","[""Massachusetts Institute of Technology"",""Princeton University"",""Harvard University"",""Stanford University"",""University of California, Berkeley"",""University of Chicago"",""University of California, Los Angeles"",""California Institute of Technology"",""New York University"",""Yale University"",""Columbia University"",""University of Texas at Austin"",""Brown University"",""Cornell University"",""Duke University"",""Northwestern University"",""University of Pennsylvania"",""University of Wisconsin-Madison"",""Carnegie Mellon University"",""Georgia Institute of Technology"",""Georgetown University"",""Johns Hopkins University"",""University of California, San Diego"",""University of Illinois Urbana-Champaign"",""University of Maryland, College Park"",""University of Minnesota"",""Ohio State University"",""Rutgers University-New Brunswick"",""University of Washington"",""Rice University"",""Stony Brook University"",""University of California, Davis"",""University of North Carolina at Chapel Hill"",""Indiana University Bloomington"",""Texas A&M University"",""University of California, Irvine"",""Pennsylvania State University"",""Purdue University"",""University of California, Santa Barbara"",""University of Notre Dame""]"
AT-2e0a96d4-cf33-4fff-8687-6797e22c6bda,treatment,,
AT-a68fc0c8-5e6d-441f-863e-e04e7bdf7686,treatment,,
AT-cb198c82-8524-4ecd-9393-2f81e1702e76,treatment,"[""Tolulope Fadina"",""Cesar Cuenca"",""Fernando Guevara Vasquez"",""Calistus Ngonghala"",""Juan Pablo Mejia Ramos"",""Gerard Awanou"",""Hector D. Ceniceros"",""Pedro J. Saenz"",""Rodica Curtu"",""Jonathan Esole"",""John Johnson"",""Hiram H. Lopez Valdez"",""Gustavo Ponce"",""Richard Green"",""Tonatiuh Sanchez Vizuet"",""Alvaro Lozano-Robledo"",""Angelica Cueto"",""Luis Casian"",""Mariel Vazquez"",""Jose Ramon Madrid Padilla"",""Alejandro Morales"",""Yairon Cid Ruiz"",""Ronnie Nagloo"",""Jose Perea"",""Malena Espanol"",""Raul Curto"",""Laura Colmenarejo"",""Cris Negron"",""Lace Padilla"",""Idris Assani"",""Juanita Pinzon Caicedo"",""Talea L. Mayo"",""Danny Martin"",""Pedro Aceves Sanchez"",""Chelsea Walton"",""Carlos Garcia-Cervera"",""Carlos Soto"",""Carina Curto"",""Aissa Wade""]","[""University of California, San Diego"",""University of Illinois Urbana-Champaign"",""University of Maryland, College Park"",""University of Minnesota"",""Ohio State University"",""Rutgers University-New Brunswick"",""University of Washington"",""Rice University"",""Stony Brook University"",""University of California, Davis"",""University of North Carolina at Chapel Hill"",""Indiana University Bloomington"",""Texas A&M University"",""University of California, Irvine"",""Pennsylvania State University"",""Purdue University"",""University of California, Santa Barbara"",""University of Notre Dame"",""University of Southern California"",""University of Virginia"",""University of Arizona"",""University of Illinois Chicago"",""University of Utah"",""Vanderbilt University"",""Washington University in St. Louis"",""Michigan State University"",""University of Colorado Boulder"",""Emory University"",""North Carolina State University"",""Northeastern University"",""Virginia Tech"",""Arizona State University"",""Boston University"",""Dartmouth College"",""University of Florida"",""University of Georgia"",""University of Iowa"",""University of Massachusetts Amherst"",""Brandeis University"",""University of Connecticut""]"
AT-c5355df1-0546-4b9d-9742-397b3ad79842,treatment,,
AT-6d26e446-8d34-4aad-b9e9-4c5d6937138a,treatment,"[""Cesar Cuenca"",""Tamunonye Cheetham-West"",""Amadou Bah"",""Chelsea Walton"",""Juanita Pinzon Caicedo"",""Gustavo Ponce"",""Mahlet Tadesse"",""Santiago Canez"",""Sean T. Paul"",""Carina Curto"",""Joaquin Moraga"",""Carlos Garcia-Cervera"",""David Caraballo"",""Idris Assani"",""Edinah Gnang"",""Mariel Vazquez"",""Aissa Wade"",""Michael Young"",""Daniela De Silva"",""Javier Gamez-Serrano"",""Wilfrid Gangbo"",""Gloria Mari-Beffa"",""Luis Casian"",""Karola Meszaros"",""Tolulope Fadina"",""Pedro J. Saenz"",""Javier Pena"",""Juan Pablo Mejia Ramos"",""Angelica Cueto"",""Sara Shamekh"",""John Johnson"",""Hector D. Ceniceros"",""Rodolfo Rosales"",""Daniel Alvarez-Gavela""]","[""Massachusetts Institute of Technology"",""Princeton University"",""Harvard University"",""Stanford University"",""University of California, Berkeley"",""University of Chicago"",""University of California, Los Angeles"",""California Institute of Technology"",""New York University"",""Yale University"",""Columbia University"",""University of Texas at Austin"",""Brown University"",""Cornell University"",""Duke University"",""Northwestern University"",""University of Pennsylvania"",""University of Wisconsin-Madison"",""Carnegie Mellon University"",""Georgia Institute of Technology"",""Georgetown University"",""Johns Hopkins University"",""University of California, San Diego"",""University of Illinois Urbana-Champaign"",""University of Maryland, College Park"",""University of Minnesota"",""Ohio State University"",""Rutgers University-New Brunswick"",""University of Washington"",""Rice University"",""Stony Brook University"",""University of California, Davis"",""University of North Carolina at Chapel Hill"",""Indiana University Bloomington"",""Texas A&M University"",""University of California, Irvine"",""Pennsylvania State University"",""Purdue University"",""University of California, Santa Barbara"",""University of Notre Dame""]"
AT-6d26e446-8d34-4aad-b9e9-4c5d6937138a,treatment,"[""John Johnson"",""Tamunonye Cheetham-West"",""Amadou Bah"",""Mariel Vazquez"",""Cris Negron"",""Tolulope Fadina"",""Mahlet Tadesse"",""Cesar Cuenca"",""Sean T. Paul"",""Juan Pablo Mejia Ramos"",""Carlos Garcia-Cervera"",""Hector D. Ceniceros"",""David Caraballo"",""Pedro J. Saenz"",""Edinah Gnang"",""Wilfrid Gangbo"",""Chelsea Walton"",""Michael Young"",""Daniela De Silva"",""Javier Gamez-Serrano"",""Gustavo Ponce"",""Gloria Mari-Beffa"",""Aissa Wade"",""Karola Meszaros"",""Idris Assani"",""Juanita Pinzon Caicedo"",""Javier Pena"",""Joaquin Moraga"",""Luis Casian"",""Angelica Cueto"",""Carina Curto"",""Trachette Jackson"",""Santiago Canez"",""Sara Shamekh""]","[""Stanford University"",""University of California, Berkeley"",""University of Chicago"",""University of California, Los Angeles"",""California Institute of Technology"",""New York University"",""Yale University"",""Columbia University"",""University of Michigan"",""University of Texas at Austin"",""Brown University"",""Cornell University"",""Duke University"",""Northwestern University"",""University of Pennsylvania"",""University of Wisconsin-Madison"",""Carnegie Mellon University"",""Georgia Institute of Technology"",""Georgetown University"",""Johns Hopkins University"",""University of Illinois Urbana-Champaign"",""University of Maryland, College Park"",""University of Minnesota"",""Ohio State University"",""Rutgers University-New Brunswick"",""University of Washington"",""Rice University"",""Stony Brook University"",""University of California, Davis"",""University of North Carolina at Chapel Hill"",""Indiana University Bloomington"",""Texas A&M University"",""University of California, Irvine"",""Pennsylvania State University"",""Purdue University"",""University of California, Santa Barbara"",""University of Notre Dame"",""University of Southern California"",""University of Virginia"",""Graduate Center, CUNY""]"
AT-2e5f1c7a-7633-469b-8b2e-9c8c8e64f5ed,treatment,"[""Fernando Guevara Vasquez"",""Idris Assani"",""Mariel Vazquez"",""Juan Pablo Mejia Ramos"",""Laura Colmenarejo"",""Tonatiuh Sanchez Vizuet"",""Pedro J. Saenz"",""Ronnie Nagloo"",""Gustavo Ponce"",""Lace Padilla"",""Cesar Cuenca"",""Danny Martin"",""Aissa Wade"",""Richard Green"",""Carlos Garcia-Cervera"",""Jonathan Esole"",""Jose Perea"",""Chelsea Walton"",""Jose Ramon Madrid Padilla"",""Raul Curto"",""Mahlet Tadesse"",""Calistus Ngonghala"",""Edinah Gnang"",""Malena Espanol"",""Gerard Awanou"",""David Caraballo"",""Cris Negron"",""Yairon Cid Ruiz"",""Rodica Curtu"",""John Johnson"",""Talea L. Mayo"",""Hector D. Ceniceros"",""Carina Curto"",""Hiram H. Lopez Valdez"",""Pedro Aceves Sanchez"",""Tolulope Fadina"",""Luis Casian"",""Angelica Cueto""]","[""Georgia Institute of Technology"",""Georgetown University"",""Johns Hopkins University"",""University of California, San Diego"",""University of Illinois Urbana-Champaign"",""University of Maryland, College Park"",""University of Minnesota"",""Ohio State University"",""Rutgers University-New Brunswick"",""University of Washington"",""Rice University"",""Stony Brook University"",""University of California, Davis"",""University of North Carolina at Chapel Hill"",""Indiana University Bloomington"",""Texas A&M University"",""University of California, Irvine"",""Pennsylvania State University"",""Purdue University"",""University of California, Santa Barbara"",""University of Southern California"",""University of Virginia"",""Graduate Center, CUNY"",""University of Arizona"",""University of Illinois Chicago"",""University of Utah"",""Vanderbilt University"",""Washington University in St. Louis"",""Michigan State University"",""University of Colorado Boulder"",""Emory University"",""North Carolina State University"",""Northeastern University"",""Virginia Tech"",""Arizona State University"",""Boston University"",""Dartmouth College"",""University of Florida"",""University of Georgia"",""University of Iowa""]"
AT-1f4ae3ff-4899-4db6-b252-190466bc3572,treatment,,
AT-c5d0cca9-e3f9-4c1c-a084-614b783a3d11,treatment,,
AT-8535d441-b181-413b-8c0c-a22cd52c7465,treatment,,
AT-31bf583c-f619-439f-891e-967e74457db0,treatment,,
AT-a3805f04-d62b-4834-82df-0d0f02e3b690,treatment,"[""Luis Tenorio"",""Hortensia Soto"",""Marius N. Nkashama"",""Orlando Alvarez"",""Cecilia Diniz Behn"",""Sheree Sharpe"",""Gerardo A. Mendoza"",""Rosemberg Toala-Enriquez"",""Roger Sidje"",""Pelin Guven Geredeli"",""Bruno De Oliveira"",""Roberto Toro-Rodriguez"",""Keisha Cook"",""Maria Cristina Pereyra"",""Robert Dicks"",""Ricardo Cortez"",""Xavier Perez Gimenez"",""Abdulnasah Soale"",""David Cruz-Uribe"",""Diego Maldonado"",""Javier Alejandro Chavez-Dominguez"",""Raegan Higgins"",""Chartese Jones"",""Paula Vasquez"",""Iuliana Oprea""]","[""Iowa State University"",""Syracuse University"",""Tulane University"",""University of California, Santa Cruz"",""University of Missouri"",""University of Nebraska-Lincoln"",""Auburn University"",""Case Western Reserve University"",""Temple University"",""University of Delaware"",""University of Kentucky"",""University of Rochester"",""Clemson University"",""Colorado State University"",""University of Miami"",""University of South Carolina"",""George Mason University"",""George Washington University"",""Kansas State University"",""Oregon State University"",""University of Alabama"",""University of Houston"",""University of New Mexico"",""University of Oklahoma"",""Drexel University"",""Oklahoma State University-Stillwater"",""University at Buffalo"",""Baylor University"",""Binghamton University"",""University of Alabama at Birmingham"",""Colorado School of Mines"",""New Jersey Institute of Technology"",""Texas Tech University"",""University of Cincinnati"",""University of New Hampshire"",""University of Texas at Dallas"",""Washington State University"",""Wayne State University"",""University at Albany, SUNY"",""University of Arkansas""]"
AT-93504e01-7bc4-4b78-844e-7c37c807b8ed,treatment,"[""Paula Vasquez"",""Luis Tenorio"",""Philippe Rukimbira"",""Marius N. Nkashama"",""Rosemberg Toala-Enriquez"",""Raegan Higgins"",""Hortensia Soto"",""Cecilia Diniz Behn"",""Sheree Sharpe"",""Maria Cristina Pereyra"",""Roger Sidje"",""Pelin Guven Geredeli"",""Abdulnasah Soale"",""Roberto Toro-Rodriguez"",""Bruno De Oliveira"",""Chartese Jones"",""Robert Dicks"",""Ricardo Cortez"",""Xavier Perez Gimenez"",""Keisha Cook"",""David Cruz-Uribe"",""Theodore Tachim Medjo"",""Javier Alejandro Chavez-Dominguez"",""Gerardo A. Mendoza"",""Orlando Alvarez"",""Louis Roder Tcheugoue Tebou"",""Iuliana Oprea""]","[""University of Tennessee"",""Florida State University"",""Iowa State University"",""Syracuse University"",""Tulane University"",""University of California, Santa Cruz"",""University of Missouri"",""University of Nebraska-Lincoln"",""Auburn University"",""Case Western Reserve University"",""Temple University"",""University of Delaware"",""University of Kentucky"",""University of Rochester"",""Clemson University"",""Colorado State University"",""University of Miami"",""University of South Carolina"",""George Mason University"",""George Washington University"",""Oregon State University"",""Florida International University"",""University of Alabama"",""University of Houston"",""University of New Mexico"",""University of Oklahoma"",""Drexel University"",""Oklahoma State University-Stillwater"",""University at Buffalo"",""Baylor University"",""Binghamton University"",""University of Alabama at Birmingham"",""Colorado School of Mines"",""New Jersey Institute of Technology"",""Texas Tech University"",""University of Cincinnati"",""University of New Hampshire"",""University of Texas at Dallas"",""Washington State University"",""Wayne State University""]"
AT-f20dd5f2-6ae3-410c-baff-aba9857933a0,treatment,"[""Philippe Rukimbira"",""Raegan Higgins"",""Abey Lopez-Garcia"",""Theodore Tachim Medjo"",""Rosemberg Toala-Enriquez"",""Marius N. Nkashama"",""Luis Tenorio"",""Paul Hurtado"",""E. Olusegun George"",""Katiuscia Teixeira"",""Sheree Sharpe"",""Louis Roder Tcheugoue Tebou"",""Roberto Toro-Rodriguez"",""Martial Longla"",""Cecilia Diniz Behn"",""Roger Sidje"",""Diego Maldonado"",""Maria Cristina Pereyra"",""David Cruz-Uribe"",""Erwin Mina Diaz"",""Javier Alejandro Chavez-Dominguez"",""Mariana Montiel""]","[""George Mason University"",""George Washington University"",""Kansas State University"",""Oregon State University"",""Florida International University"",""University of Alabama"",""University of Houston"",""University of New Mexico"",""University of Oklahoma"",""Drexel University"",""Oklahoma State University-Stillwater"",""University at Buffalo"",""Baylor University"",""Binghamton University"",""University of Alabama at Birmingham"",""Colorado School of Mines"",""New Jersey Institute of Technology"",""Texas Tech University"",""University of Cincinnati"",""University of New Hampshire"",""Washington State University"",""Wayne State University"",""University at Albany, SUNY"",""University of Arkansas"",""University of Maryland, Baltimore County"",""Utah State University"",""University of Central Florida"",""University of Hawaii at Manoa"",""University of Mississippi"",""University of Wisconsin-Milwaukee"",""University of Nevada, Reno"",""Georgia State University"",""Kent State University"",""Montana State University"",""University of Colorado Denver"",""University of Memphis"",""University of Montana"",""University of South Florida"",""Virginia Commonwealth University"",""West Virginia University""]"
AT-711669cc-056c-4062-bcc5-bc1c1a717b43,treatment,"[""Louis Roder Tcheugoue Tebou"",""Diego Maldonado"",""Philippe Rukimbira"",""Patricio Gallardo Candela"",""Pelin Guven Geredeli"",""Eric Quinto"",""Xavier Perez Gimenez"",""Ricardo Cortez"",""Paula Vasquez"",""Luis Tenorio"",""Orlando Alvarez"",""Roberto Toro-Rodriguez"",""Marius N. Nkashama"",""Robert Dicks"",""Abdulnasah Soale"",""Roger Sidje"",""Daniel Hernandez"",""Gerardo A. Mendoza"",""Cecilia Diniz Behn"",""Maria Cristina Pereyra"",""Chartese Jones"",""Keisha Cook"",""David Cruz-Uribe"",""Michael M. Tom"",""Javier Alejandro Chavez-Dominguez"",""Raegan Higgins"",""Bruno De Oliveira"",""Rosemberg Toala-Enriquez"",""Theodore Tachim Medjo""]","[""Louisiana State University"",""Rensselaer Polytechnic Institute"",""Tufts University"",""University of California, Riverside"",""University of Kansas"",""University of Tennessee"",""Florida State University"",""Iowa State University"",""Syracuse University"",""Tulane University"",""University of California, Santa Cruz"",""University of Missouri"",""University of Nebraska-Lincoln"",""Auburn University"",""Case Western Reserve University"",""Temple University"",""University of Delaware"",""University of Kentucky"",""University of Rochester"",""Clemson University"",""University of Miami"",""University of South Carolina"",""George Mason University"",""George Washington University"",""Kansas State University"",""Oregon State University"",""Florida International University"",""University of Alabama"",""University of Houston"",""University of New Mexico"",""University of Oklahoma"",""Drexel University"",""Oklahoma State University-Stillwater"",""University at Buffalo"",""Baylor University"",""Binghamton University"",""University of Alabama at Birmingham"",""Colorado School of Mines"",""New Jersey Institute of Technology"",""Texas Tech University""]"
AT-ffb1cc2b-3af7-46a7-a779-d37cb4d21253,treatment,"[""Iuliana Oprea"",""Louis Roder Tcheugoue Tebou"",""Alvaro Lozano-Robledo"",""Orlando Alvarez"",""Chartese Jones"",""Gerardo A. Mendoza"",""Roger Sidje"",""Paula Vasquez"",""Ricardo Cortez"",""Xavier Perez Gimenez"",""Maria Cristina Pereyra"",""Patricio Gallardo Candela"",""Pelin Guven Geredeli"",""Abdulnasah Soale"",""Hortensia Soto"",""Daniel Hernandez"",""Michael M. Tom"",""Robert Dicks"",""David Cruz-Uribe"",""Javier Alejandro Chavez-Dominguez"",""Keisha Cook"",""Roberto Toro-Rodriguez"",""Diego Maldonado"",""Rosemberg Toala-Enriquez"",""Eric Quinto"",""Bruno De Oliveira"",""Theodore Tachim Medjo"",""Philippe Rukimbira""]","[""University of Connecticut"",""University of Oregon"",""University of Pittsburgh"",""Boston College"",""Louisiana State University"",""Rensselaer Polytechnic Institute"",""Tufts University"",""University of California, Riverside"",""University of Kansas"",""University of Tennessee"",""Florida State University"",""Iowa State University"",""Syracuse University"",""Tulane University"",""University of California, Santa Cruz"",""University of Missouri"",""University of Nebraska-Lincoln"",""Auburn University"",""Case Western Reserve University"",""Temple University"",""University of Kentucky"",""University of Rochester"",""Clemson University"",""Colorado State University"",""University of Miami"",""University of South Carolina"",""George Mason University"",""George Washington University"",""Kansas State University"",""Oregon State University"",""Florida International University"",""University of Alabama"",""University of Houston"",""University of New Mexico"",""University of Oklahoma"",""Drexel University"",""Oklahoma State University-Stillwater"",""University at Buffalo"",""Baylor University"",""Binghamton University""]"
AT-1f8af458-5d60-47da-b005-593f54f4ffd4,treatment,"[""Amadou Bah"",""Santiago Canez"",""Pedro Aceves Sanchez"",""Hector D. Ceniceros"",""Gustavo Ponce"",""Tamunonye Cheetham-West"",""Cesar Cuenca"",""Aissa Wade"",""Pedro J. Saenz"",""Chelsea Walton"",""Idris Assani"",""Wilfrid Gangbo"",""David Caraballo"",""Mahlet Tadesse"",""John Johnson"",""Edinah Gnang"",""Joaquin Moraga"",""Juan Pablo Mejia Ramos"",""Michael Young"",""Daniela De Silva"",""Javier Gamez-Serrano"",""Carlos Garcia-Cervera"",""Gloria Mari-Beffa"",""Cris Negron"",""Karola Meszaros"",""Tonatiuh Sanchez Vizuet"",""Juanita Pinzon Caicedo"",""Javier Pena"",""Mariel Vazquez"",""Luis Casian"",""Sean T. Paul"",""Carina Curto"",""Trachette Jackson"",""Angelica Cueto"",""Sara Shamekh""]","[""University of California, Berkeley"",""University of Chicago"",""University of California, Los Angeles"",""California Institute of Technology"",""New York University"",""Yale University"",""Columbia University"",""University of Michigan"",""University of Texas at Austin"",""Brown University"",""Cornell University"",""Duke University"",""Northwestern University"",""University of Pennsylvania"",""University of Wisconsin-Madison"",""Carnegie Mellon University"",""Georgia Institute of Technology"",""Georgetown University"",""Johns Hopkins University"",""University of California, San Diego"",""University of Maryland, College Park"",""University of Minnesota"",""Ohio State University"",""Rutgers University-New Brunswick"",""University of Washington"",""Rice University"",""Stony Brook University"",""University of California, Davis"",""University of North Carolina at Chapel Hill"",""Indiana University Bloomington"",""Texas A&M University"",""University of California, Irvine"",""Pennsylvania State University"",""Purdue University"",""University of California, Santa Barbara"",""University of Notre Dame"",""University of Southern California"",""University of Virginia"",""Graduate Center, CUNY"",""University of Arizona""]"
AT-ff9684e8-1bbe-4c74-ab23-b0047e80005d,treatment,,
AT-9323500f-b8ce-4778-a9b6-70b7b2e78d95,treatment,,
AT-7a2ae971-4b6a-4b30-bbe9-5b6315cd5396,treatment,"[""Daniela De Silva"",""Gerard Awanou"",""John Johnson"",""Ronnie Nagloo"",""Santiago Canez"",""Chelsea Walton"",""Aissa Wade"",""Idris Assani"",""Juanita Pinzon Caicedo"",""Gustavo Ponce"",""Tolulope Fadina"",""Tonatiuh Sanchez Vizuet"",""Gloria Mari-Beffa"",""Sean T. Paul"",""Joaquin Moraga"",""Hector D. Ceniceros"",""Mariel Vazquez"",""Edinah Gnang"",""Sara Shamekh"",""Juan Pablo Mejia Ramos"",""Tamunonye Cheetham-West"",""Wilfrid Gangbo"",""Amadou Bah"",""Danny Martin"",""Karola Meszaros"",""Javier Gamez-Serrano"",""Mahlet Tadesse"",""Michael Young"",""Fernando Guevara Vasquez"",""David Caraballo"",""Pedro J. Saenz"",""Cris Negron"",""Javier Pena"",""Carlos Garcia-Cervera"",""Carina Curto"",""Luis Casian"",""Pedro Aceves Sanchez"",""Trachette Jackson"",""Cesar Cuenca"",""Angelica Cueto""]","[""University of California, Los Angeles"",""California Institute of Technology"",""New York University"",""Yale University"",""Columbia University"",""University of Michigan"",""University of Texas at Austin"",""Brown University"",""Cornell University"",""Duke University"",""Northwestern University"",""University of Pennsylvania"",""University of Wisconsin-Madison"",""Carnegie Mellon University"",""Georgia Institute of Technology"",""Georgetown University"",""Johns Hopkins University"",""University of California, San Diego"",""University of Illinois Urbana-Champaign"",""University of Maryland, College Park"",""Ohio State University"",""Rutgers University-New Brunswick"",""University of Washington"",""Rice University"",""Stony Brook University"",""University of California, Davis"",""University of North Carolina at Chapel Hill"",""Indiana University Bloomington"",""Texas A&M University"",""University of California, Irvine"",""Pennsylvania State University"",""Purdue University"",""University of California, Santa Barbara"",""University of Notre Dame"",""University of Southern California"",""University of Virginia"",""Graduate Center, CUNY"",""University of Arizona"",""University of Illinois Chicago"",""University of Utah""]"
AT-46b9868e-b9c2-4500-a5c1-a9f126cc3dfb,treatment,"[""Sean T. Paul"",""Mahlet Tadesse"",""Carlos Garcia-Cervera"",""Trachette Jackson"",""Ronnie Nagloo"",""Pedro Aceves Sanchez"",""Tolulope Fadina"",""Tonatiuh Sanchez Vizuet"",""Carina Curto"",""Tamunonye Cheetham-West"",""Gerard Awanou"",""John Johnson"",""Juanita Pinzon Caicedo"",""Mariel Vazquez"",""Hector D. Ceniceros"",""Edinah Gnang"",""Chelsea Walton"",""Santiago Canez"",""Gloria Mari-Beffa"",""Amadou Bah"",""Danny Martin"",""Daniela De Silva"",""Javier Gamez-Serrano"",""David Caraballo"",""Michael Young"",""Fernando Guevara Vasquez"",""Karola Meszaros"",""Pedro J. Saenz"",""Cris Negron"",""Javier Pena"",""Gustavo Ponce"",""Aissa Wade"",""Luis Casian"",""Juan Pablo Mejia Ramos"",""Idris Assani"",""Cesar Cuenca"",""Angelica Cueto""]","[""Yale University"",""Columbia University"",""University of Michigan"",""University of Texas at Austin"",""Brown University"",""Cornell University"",""Duke University"",""Northwestern University"",""University of Pennsylvania"",""University of Wisconsin-Madison"",""Carnegie Mellon University"",""Georgia Institute of Technology"",""Georgetown University"",""Johns Hopkins University"",""University of California, San Diego"",""University of Illinois Urbana-Champaign"",""University of Maryland, College Park"",""University of Minnesota"",""Ohio State University"",""Rutgers University-New Brunswick"",""Rice University"",""Stony Brook University"",""University of California, Davis"",""University of North Carolina at Chapel Hill"",""Indiana University Bloomington"",""Texas A&M University"",""University of California, Irvine"",""Pennsylvania State University"",""Purdue University"",""University of California, Santa Barbara"",""University of Notre Dame"",""University of Southern California"",""University of Virginia"",""Graduate Center, CUNY"",""University of Arizona"",""University of Illinois Chicago"",""University of Utah"",""Vanderbilt University"",""Washington University in St. Louis"",""Michigan State University""]"
AT-ffd3b9a7-1bf9-4ef9-b099-21fcf1542f60,treatment,"[""Tolulope Fadina"",""Cesar Cuenca"",""Fernando Guevara Vasquez"",""Calistus Ngonghala"",""Juan Pablo Mejia Ramos"",""Gerard Awanou"",""Hector D. Ceniceros"",""Pedro J. Saenz"",""Rodica Curtu"",""Jonathan Esole"",""John Johnson"",""Hiram H. Lopez Valdez"",""Gustavo Ponce"",""Richard Green"",""Tonatiuh Sanchez Vizuet"",""Alvaro Lozano-Robledo"",""Angelica Cueto"",""Luis Casian"",""Mariel Vazquez"",""Jose Ramon Madrid Padilla"",""Alejandro Morales"",""Yairon Cid Ruiz"",""Ronnie Nagloo"",""Jose Perea"",""Malena Espanol"",""Raul Curto"",""Laura Colmenarejo"",""Cris Negron"",""Lace Padilla"",""Idris Assani"",""Juanita Pinzon Caicedo"",""Talea L. Mayo"",""Danny Martin"",""Pedro Aceves Sanchez"",""Chelsea Walton"",""Carlos Garcia-Cervera"",""Carlos Soto"",""Carina Curto"",""Aissa Wade""]","[""University of California, San Diego"",""University of Illinois Urbana-Champaign"",""University of Maryland, College Park"",""University of Minnesota"",""Ohio State University"",""Rutgers University-New Brunswick"",""University of Washington"",""Rice University"",""Stony Brook University"",""University of California, Davis"",""University of North Carolina at Chapel Hill"",""Indiana University Bloomington"",""Texas A&M University"",""University of California, Irvine"",""Pennsylvania State University"",""Purdue University"",""University of California, Santa Barbara"",""University of Notre Dame"",""University of Southern California"",""University of Virginia"",""University of Arizona"",""University of Illinois Chicago"",""University of Utah"",""Vanderbilt University"",""Washington University in St. Louis"",""Michigan State University"",""University of Colorado Boulder"",""Emory University"",""North Carolina State University"",""Northeastern University"",""Virginia Tech"",""Arizona State University"",""Boston University"",""Dartmouth College"",""University of Florida"",""University of Georgia"",""University of Iowa"",""University of Massachusetts Amherst"",""Brandeis University"",""University of Connecticut""]"
AT-dc2cfc23-8794-46dd-8700-f24602dbaeec,treatment,,
AT-46b9868e-b9c2-4500-a5c1-a9f126cc3dfb,treatment,"[""Sean T. Paul"",""Mahlet Tadesse"",""Carlos Garcia-Cervera"",""Trachette Jackson"",""Ronnie Nagloo"",""Pedro Aceves Sanchez"",""Tolulope Fadina"",""Tonatiuh Sanchez Vizuet"",""Carina Curto"",""Tamunonye Cheetham-West"",""Gerard Awanou"",""John Johnson"",""Juanita Pinzon Caicedo"",""Mariel Vazquez"",""Hector D. Ceniceros"",""Edinah Gnang"",""Chelsea Walton"",""Santiago Canez"",""Gloria Mari-Beffa"",""Amadou Bah"",""Danny Martin"",""Daniela De Silva"",""Javier Gamez-Serrano"",""David Caraballo"",""Michael Young"",""Fernando Guevara Vasquez"",""Karola Meszaros"",""Pedro J. Saenz"",""Cris Negron"",""Javier Pena"",""Gustavo Ponce"",""Aissa Wade"",""Luis Casian"",""Juan Pablo Mejia Ramos"",""Idris Assani"",""Cesar Cuenca"",""Angelica Cueto""]","[""Yale University"",""Columbia University"",""University of Michigan"",""University of Texas at Austin"",""Brown University"",""Cornell University"",""Duke University"",""Northwestern University"",""University of Pennsylvania"",""University of Wisconsin-Madison"",""Carnegie Mellon University"",""Georgia Institute of Technology"",""Georgetown University"",""Johns Hopkins University"",""University of California, San Diego"",""University of Illinois Urbana-Champaign"",""University of Maryland, College Park"",""University of Minnesota"",""Ohio State University"",""Rutgers University-New Brunswick"",""Rice University"",""Stony Brook University"",""University of California, Davis"",""University of North Carolina at Chapel Hill"",""Indiana University Bloomington"",""Texas A&M University"",""University of California, Irvine"",""Pennsylvania State University"",""Purdue University"",""University of California, Santa Barbara"",""University of Notre Dame"",""University of Southern California"",""University of Virginia"",""Graduate Center, CUNY"",""University of Arizona"",""University of Illinois Chicago"",""University of Utah"",""Vanderbilt University"",""Washington University in St. Louis"",""Michigan State University""]"
AT-90f690c5-63eb-4e54-9d3b-d16161e440de,treatment,"[""Hiram H. Lopez Valdez"",""Alvaro Lozano-Robledo"",""Gerard Awanou"",""Alejandro Morales"",""Jose Ramon Madrid Padilla"",""Jose Perea"",""Richard Green"",""Pedro Aceves Sanchez"",""Raul Curto"",""Yairon Cid Ruiz"",""Rodica Curtu"",""Jonathan Esole"",""Xavier Perez Gimenez"",""Talea L. Mayo"",""Fernando Guevara Vasquez"",""Michael M. Tom"",""Malena Espanol"",""Ronnie Nagloo"",""Daniel Hernandez"",""Tonatiuh Sanchez Vizuet"",""Laura Colmenarejo"",""Calistus Ngonghala"",""Chartese Jones"",""Abdulnasah Soale"",""Danny Martin"",""Ricardo Cortez"",""Eric Quinto"",""Patricio Gallardo Candela"",""Carlos Soto"",""Gerardo A. Mendoza"",""Lace Padilla""]","[""University of Arizona"",""University of Illinois Chicago"",""University of Utah"",""Vanderbilt University"",""Washington University in St. Louis"",""Michigan State University"",""University of Colorado Boulder"",""Emory University"",""North Carolina State University"",""Northeastern University"",""Virginia Tech"",""Arizona State University"",""Boston University"",""Dartmouth College"",""University of Florida"",""University of Georgia"",""University of Iowa"",""University of Massachusetts Amherst"",""Brandeis University"",""University of Connecticut"",""University of Pittsburgh"",""Boston College"",""Louisiana State University"",""Rensselaer Polytechnic Institute"",""Tufts University"",""University of California, Riverside"",""University of Kansas"",""University of Tennessee"",""Florida State University"",""Iowa State University"",""Syracuse University"",""Tulane University"",""University of California, Santa Cruz"",""University of Missouri"",""University of Nebraska-Lincoln"",""Auburn University"",""Case Western Reserve University"",""Temple University"",""University of Delaware"",""University of Kentucky""]"
AT-03c093dc-e86f-46ad-95af-549c0293375d,treatment,"[""Hiram H. Lopez Valdez"",""Patricio Gallardo Candela"",""Raul Curto"",""Orlando Alvarez"",""Jose Ramon Madrid Padilla"",""Rosemberg Toala-Enriquez"",""Ricardo Cortez"",""Lace Padilla"",""Daniel Hernandez"",""Hortensia Soto"",""Carlos Soto"",""Iuliana Oprea"",""Xavier Perez Gimenez"",""Keisha Cook"",""Paula Vasquez"",""Pelin Guven Geredeli"",""Malena Espanol"",""Rodica Curtu"",""Alejandro Morales"",""Gerardo A. Mendoza"",""Robert Dicks"",""Alvaro Lozano-Robledo"",""Chartese Jones"",""Abdulnasah Soale"",""Calistus Ngonghala"",""Jose Perea"",""Jonathan Esole"",""Eric Quinto"",""Bruno De Oliveira"",""Michael M. Tom"",""Diego Maldonado""]","[""Northeastern University"",""Virginia Tech"",""Arizona State University"",""Boston University"",""Dartmouth College"",""University of Florida"",""University of Georgia"",""University of Iowa"",""University of Massachusetts Amherst"",""Brandeis University"",""University of Connecticut"",""University of Oregon"",""University of Pittsburgh"",""Boston College"",""Louisiana State University"",""Rensselaer Polytechnic Institute"",""Tufts University"",""University of California, Riverside"",""University of Kansas"",""University of Tennessee"",""Iowa State University"",""Syracuse University"",""Tulane University"",""University of California, Santa Cruz"",""University of Missouri"",""University of Nebraska-Lincoln"",""Auburn University"",""Case Western Reserve University"",""Temple University"",""University of Delaware"",""University of Kentucky"",""University of Rochester"",""Clemson University"",""Colorado State University"",""University of Miami"",""University of South Carolina"",""George Mason University"",""George Washington University"",""Kansas State University"",""Oregon State University""]"
AT-c4115ca1-6715-4796-abee-2122127ecd29,treatment,"[""Luis Tenorio"",""Hortensia Soto"",""Abey Lopez-Garcia"",""Orlando Alvarez"",""Chartese Jones"",""Diego Maldonado"",""Roger Sidje"",""Paula Vasquez"",""Raegan Higgins"",""Xavier Perez Gimenez"",""Sheree Sharpe"",""Marius N. Nkashama"",""Pelin Guven Geredeli"",""Abdulnasah Soale"",""Cecilia Diniz Behn"",""Katiuscia Teixeira"",""Rosemberg Toala-Enriquez"",""Robert Dicks"",""David Cruz-Uribe"",""Maria Cristina Pereyra"",""Keisha Cook"",""Roberto Toro-Rodriguez"",""Theodore Tachim Medjo"",""Philippe Rukimbira"",""Gerardo A. Mendoza"",""Bruno De Oliveira"",""Louis Roder Tcheugoue Tebou"",""Iuliana Oprea""]","[""University of Missouri"",""University of Nebraska-Lincoln"",""Auburn University"",""Case Western Reserve University"",""Temple University"",""University of Delaware"",""University of Kentucky"",""University of Rochester"",""Clemson University"",""Colorado State University"",""University of Miami"",""University of South Carolina"",""George Mason University"",""George Washington University"",""Kansas State University"",""Oregon State University"",""Florida International University"",""University of Alabama"",""University of Houston"",""University of New Mexico"",""Drexel University"",""Oklahoma State University-Stillwater"",""University at Buffalo"",""Baylor University"",""Binghamton University"",""University of Alabama at Birmingham"",""Colorado School of Mines"",""New Jersey Institute of Technology"",""Texas Tech University"",""University of Cincinnati"",""University of New Hampshire"",""University of Texas at Dallas"",""Washington State University"",""Wayne State University"",""University at Albany, SUNY"",""University of Arkansas"",""University of Maryland, Baltimore County"",""Utah State University"",""University of Central Florida"",""University of Hawaii at Manoa""]"
AT-4be1f51e-afc5-41f9-aeb3-cea8b9270917,treatment,"[""Tolulope Fadina"",""Cesar Cuenca"",""Fernando Guevara Vasquez"",""Calistus Ngonghala"",""Juan Pablo Mejia Ramos"",""Gerard Awanou"",""Hector D. Ceniceros"",""Pedro J. Saenz"",""Rodica Curtu"",""Jonathan Esole"",""John Johnson"",""Hiram H. Lopez Valdez"",""Gustavo Ponce"",""Richard Green"",""Tonatiuh Sanchez Vizuet"",""Alvaro Lozano-Robledo"",""Angelica Cueto"",""Luis Casian"",""Mariel Vazquez"",""Jose Ramon Madrid Padilla"",""Alejandro Morales"",""Yairon Cid Ruiz"",""Ronnie Nagloo"",""Jose Perea"",""Malena Espanol"",""Raul Curto"",""Laura Colmenarejo"",""Cris Negron"",""Lace Padilla"",""Idris Assani"",""Juanita Pinzon Caicedo"",""Talea L. Mayo"",""Danny Martin"",""Pedro Aceves Sanchez"",""Chelsea Walton"",""Carlos Garcia-Cervera"",""Carlos Soto"",""Carina Curto"",""Aissa Wade""]","[""University of California, San Diego"",""University of Illinois Urbana-Champaign"",""University of Maryland, College Park"",""University of Minnesota"",""Ohio State University"",""Rutgers University-New Brunswick"",""University of Washington"",""Rice University"",""Stony Brook University"",""University of California, Davis"",""University of North Carolina at Chapel Hill"",""Indiana University Bloomington"",""Texas A&M University"",""University of California, Irvine"",""Pennsylvania State University"",""Purdue University"",""University of California, Santa Barbara"",""University of Notre Dame"",""University of Southern California"",""University of Virginia"",""University of Arizona"",""University of Illinois Chicago"",""University of Utah"",""Vanderbilt University"",""Washington University in St. Louis"",""Michigan State University"",""University of Colorado Boulder"",""Emory University"",""North Carolina State University"",""Northeastern University"",""Virginia Tech"",""Arizona State University"",""Boston University"",""Dartmouth College"",""University of Florida"",""University of Georgia"",""University of Iowa"",""University of Massachusetts Amherst"",""Brandeis University"",""University of Connecticut""]"
AT-adb954d8-5993-4ce0-b23c-57806ec52ecb,treatment,"[""Chelsea Walton"",""Juanita Pinzon Caicedo"",""Juan Pablo Mejia Ramos"",""Luis Casian"",""Rodolfo Rosales"",""Hector D. Ceniceros"",""Angelica Cueto"",""Tamunonye Cheetham-West"",""David Caraballo"",""Wilfrid Gangbo"",""Gustavo Ponce"",""Edinah Gnang"",""Idris Assani"",""Daniel Alvarez-Gavela"",""Joaquin Moraga"",""Carina Curto"",""Michael Young"",""Karola Meszaros"",""Javier Gamez-Serrano"",""Carlos Garcia-Cervera"",""Gloria Mari-Beffa"",""John Johnson"",""Mahlet Tadesse"",""Trachette Jackson"",""Pedro J. Saenz"",""Javier Pena"",""Mariel Vazquez"",""Cesar Cuenca"",""Sean T. Paul"",""Aissa Wade"",""Tolulope Fadina"",""Santiago Canez"",""Sara Shamekh""]","[""Massachusetts Institute of Technology"",""Princeton University"",""Harvard University"",""Stanford University"",""University of California, Berkeley"",""University of Chicago"",""University of California, Los Angeles"",""California Institute of Technology"",""New York University"",""Yale University"",""University of Michigan"",""University of Texas at Austin"",""Brown University"",""Cornell University"",""Duke University"",""Northwestern University"",""University of Pennsylvania"",""University of Wisconsin-Madison"",""Carnegie Mellon University"",""Georgia Institute of Technology"",""Georgetown University"",""Johns Hopkins University"",""University of California, San Diego"",""University of Illinois Urbana-Champaign"",""University of Maryland, College Park"",""University of Minnesota"",""Ohio State University"",""Rutgers University-New Brunswick"",""University of Washington"",""Rice University"",""Stony Brook University"",""University of California, Davis"",""University of North Carolina at Chapel Hill"",""Indiana University Bloomington"",""Texas A&M University"",""University of California, Irvine"",""Pennsylvania State University"",""Purdue University"",""University of California, Santa Barbara"",""University of Notre Dame""]"
AT-adb954d8-5993-4ce0-b23c-57806ec52ecb,treatment,"[""Chelsea Walton"",""Juanita Pinzon Caicedo"",""Juan Pablo Mejia Ramos"",""Luis Casian"",""Rodolfo Rosales"",""Hector D. Ceniceros"",""Angelica Cueto"",""Tamunonye Cheetham-West"",""David Caraballo"",""Wilfrid Gangbo"",""Gustavo Ponce"",""Edinah Gnang"",""Idris Assani"",""Daniel Alvarez-Gavela"",""Joaquin Moraga"",""Carina Curto"",""Michael Young"",""Karola Meszaros"",""Javier Gamez-Serrano"",""Carlos Garcia-Cervera"",""Gloria Mari-Beffa"",""John Johnson"",""Mahlet Tadesse"",""Trachette Jackson"",""Pedro J. Saenz"",""Javier Pena"",""Mariel Vazquez"",""Cesar Cuenca"",""Sean T. Paul"",""Aissa Wade"",""Tolulope Fadina"",""Santiago Canez"",""Sara Shamekh""]","[""Massachusetts Institute of Technology"",""Princeton University"",""Harvard University"",""Stanford University"",""University of California, Berkeley"",""University of Chicago"",""University of California, Los Angeles"",""California Institute of Technology"",""New York University"",""Yale University"",""University of Michigan"",""University of Texas at Austin"",""Brown University"",""Cornell University"",""Duke University"",""Northwestern University"",""University of Pennsylvania"",""University of Wisconsin-Madison"",""Carnegie Mellon University"",""Georgia Institute of Technology"",""Georgetown University"",""Johns Hopkins University"",""University of California, San Diego"",""University of Illinois Urbana-Champaign"",""University of Maryland, College Park"",""University of Minnesota"",""Ohio State University"",""Rutgers University-New Brunswick"",""University of Washington"",""Rice University"",""Stony Brook University"",""University of California, Davis"",""University of North Carolina at Chapel Hill"",""Indiana University Bloomington"",""Texas A&M University"",""University of California, Irvine"",""Pennsylvania State University"",""Purdue University"",""University of California, Santa Barbara"",""University of Notre Dame""]"
AT-adb954d8-5993-4ce0-b23c-57806ec52ecb,treatment,,
AT-adb954d8-5993-4ce0-b23c-57806ec52ecb,treatment,"[""Chelsea Walton"",""Juanita Pinzon Caicedo"",""Juan Pablo Mejia Ramos"",""Luis Casian"",""Rodolfo Rosales"",""Hector D. Ceniceros"",""Angelica Cueto"",""Tamunonye Cheetham-West"",""David Caraballo"",""Wilfrid Gangbo"",""Gustavo Ponce"",""Edinah Gnang"",""Idris Assani"",""Daniel Alvarez-Gavela"",""Joaquin Moraga"",""Carina Curto"",""Michael Young"",""Karola Meszaros"",""Javier Gamez-Serrano"",""Carlos Garcia-Cervera"",""Gloria Mari-Beffa"",""John Johnson"",""Mahlet Tadesse"",""Trachette Jackson"",""Pedro J. Saenz"",""Javier Pena"",""Mariel Vazquez"",""Cesar Cuenca"",""Sean T. Paul"",""Aissa Wade"",""Tolulope Fadina"",""Santiago Canez"",""Sara Shamekh""]","[""Massachusetts Institute of Technology"",""Princeton University"",""Harvard University"",""Stanford University"",""University of California, Berkeley"",""University of Chicago"",""University of California, Los Angeles"",""California Institute of Technology"",""New York University"",""Yale University"",""University of Michigan"",""University of Texas at Austin"",""Brown University"",""Cornell University"",""Duke University"",""Northwestern University"",""University of Pennsylvania"",""University of Wisconsin-Madison"",""Carnegie Mellon University"",""Georgia Institute of Technology"",""Georgetown University"",""Johns Hopkins University"",""University of California, San Diego"",""University of Illinois Urbana-Champaign"",""University of Maryland, College Park"",""University of Minnesota"",""Ohio State University"",""Rutgers University-New Brunswick"",""University of Washington"",""Rice University"",""Stony Brook University"",""University of California, Davis"",""University of North Carolina at Chapel Hill"",""Indiana University Bloomington"",""Texas A&M University"",""University of California, Irvine"",""Pennsylvania State University"",""Purdue University"",""University of California, Santa Barbara"",""University of Notre Dame""]"
AT-adb954d8-5993-4ce0-b23c-57806ec52ecb,treatment,,
AT-106020bc-f19e-4b01-9527-9863b5000c79,treatment,"[""Hiram H. Lopez Valdez"",""Angelica Cueto"",""Calistus Ngonghala"",""Carlos Soto"",""Raul Curto"",""Hector D. Ceniceros"",""Rodica Curtu"",""Richard Green"",""Mariel Vazquez"",""Jose Ramon Madrid Padilla"",""Tolulope Fadina"",""Chelsea Walton"",""Pedro J. Saenz"",""Alvaro Lozano-Robledo"",""Gerard Awanou"",""Cesar Cuenca"",""Carlos Garcia-Cervera"",""Luis Casian"",""Fernando Guevara Vasquez"",""Yairon Cid Ruiz"",""Ronnie Nagloo"",""Jonathan Esole"",""Malena Espanol"",""Lace Padilla"",""Laura Colmenarejo"",""Cris Negron"",""Jose Perea"",""Idris Assani"",""Juanita Pinzon Caicedo"",""Talea L. Mayo"",""Danny Martin"",""Juan Pablo Mejia Ramos"",""Carina Curto"",""Gustavo Ponce"",""Alejandro Morales"",""Aissa Wade"",""John Johnson""]","[""University of Illinois Urbana-Champaign"",""University of Maryland, College Park"",""University of Minnesota"",""Ohio State University"",""Rutgers University-New Brunswick"",""University of Washington"",""Rice University"",""Stony Brook University"",""University of California, Davis"",""University of North Carolina at Chapel Hill"",""Indiana University Bloomington"",""Texas A&M University"",""University of California, Irvine"",""Pennsylvania State University"",""Purdue University"",""University of California, Santa Barbara"",""University of Notre Dame"",""University of Southern California"",""University of Virginia"",""Graduate Center, CUNY"",""University of Illinois Chicago"",""University of Utah"",""Vanderbilt University"",""Washington University in St. Louis"",""Michigan State University"",""University of Colorado Boulder"",""Emory University"",""North Carolina State University"",""Northeastern University"",""Virginia Tech"",""Arizona State University"",""Boston University"",""Dartmouth College"",""University of Florida"",""University of Georgia"",""University of Iowa"",""University of Massachusetts Amherst"",""Brandeis University"",""University of Connecticut"",""University of Oregon""]"
AT-636d9af4-57fe-425b-aae7-ea11674c594b,treatment,,
AT-16a132cc-cb3d-46df-bcde-3386c4eaa5a5,treatment,"[""Maria De Los Angeles Alfonseca-Cubero"",""Abey Lopez-Garcia"",""Velinda Calvert"",""Leonel Robert Gonzalez"",""Matthew Hernandez"",""Marius N. Nkashama"",""Luis Tenorio"",""Patricia Beaulieu"",""Paul Hurtado"",""Mariana Montiel"",""Martial Longla"",""Erika Tatiana Camacho"",""Cecilia Diniz Behn"",""Katiuscia Teixeira"",""Erwin Mina Diaz"",""Sheree Sharpe"",""Toka Diagana"",""E. Olusegun George"",""Raegan Higgins"",""Norou Diawara""]","[""University of Alabama at Birmingham"",null,""Colorado School of Mines"",""New Jersey Institute of Technology"",""Texas Tech University"",""University of Cincinnati"",""University of New Hampshire"",""University of Texas at Dallas"",""Washington State University"",""Wayne State University"",""University at Albany, SUNY"",""University of Arkansas"",""University of Maryland, Baltimore County"",""Utah State University"",""University of Central Florida"",""University of Hawaii at Manoa"",""University of Mississippi"",""University of Wisconsin-Milwaukee"",""University of Nevada, Reno"",""Georgia State University"",""Kent State University"",""Montana State University"",""University of Colorado Denver"",""University of Memphis"",""University of South Florida"",""Virginia Commonwealth University"",""West Virginia University"",""Ohio University"",""University of Louisville"",""University of Maine"",""University of Nevada, Las Vegas"",""University of North Texas"",""University of Texas at Arlington"",""Mississippi State University"",""Old Dominion University"",""University of Alabama in Huntsville"",""University of Denver"",""North Dakota State University"",""University of Louisiana at Lafayette"",""University of Texas at El Paso"",""University of Texas at San Antonio"",""University of Southern Mississippi""]"
AT-a4cf8f2d-7575-48ec-a50d-0a1e25a6182d,treatment,"[""Philippe Rukimbira"",""Raegan Higgins"",""Abey Lopez-Garcia"",""Theodore Tachim Medjo"",""Rosemberg Toala-Enriquez"",""Marius N. Nkashama"",""Luis Tenorio"",""Paul Hurtado"",""E. Olusegun George"",""Katiuscia Teixeira"",""Sheree Sharpe"",""Louis Roder Tcheugoue Tebou"",""Roberto Toro-Rodriguez"",""Martial Longla"",""Cecilia Diniz Behn"",""Roger Sidje"",""Diego Maldonado"",""Maria Cristina Pereyra"",""David Cruz-Uribe"",""Erwin Mina Diaz"",""Javier Alejandro Chavez-Dominguez"",""Mariana Montiel""]","[""George Mason University"",""George Washington University"",""Kansas State University"",""Oregon State University"",""Florida International University"",""University of Alabama"",""University of Houston"",""University of New Mexico"",""University of Oklahoma"",""Drexel University"",""Oklahoma State University-Stillwater"",""University at Buffalo"",""Baylor University"",""Binghamton University"",""University of Alabama at Birmingham"",""Colorado School of Mines"",""New Jersey Institute of Technology"",""Texas Tech University"",""University of Cincinnati"",""University of New Hampshire"",""Washington State University"",""Wayne State University"",""University at Albany, SUNY"",""University of Arkansas"",""University of Maryland, Baltimore County"",""Utah State University"",""University of Central Florida"",""University of Hawaii at Manoa"",""University of Mississippi"",""University of Wisconsin-Milwaukee"",""University of Nevada, Reno"",""Georgia State University"",""Kent State University"",""Montana State University"",""University of Colorado Denver"",""University of Memphis"",""University of Montana"",""University of South Florida"",""Virginia Commonwealth University"",""West Virginia University""]"
,treatment,"[""Maria De Los Angeles Alfonseca-Cubero"",""Abey Lopez-Garcia"",""Velinda Calvert"",""Leonel Robert Gonzalez"",""Matthew Hernandez"",""Marius N. Nkashama"",""Luis Tenorio"",""Patricia Beaulieu"",""Paul Hurtado"",""Mariana Montiel"",""Martial Longla"",""Erika Tatiana Camacho"",""Cecilia Diniz Behn"",""Katiuscia Teixeira"",""Erwin Mina Diaz"",""Sheree Sharpe"",""Toka Diagana"",""E. Olusegun George"",""Raegan Higgins"",""Norou Diawara""]","[""University of Alabama at Birmingham"",null,""Colorado School of Mines"",""New Jersey Institute of Technology"",""Texas Tech University"",""University of Cincinnati"",""University of New Hampshire"",""University of Texas at Dallas"",""Washington State University"",""Wayne State University"",""University at Albany, SUNY"",""University of Arkansas"",""University of Maryland, Baltimore County"",""Utah State University"",""University of Central Florida"",""University of Hawaii at Manoa"",""University of Mississippi"",""University of Wisconsin-Milwaukee"",""University of Nevada, Reno"",""Georgia State University"",""Kent State University"",""Montana State University"",""University of Colorado Denver"",""University of Memphis"",""University of Montana"",""University of South Florida"",""West Virginia University"",""Ohio University"",""University of Louisville"",""University of Maine"",""University of Nevada, Las Vegas"",""University of North Texas"",""University of Texas at Arlington"",""Mississippi State University"",""Old Dominion University"",""University of Alabama in Huntsville"",""University of Denver"",""North Dakota State University"",""University of Louisiana at Lafayette"",""University of Texas at El Paso"",""University of Texas at San Antonio"",""University of Southern Mississippi""]"
AT-8912dec8-1234-42b4-806d-4dadcde6ebf2,treatment,"[""Patricio Gallardo Candela"",""Jose Ramon Madrid Padilla"",""Laura Colmenarejo"",""Alvaro Lozano-Robledo"",""Cris Negron"",""Rodica Curtu"",""Lace Padilla"",""Pedro Aceves Sanchez"",""Hiram H. Lopez Valdez"",""Richard Green"",""Gerard Awanou"",""Raul Curto"",""Jose Perea"",""Alejandro Morales"",""Aissa Wade"",""Danny Martin"",""Hector D. Ceniceros"",""Michael M. Tom"",""Yairon Cid Ruiz"",""Malena Espanol"",""Ronnie Nagloo"",""Fernando Guevara Vasquez"",""Carlos Garcia-Cervera"",""Jonathan Esole"",""Carlos Soto"",""Juanita Pinzon Caicedo"",""Talea L. Mayo"",""Calistus Ngonghala"",""Tonatiuh Sanchez Vizuet"",""Ricardo Cortez"",""Gustavo Ponce"",""Daniel Hernandez"",""Eric Quinto"",""Carina Curto""]","[""Pennsylvania State University"",""Purdue University"",""University of California, Santa Barbara"",""University of Notre Dame"",""University of Southern California"",""University of Virginia"",""Graduate Center, CUNY"",""University of Arizona"",""University of Illinois Chicago"",""University of Utah"",""Vanderbilt University"",""Washington University in St. Louis"",""Michigan State University"",""University of Colorado Boulder"",""Emory University"",""North Carolina State University"",""Northeastern University"",""Virginia Tech"",""Arizona State University"",""Boston University"",""University of Florida"",""University of Georgia"",""University of Iowa"",""University of Massachusetts Amherst"",""Brandeis University"",""University of Connecticut"",""University of Oregon"",""University of Pittsburgh"",""Boston College"",""Louisiana State University"",""Rensselaer Polytechnic Institute"",""Tufts University"",""University of California, Riverside"",""University of Kansas"",""University of Tennessee"",""Florida State University"",""Iowa State University"",""Syracuse University"",""Tulane University"",""University of California, Santa Cruz""]"
AT-aed324f3-6bdf-482f-b55b-12f1631e1e45,treatment,,
AT-dc2cfc23-8794-46dd-8700-f24602dbaeec,treatment,,
AT-dc2cfc23-8794-46dd-8700-f24602dbaeec,treatment,,
AT-dc2cfc23-8794-46dd-8700-f24602dbaeec,treatment,,
AT-3e59546c-2513-4996-b6b0-97c640b1c1b1,treatment,"[""Yairon Cid Ruiz"",""Pedro Aceves Sanchez"",""Calistus Ngonghala"",""Carlos Soto"",""Daniel Hernandez"",""Jose Ramon Madrid Padilla"",""Mariel Vazquez"",""Gustavo Ponce"",""Pedro J. Saenz"",""Richard Green"",""Idris Assani"",""Raul Curto"",""Lace Padilla"",""Aissa Wade"",""Carlos Garcia-Cervera"",""Carina Curto"",""Ronnie Nagloo"",""Alvaro Lozano-Robledo"",""Laura Colmenarejo"",""Jonathan Esole"",""Malena Espanol"",""Rodica Curtu"",""Fernando Guevara Vasquez"",""Cris Negron"",""Jose Perea"",""Danny Martin"",""Juanita Pinzon Caicedo"",""Michael M. Tom"",""Gerard Awanou"",""Patricio Gallardo Candela"",""Hiram H. Lopez Valdez"",""Hector D. Ceniceros"",""Alejandro Morales"",""Tonatiuh Sanchez Vizuet"",""Eric Quinto""]","[""Stony Brook University"",""University of California, Davis"",""University of North Carolina at Chapel Hill"",""Indiana University Bloomington"",""Texas A&M University"",""University of California, Irvine"",""Pennsylvania State University"",""Purdue University"",""University of California, Santa Barbara"",""University of Notre Dame"",""University of Southern California"",""University of Virginia"",""Graduate Center, CUNY"",""University of Arizona"",""University of Illinois Chicago"",""University of Utah"",""Vanderbilt University"",""Washington University in St. Louis"",""Michigan State University"",""University of Colorado Boulder"",""North Carolina State University"",""Northeastern University"",""Virginia Tech"",""Arizona State University"",""Boston University"",""Dartmouth College"",""University of Florida"",""University of Georgia"",""University of Iowa"",""University of Massachusetts Amherst"",""Brandeis University"",""University of Connecticut"",""University of Oregon"",""University of Pittsburgh"",""Boston College"",""Louisiana State University"",""Rensselaer Polytechnic Institute"",""Tufts University"",""University of California, Riverside"",""University of Kansas""]"
AT-775a32e6-58f2-4451-85db-36f839e44c2f,treatment,,
AT-3e623d9b-d3d4-4fef-83ef-ca77855061ba,treatment,,
AT-d07706b5-4dac-45a0-8ff0-f1fa5b3b6c0d,treatment,"[""Cesar Cuenca"",""Tamunonye Cheetham-West"",""Amadou Bah"",""Chelsea Walton"",""Juanita Pinzon Caicedo"",""Gustavo Ponce"",""Mahlet Tadesse"",""Santiago Canez"",""Sean T. Paul"",""Carina Curto"",""Joaquin Moraga"",""Carlos Garcia-Cervera"",""David Caraballo"",""Idris Assani"",""Edinah Gnang"",""Mariel Vazquez"",""Aissa Wade"",""Michael Young"",""Daniela De Silva"",""Javier Gamez-Serrano"",""Wilfrid Gangbo"",""Gloria Mari-Beffa"",""Luis Casian"",""Karola Meszaros"",""Tolulope Fadina"",""Pedro J. Saenz"",""Javier Pena"",""Juan Pablo Mejia Ramos"",""Angelica Cueto"",""Sara Shamekh"",""John Johnson"",""Hector D. Ceniceros"",""Rodolfo Rosales"",""Daniel Alvarez-Gavela""]","[""Massachusetts Institute of Technology"",""Princeton University"",""Harvard University"",""Stanford University"",""University of California, Berkeley"",""University of Chicago"",""University of California, Los Angeles"",""California Institute of Technology"",""New York University"",""Yale University"",""Columbia University"",""University of Texas at Austin"",""Brown University"",""Cornell University"",""Duke University"",""Northwestern University"",""University of Pennsylvania"",""University of Wisconsin-Madison"",""Carnegie Mellon University"",""Georgia Institute of Technology"",""Georgetown University"",""Johns Hopkins University"",""University of California, San Diego"",""University of Illinois Urbana-Champaign"",""University of Maryland, College Park"",""University of Minnesota"",""Ohio State University"",""Rutgers University-New Brunswick"",""University of Washington"",""Rice University"",""Stony Brook University"",""University of California, Davis"",""University of North Carolina at Chapel Hill"",""Indiana University Bloomington"",""Texas A&M University"",""University of California, Irvine"",""Pennsylvania State University"",""Purdue University"",""University of California, Santa Barbara"",""University of Notre Dame""]"
AT-8fdff6cc-651b-4e7a-bd0f-d61115c92879,treatment,,
AT-3b1b7904-e7a9-40ba-a668-f9287b936db7,treatment,,
AT-3b1b7904-e7a9-40ba-a668-f9287b936db7,treatment,"[""Roberto Toro-Rodriguez"",""Paula Vasquez"",""Iuliana Oprea"",""Philippe Rukimbira"",""Diego Maldonado"",""Alvaro Lozano-Robledo"",""Alejandro Morales"",""Orlando Alvarez"",""Raul Curto"",""Rodica Curtu"",""Louis Roder Tcheugoue Tebou"",""Eric Quinto"",""Pelin Guven Geredeli"",""Chartese Jones"",""Robert Dicks"",""Abdulnasah Soale"",""Calistus Ngonghala"",""Daniel Hernandez"",""Gerardo A. Mendoza"",""Hortensia Soto"",""Roger Sidje"",""Bruno De Oliveira"",""Keisha Cook"",""Patricio Gallardo Candela"",""Michael M. Tom"",""Xavier Perez Gimenez"",""David Cruz-Uribe"",""Carlos Soto"",""Rosemberg Toala-Enriquez"",""Theodore Tachim Medjo""]","[""Boston University"",""Dartmouth College"",""University of Florida"",""University of Georgia"",""University of Iowa"",""University of Massachusetts Amherst"",""Brandeis University"",""University of Connecticut"",""University of Oregon"",""University of Pittsburgh"",""Boston College"",""Louisiana State University"",""Rensselaer Polytechnic Institute"",""Tufts University"",""University of California, Riverside"",""University of Kansas"",""University of Tennessee"",""Florida State University"",""Iowa State University"",""Syracuse University"",""University of California, Santa Cruz"",""University of Missouri"",""University of Nebraska-Lincoln"",""Auburn University"",""Case Western Reserve University"",""Temple University"",""University of Delaware"",""University of Kentucky"",""University of Rochester"",""Clemson University"",""Colorado State University"",""University of Miami"",""University of South Carolina"",""George Mason University"",""George Washington University"",""Kansas State University"",""Oregon State University"",""Florida International University"",""University of Alabama"",""University of Houston""]"
AT-8912dec8-1234-42b4-806d-4dadcde6ebf2,treatment,"[""Patricio Gallardo Candela"",""Jose Ramon Madrid Padilla"",""Laura Colmenarejo"",""Alvaro Lozano-Robledo"",""Cris Negron"",""Rodica Curtu"",""Lace Padilla"",""Pedro Aceves Sanchez"",""Hiram H. Lopez Valdez"",""Richard Green"",""Gerard Awanou"",""Raul Curto"",""Jose Perea"",""Alejandro Morales"",""Aissa Wade"",""Danny Martin"",""Hector D. Ceniceros"",""Michael M. Tom"",""Yairon Cid Ruiz"",""Malena Espanol"",""Ronnie Nagloo"",""Fernando Guevara Vasquez"",""Carlos Garcia-Cervera"",""Jonathan Esole"",""Carlos Soto"",""Juanita Pinzon Caicedo"",""Talea L. Mayo"",""Calistus Ngonghala"",""Tonatiuh Sanchez Vizuet"",""Ricardo Cortez"",""Gustavo Ponce"",""Daniel Hernandez"",""Eric Quinto"",""Carina Curto""]","[""Pennsylvania State University"",""Purdue University"",""University of California, Santa Barbara"",""University of Notre Dame"",""University of Southern California"",""University of Virginia"",""Graduate Center, CUNY"",""University of Arizona"",""University of Illinois Chicago"",""University of Utah"",""Vanderbilt University"",""Washington University in St. Louis"",""Michigan State University"",""University of Colorado Boulder"",""Emory University"",""North Carolina State University"",""Northeastern University"",""Virginia Tech"",""Arizona State University"",""Boston University"",""University of Florida"",""University of Georgia"",""University of Iowa"",""University of Massachusetts Amherst"",""Brandeis University"",""University of Connecticut"",""University of Oregon"",""University of Pittsburgh"",""Boston College"",""Louisiana State University"",""Rensselaer Polytechnic Institute"",""Tufts University"",""University of California, Riverside"",""University of Kansas"",""University of Tennessee"",""Florida State University"",""Iowa State University"",""Syracuse University"",""Tulane University"",""University of California, Santa Cruz""]"
AT-2ab4513b-880d-4d9a-9688-8135560d8933,treatment,,
AT-15e310e9-d17d-4e36-81eb-bbb441ebccd3,treatment,"[""Tolulope Fadina"",""Cesar Cuenca"",""Fernando Guevara Vasquez"",""Calistus Ngonghala"",""Juan Pablo Mejia Ramos"",""Gerard Awanou"",""Hector D. Ceniceros"",""Pedro J. Saenz"",""Rodica Curtu"",""Jonathan Esole"",""John Johnson"",""Hiram H. Lopez Valdez"",""Gustavo Ponce"",""Richard Green"",""Tonatiuh Sanchez Vizuet"",""Alvaro Lozano-Robledo"",""Angelica Cueto"",""Luis Casian"",""Mariel Vazquez"",""Jose Ramon Madrid Padilla"",""Alejandro Morales"",""Yairon Cid Ruiz"",""Ronnie Nagloo"",""Jose Perea"",""Malena Espanol"",""Raul Curto"",""Laura Colmenarejo"",""Cris Negron"",""Lace Padilla"",""Idris Assani"",""Juanita Pinzon Caicedo"",""Talea L. Mayo"",""Danny Martin"",""Pedro Aceves Sanchez"",""Chelsea Walton"",""Carlos Garcia-Cervera"",""Carlos Soto"",""Carina Curto"",""Aissa Wade""]","[""University of California, San Diego"",""University of Illinois Urbana-Champaign"",""University of Maryland, College Park"",""University of Minnesota"",""Ohio State University"",""Rutgers University-New Brunswick"",""University of Washington"",""Rice University"",""Stony Brook University"",""University of California, Davis"",""University of North Carolina at Chapel Hill"",""Indiana University Bloomington"",""Texas A&M University"",""University of California, Irvine"",""Pennsylvania State University"",""Purdue University"",""University of California, Santa Barbara"",""University of Notre Dame"",""University of Southern California"",""University of Virginia"",""University of Arizona"",""University of Illinois Chicago"",""University of Utah"",""Vanderbilt University"",""Washington University in St. Louis"",""Michigan State University"",""University of Colorado Boulder"",""Emory University"",""North Carolina State University"",""Northeastern University"",""Virginia Tech"",""Arizona State University"",""Boston University"",""Dartmouth College"",""University of Florida"",""University of Georgia"",""University of Iowa"",""University of Massachusetts Amherst"",""Brandeis University"",""University of Connecticut""]"
AT-558c8c6a-10e4-4e0b-b9ac-1533f1f53dd9,treatment,"[""Amadou Bah"",""Rodolfo Rosales"",""Chelsea Walton"",""Hector D. Ceniceros"",""Gustavo Ponce"",""Tamunonye Cheetham-West"",""Santiago Canez"",""Luis Casian"",""Idris Assani"",""Aissa Wade"",""Trachette Jackson"",""Wilfrid Gangbo"",""David Caraballo"",""Mahlet Tadesse"",""Cesar Cuenca"",""Edinah Gnang"",""Joaquin Moraga"",""Carina Curto"",""Michael Young"",""Daniela De Silva"",""Javier Gamez-Serrano"",""Carlos Garcia-Cervera"",""Gloria Mari-Beffa"",""Juanita Pinzon Caicedo"",""Karola Meszaros"",""Juan Pablo Mejia Ramos"",""Pedro J. Saenz"",""Javier Pena"",""Mariel Vazquez"",""Angelica Cueto"",""Sean T. Paul"",""John Johnson"",""Tolulope Fadina"",""Sara Shamekh"",""Daniel Alvarez-Gavela""]","[""Massachusetts Institute of Technology"",""Princeton University"",""Harvard University"",""Stanford University"",""University of Chicago"",""University of California, Los Angeles"",""California Institute of Technology"",""New York University"",""Yale University"",""Columbia University"",""University of Michigan"",""University of Texas at Austin"",""Brown University"",""Cornell University"",""Duke University"",""Northwestern University"",""University of Pennsylvania"",""University of Wisconsin-Madison"",""Carnegie Mellon University"",""Georgia Institute of Technology"",""Georgetown University"",""Johns Hopkins University"",""University of California, San Diego"",""University of Illinois Urbana-Champaign"",""University of Maryland, College Park"",""University of Minnesota"",""Ohio State University"",""Rutgers University-New Brunswick"",""University of Washington"",""Rice University"",""Stony Brook University"",""University of California, Davis"",""University of North Carolina at Chapel Hill"",""Indiana University Bloomington"",""Texas A&M University"",""University of California, Irvine"",""Pennsylvania State University"",""Purdue University"",""University of California, Santa Barbara"",""University of Notre Dame""]"
AT-8912dec8-1234-42b4-806d-4dadcde6ebf2,treatment,"[""Patricio Gallardo Candela"",""Jose Ramon Madrid Padilla"",""Laura Colmenarejo"",""Alvaro Lozano-Robledo"",""Cris Negron"",""Rodica Curtu"",""Lace Padilla"",""Pedro Aceves Sanchez"",""Hiram H. Lopez Valdez"",""Richard Green"",""Gerard Awanou"",""Raul Curto"",""Jose Perea"",""Alejandro Morales"",""Aissa Wade"",""Danny Martin"",""Hector D. Ceniceros"",""Michael M. Tom"",""Yairon Cid Ruiz"",""Malena Espanol"",""Ronnie Nagloo"",""Fernando Guevara Vasquez"",""Carlos Garcia-Cervera"",""Jonathan Esole"",""Carlos Soto"",""Juanita Pinzon Caicedo"",""Talea L. Mayo"",""Calistus Ngonghala"",""Tonatiuh Sanchez Vizuet"",""Ricardo Cortez"",""Gustavo Ponce"",""Daniel Hernandez"",""Eric Quinto"",""Carina Curto""]","[""Pennsylvania State University"",""Purdue University"",""University of California, Santa Barbara"",""University of Notre Dame"",""University of Southern California"",""University of Virginia"",""Graduate Center, CUNY"",""University of Arizona"",""University of Illinois Chicago"",""University of Utah"",""Vanderbilt University"",""Washington University in St. Louis"",""Michigan State University"",""University of Colorado Boulder"",""Emory University"",""North Carolina State University"",""Northeastern University"",""Virginia Tech"",""Arizona State University"",""Boston University"",""University of Florida"",""University of Georgia"",""University of Iowa"",""University of Massachusetts Amherst"",""Brandeis University"",""University of Connecticut"",""University of Oregon"",""University of Pittsburgh"",""Boston College"",""Louisiana State University"",""Rensselaer Polytechnic Institute"",""Tufts University"",""University of California, Riverside"",""University of Kansas"",""University of Tennessee"",""Florida State University"",""Iowa State University"",""Syracuse University"",""Tulane University"",""University of California, Santa Cruz""]"
AT-dc2cfc23-8794-46dd-8700-f24602dbaeec,treatment,,
AT-9323500f-b8ce-4778-a9b6-70b7b2e78d95,treatment,"[""Fernando Guevara Vasquez"",""Idris Assani"",""Mariel Vazquez"",""Juan Pablo Mejia Ramos"",""Laura Colmenarejo"",""Tonatiuh Sanchez Vizuet"",""Pedro J. Saenz"",""Ronnie Nagloo"",""Gustavo Ponce"",""Lace Padilla"",""Cesar Cuenca"",""Danny Martin"",""Aissa Wade"",""Richard Green"",""Carlos Garcia-Cervera"",""Jonathan Esole"",""Jose Perea"",""Chelsea Walton"",""Jose Ramon Madrid Padilla"",""Raul Curto"",""Mahlet Tadesse"",""Calistus Ngonghala"",""Edinah Gnang"",""Malena Espanol"",""Gerard Awanou"",""David Caraballo"",""Cris Negron"",""Yairon Cid Ruiz"",""Rodica Curtu"",""John Johnson"",""Talea L. Mayo"",""Hector D. Ceniceros"",""Carina Curto"",""Hiram H. Lopez Valdez"",""Pedro Aceves Sanchez"",""Tolulope Fadina"",""Luis Casian"",""Angelica Cueto""]","[""Georgia Institute of Technology"",""Georgetown University"",""Johns Hopkins University"",""University of California, San Diego"",""University of Illinois Urbana-Champaign"",""University of Maryland, College Park"",""University of Minnesota"",""Ohio State University"",""Rutgers University-New Brunswick"",""University of Washington"",""Rice University"",""Stony Brook University"",""University of California, Davis"",""University of North Carolina at Chapel Hill"",""Indiana University Bloomington"",""Texas A&M University"",""University of California, Irvine"",""Pennsylvania State University"",""Purdue University"",""University of California, Santa Barbara"",""University of Southern California"",""University of Virginia"",""Graduate Center, CUNY"",""University of Arizona"",""University of Illinois Chicago"",""University of Utah"",""Vanderbilt University"",""Washington University in St. Louis"",""Michigan State University"",""University of Colorado Boulder"",""Emory University"",""North Carolina State University"",""Northeastern University"",""Virginia Tech"",""Arizona State University"",""Boston University"",""Dartmouth College"",""University of Florida"",""University of Georgia"",""University of Iowa""]"
AT-dc2cfc23-8794-46dd-8700-f24602dbaeec,treatment,"[""Cesar Cuenca"",""Tamunonye Cheetham-West"",""Amadou Bah"",""Chelsea Walton"",""Juanita Pinzon Caicedo"",""Gustavo Ponce"",""Mahlet Tadesse"",""Santiago Canez"",""Sean T. Paul"",""Carina Curto"",""Joaquin Moraga"",""Carlos Garcia-Cervera"",""David Caraballo"",""Idris Assani"",""Edinah Gnang"",""Mariel Vazquez"",""Aissa Wade"",""Michael Young"",""Daniela De Silva"",""Javier Gamez-Serrano"",""Wilfrid Gangbo"",""Gloria Mari-Beffa"",""Luis Casian"",""Karola Meszaros"",""Tolulope Fadina"",""Pedro J. Saenz"",""Javier Pena"",""Juan Pablo Mejia Ramos"",""Angelica Cueto"",""Sara Shamekh"",""John Johnson"",""Hector D. Ceniceros"",""Rodolfo Rosales"",""Daniel Alvarez-Gavela""]","[""Massachusetts Institute of Technology"",""Princeton University"",""Harvard University"",""Stanford University"",""University of California, Berkeley"",""University of Chicago"",""University of California, Los Angeles"",""California Institute of Technology"",""New York University"",""Yale University"",""Columbia University"",""University of Texas at Austin"",""Brown University"",""Cornell University"",""Duke University"",""Northwestern University"",""University of Pennsylvania"",""University of Wisconsin-Madison"",""Carnegie Mellon University"",""Georgia Institute of Technology"",""Georgetown University"",""Johns Hopkins University"",""University of California, San Diego"",""University of Illinois Urbana-Champaign"",""University of Maryland, College Park"",""University of Minnesota"",""Ohio State University"",""Rutgers University-New Brunswick"",""University of Washington"",""Rice University"",""Stony Brook University"",""University of California, Davis"",""University of North Carolina at Chapel Hill"",""Indiana University Bloomington"",""Texas A&M University"",""University of California, Irvine"",""Pennsylvania State University"",""Purdue University"",""University of California, Santa Barbara"",""University of Notre Dame""]"
AT-aed324f3-6bdf-482f-b55b-12f1631e1e45,treatment,"[""Richard Green"",""Jose Ramon Madrid Padilla"",""Yairon Cid Ruiz"",""Jose Perea"",""Eric Quinto"",""Gerard Awanou"",""Alejandro Morales"",""Xavier Perez Gimenez"",""Raul Curto"",""Rodica Curtu"",""Jonathan Esole"",""Tonatiuh Sanchez Vizuet"",""Talea L. Mayo"",""Fernando Guevara Vasquez"",""Michael M. Tom"",""Malena Espanol"",""Ronnie Nagloo"",""Daniel Hernandez"",""Pedro Aceves Sanchez"",""Laura Colmenarejo"",""Calistus Ngonghala"",""Chartese Jones"",""Abdulnasah Soale"",""Danny Martin"",""Ricardo Cortez"",""Hiram H. Lopez Valdez"",""Patricio Gallardo Candela"",""Carlos Soto"",""Gerardo A. Mendoza"",""Lace Padilla""]","[""Graduate Center, CUNY"",""University of Arizona"",""University of Illinois Chicago"",""University of Utah"",""Vanderbilt University"",""Washington University in St. Louis"",""Michigan State University"",""University of Colorado Boulder"",""Emory University"",""North Carolina State University"",""Northeastern University"",""Virginia Tech"",""Arizona State University"",""Boston University"",""Dartmouth College"",""University of Florida"",""University of Georgia"",""University of Iowa"",""University of Massachusetts Amherst"",""Brandeis University"",""University of Oregon"",""University of Pittsburgh"",""Boston College"",""Louisiana State University"",""Rensselaer Polytechnic Institute"",""Tufts University"",""University of California, Riverside"",""University of Kansas"",""University of Tennessee"",""Florida State University"",""Iowa State University"",""Syracuse University"",""Tulane University"",""University of California, Santa Cruz"",""University of Missouri"",""University of Nebraska-Lincoln"",""Auburn University"",""Case Western Reserve University"",""Temple University"",""University of Delaware""]"
AT-eef831cc-b57e-42c4-be0d-c4da35082588,treatment,,
AT-dc2cfc23-8794-46dd-8700-f24602dbaeec,treatment,,
AT-dc2cfc23-8794-46dd-8700-f24602dbaeec,treatment,"[""Cesar Cuenca"",""Tamunonye Cheetham-West"",""Amadou Bah"",""Chelsea Walton"",""Juanita Pinzon Caicedo"",""Gustavo Ponce"",""Mahlet Tadesse"",""Santiago Canez"",""Sean T. Paul"",""Carina Curto"",""Joaquin Moraga"",""Carlos Garcia-Cervera"",""David Caraballo"",""Idris Assani"",""Edinah Gnang"",""Mariel Vazquez"",""Aissa Wade"",""Michael Young"",""Daniela De Silva"",""Javier Gamez-Serrano"",""Wilfrid Gangbo"",""Gloria Mari-Beffa"",""Luis Casian"",""Karola Meszaros"",""Tolulope Fadina"",""Pedro J. Saenz"",""Javier Pena"",""Juan Pablo Mejia Ramos"",""Angelica Cueto"",""Sara Shamekh"",""John Johnson"",""Hector D. Ceniceros"",""Rodolfo Rosales"",""Daniel Alvarez-Gavela""]","[""Massachusetts Institute of Technology"",""Princeton University"",""Harvard University"",""Stanford University"",""University of California, Berkeley"",""University of Chicago"",""University of California, Los Angeles"",""California Institute of Technology"",""New York University"",""Yale University"",""Columbia University"",""University of Texas at Austin"",""Brown University"",""Cornell University"",""Duke University"",""Northwestern University"",""University of Pennsylvania"",""University of Wisconsin-Madison"",""Carnegie Mellon University"",""Georgia Institute of Technology"",""Georgetown University"",""Johns Hopkins University"",""University of California, San Diego"",""University of Illinois Urbana-Champaign"",""University of Maryland, College Park"",""University of Minnesota"",""Ohio State University"",""Rutgers University-New Brunswick"",""University of Washington"",""Rice University"",""Stony Brook University"",""University of California, Davis"",""University of North Carolina at Chapel Hill"",""Indiana University Bloomington"",""Texas A&M University"",""University of California, Irvine"",""Pennsylvania State University"",""Purdue University"",""University of California, Santa Barbara"",""University of Notre Dame""]"
AT-c5355df1-0546-4b9d-9742-397b3ad79842,treatment,,
AT-c5355df1-0546-4b9d-9742-397b3ad79842,treatment,,
AT-dc2cfc23-8794-46dd-8700-f24602dbaeec,treatment,"[""Cesar Cuenca"",""Tamunonye Cheetham-West"",""Amadou Bah"",""Chelsea Walton"",""Juanita Pinzon Caicedo"",""Gustavo Ponce"",""Mahlet Tadesse"",""Santiago Canez"",""Sean T. Paul"",""Carina Curto"",""Joaquin Moraga"",""Carlos Garcia-Cervera"",""David Caraballo"",""Idris Assani"",""Edinah Gnang"",""Mariel Vazquez"",""Aissa Wade"",""Michael Young"",""Daniela De Silva"",""Javier Gamez-Serrano"",""Wilfrid Gangbo"",""Gloria Mari-Beffa"",""Luis Casian"",""Karola Meszaros"",""Tolulope Fadina"",""Pedro J. Saenz"",""Javier Pena"",""Juan Pablo Mejia Ramos"",""Angelica Cueto"",""Sara Shamekh"",""John Johnson"",""Hector D. Ceniceros"",""Rodolfo Rosales"",""Daniel Alvarez-Gavela""]","[""Massachusetts Institute of Technology"",""Princeton University"",""Harvard University"",""Stanford University"",""University of California, Berkeley"",""University of Chicago"",""University of California, Los Angeles"",""California Institute of Technology"",""New York University"",""Yale University"",""Columbia University"",""University of Texas at Austin"",""Brown University"",""Cornell University"",""Duke University"",""Northwestern University"",""University of Pennsylvania"",""University of Wisconsin-Madison"",""Carnegie Mellon University"",""Georgia Institute of Technology"",""Georgetown University"",""Johns Hopkins University"",""University of California, San Diego"",""University of Illinois Urbana-Champaign"",""University of Maryland, College Park"",""University of Minnesota"",""Ohio State University"",""Rutgers University-New Brunswick"",""University of Washington"",""Rice University"",""Stony Brook University"",""University of California, Davis"",""University of North Carolina at Chapel Hill"",""Indiana University Bloomington"",""Texas A&M University"",""University of California, Irvine"",""Pennsylvania State University"",""Purdue University"",""University of California, Santa Barbara"",""University of Notre Dame""]"
AT-dc2cfc23-8794-46dd-8700-f24602dbaeec,treatment,,
AT-7984d218-8a6a-4bb2-8296-aaabfd9b193a,treatment,"[""Philippe Rukimbira"",""Raegan Higgins"",""Toka Diagana"",""Theodore Tachim Medjo"",""Mariana Montiel"",""Marius N. Nkashama"",""Luis Tenorio"",""Paul Hurtado"",""E. Olusegun George"",""Matthew Hernandez"",""Sheree Sharpe"",""Louis Roder Tcheugoue Tebou"",""Roberto Toro-Rodriguez"",""Martial Longla"",""Cecilia Diniz Behn"",""Roger Sidje"",""Norou Diawara"",""Maria Cristina Pereyra"",""David Cruz-Uribe"",""Erwin Mina Diaz"",""Javier Alejandro Chavez-Dominguez"",""Velinda Calvert""]","[""Florida International University"",""University of Alabama"",""University of Houston"",""University of New Mexico"",""University of Oklahoma"",""Drexel University"",""Oklahoma State University-Stillwater"",""University at Buffalo"",""Baylor University"",""Binghamton University"",""University of Alabama at Birmingham"",""Colorado School of Mines"",""New Jersey Institute of Technology"",""Texas Tech University"",""University of Cincinnati"",""University of New Hampshire"",""University of Texas at Dallas"",""Washington State University"",""Wayne State University"",""University at Albany, SUNY"",""University of Arkansas"",""University of Maryland, Baltimore County"",""Utah State University"",""University of Hawaii at Manoa"",""University of Mississippi"",""University of Wisconsin-Milwaukee"",""University of Nevada, Reno"",""Georgia State University"",""Kent State University"",""Montana State University"",""University of Colorado Denver"",""University of Memphis"",""University of Montana"",""University of South Florida"",""Virginia Commonwealth University"",""West Virginia University"",""Ohio University"",""University of Louisville"",""University of Maine"",""University of Nevada, Las Vegas"",""University of North Texas"",""University of Texas at Arlington"",""Mississippi State University"",""Old Dominion University"",""University of Alabama in Huntsville"",""University of Denver""]"
AT-dc2cfc23-8794-46dd-8700-f24602dbaeec,treatment,,
AT-2e0a96d4-cf33-4fff-8687-6797e22c6bda,treatment,,
AC-818aed39-95be-4f01-b18e-5982c5937265,control,,"[""Massachusetts Institute of Technology"",""Princeton University"",""Harvard University"",""Stanford University"",""University of California, Berkeley"",""University of Chicago"",""University of California, Los Angeles"",""California Institute of Technology"",""New York University"",""Yale University"",""Columbia University"",""University of Michigan"",""University of Texas at Austin"",""Brown University"",""Cornell University"",""Duke University"",""Northwestern University"",""University of Wisconsin-Madison"",""Carnegie Mellon University"",""Georgia Institute of Technology"",""Georgetown University"",""Johns Hopkins University"",""University of California, San Diego"",""University of Illinois Urbana-Champaign"",""University of Maryland, College Park"",""University of Minnesota"",""Ohio State University"",""Rutgers University-New Brunswick"",""University of Washington"",""Rice University"",""Stony Brook University"",""University of California, Davis"",""University of North Carolina at Chapel Hill"",""Indiana University Bloomington"",""Texas A&M University"",""University of California, Irvine"",""Pennsylvania State University"",""Purdue University"",""University of California, Santa Barbara"",""University of Notre Dame""]"
AC-9c24b33b-a5ab-4724-bed7-f9996a57da20,control,,"[""University of New Mexico"",""University of Oklahoma"",""Drexel University"",""Oklahoma State University-Stillwater"",""University at Buffalo"",""Baylor University"",""Binghamton University"",""University of Alabama at Birmingham"",""Colorado School of Mines"",""New Jersey Institute of Technology"",""Texas Tech University"",""University of Cincinnati"",""University of New Hampshire"",""University of Texas at Dallas"",""Washington State University"",""Wayne State University"",""University at Albany, SUNY"",""University of Arkansas"",""University of Maryland, Baltimore County"",""Utah State University"",""University of Central Florida"",""University of Hawaii at Manoa"",""University of Mississippi"",""University of Wisconsin-Milwaukee"",""University of Nevada, Reno"",""Georgia State University"",""Kent State University"",""Montana State University"",""University of Colorado Denver"",""University of Memphis"",""University of Montana"",""University of South Florida"",""Virginia Commonwealth University"",""West Virginia University"",""Ohio University"",""University of Louisville"",""University of Maine"",""University of Nevada, Las Vegas"",""University of North Texas"",""University of Texas at Arlington"",""Mississippi State University"",""Old Dominion University"",""University of Alabama in Huntsville"",""University of Denver"",""North Dakota State University"",""University of Texas at El Paso"",""University of Texas at San Antonio"",""University of Southern Mississippi""]"
AC-9c24b33b-a5ab-4724-bed7-f9996a57da20,control,,"[""University of New Mexico"",""University of Oklahoma"",""Drexel University"",""Oklahoma State University-Stillwater"",""University at Buffalo"",""Baylor University"",""Binghamton University"",""University of Alabama at Birmingham"",""Colorado School of Mines"",""New Jersey Institute of Technology"",""Texas Tech University"",""University of Cincinnati"",""University of New Hampshire"",""University of Texas at Dallas"",""Washington State University"",""Wayne State University"",""University at Albany, SUNY"",""University of Arkansas"",""University of Maryland, Baltimore County"",""Utah State University"",""University of Central Florida"",""University of Hawaii at Manoa"",""University of Mississippi"",""University of Wisconsin-Milwaukee"",""University of Nevada, Reno"",""Georgia State University"",""Kent State University"",""Montana State University"",""University of Colorado Denver"",""University of Memphis"",""University of Montana"",""University of South Florida"",""Virginia Commonwealth University"",""West Virginia University"",""Ohio University"",""University of Louisville"",""University of Maine"",""University of Nevada, Las Vegas"",""University of North Texas"",""University of Texas at Arlington"",""Mississippi State University"",""Old Dominion University"",""University of Alabama in Huntsville"",""University of Denver"",""North Dakota State University"",""University of Texas at El Paso"",""University of Texas at San Antonio"",""University of Southern Mississippi""]"
AC-1f788317-7bb3-4e1e-b870-d9a9cb052e26,control,,
AC-9c24b33b-a5ab-4724-bed7-f9996a57da20,control,,
AC-2d737019-2b02-4af0-bd58-7babb7ad5395,control,,
AC-525276cc-31a9-4b64-9975-c081de675fe4,control,,
AC-ae019156-a36f-4e74-b777-a779e0a12952,control,,"[""Purdue University"",""University of California, Santa Barbara"",""University of Notre Dame"",""University of Southern California"",""University of Virginia"",""Graduate Center, CUNY"",""University of Arizona"",""University of Illinois Chicago"",""University of Utah"",""Vanderbilt University"",""Washington University in St. Louis"",""Michigan State University"",""University of Colorado Boulder"",""Emory University"",""North Carolina State University"",""Northeastern University"",""Virginia Tech"",""Arizona State University"",""Boston University"",""Dartmouth College"",""University of Georgia"",""University of Iowa"",""University of Massachusetts Amherst"",""Brandeis University"",""University of Connecticut"",""University of Oregon"",""University of Pittsburgh"",""Boston College"",""Louisiana State University"",""Rensselaer Polytechnic Institute"",""Tufts University"",""University of California, Riverside"",""University of Kansas"",""University of Tennessee"",""Florida State University"",""Iowa State University"",""Syracuse University"",""Tulane University"",""University of California, Santa Cruz"",""University of Missouri""]"
AC-f1f9c267-8799-466d-9752-7cfe8d168742,control,,
AC-671f49b2-3d07-42fb-bc4b-a508801fd02f,control,,"[""Harvard University"",""Stanford University"",""University of California, Berkeley"",""University of Chicago"",""University of California, Los Angeles"",""California Institute of Technology"",""New York University"",""Yale University"",""Columbia University"",""University of Michigan"",""University of Texas at Austin"",""Brown University"",""Cornell University"",""Duke University"",""Northwestern University"",""University of Pennsylvania"",""University of Wisconsin-Madison"",""Carnegie Mellon University"",""Georgia Institute of Technology"",""Georgetown University"",""University of California, San Diego"",""University of Illinois Urbana-Champaign"",""University of Maryland, College Park"",""University of Minnesota"",""Ohio State University"",""Rutgers University-New Brunswick"",""University of Washington"",""Rice University"",""Stony Brook University"",""University of California, Davis"",""University of North Carolina at Chapel Hill"",""Indiana University Bloomington"",""Texas A&M University"",""University of California, Irvine"",""Pennsylvania State University"",""Purdue University"",""University of California, Santa Barbara"",""University of Notre Dame"",""University of Southern California"",""University of Virginia""]"
AC-e49f7178-a233-4a9c-a603-cb654a1eab70,control,,"[""University of Iowa"",""University of Massachusetts Amherst"",""Brandeis University"",""University of Connecticut"",""University of Oregon"",""University of Pittsburgh"",""Boston College"",""Louisiana State University"",""Rensselaer Polytechnic Institute"",""Tufts University"",""University of California, Riverside"",""University of Kansas"",""University of Tennessee"",""Florida State University"",""Iowa State University"",""Syracuse University"",""Tulane University"",""University of California, Santa Cruz"",""University of Missouri"",""University of Nebraska-Lincoln"",""Case Western Reserve University"",""Temple University"",""University of Delaware"",""University of Kentucky"",""University of Rochester"",""Clemson University"",""Colorado State University"",""University of Miami"",""University of South Carolina"",""George Mason University"",""George Washington University"",""Kansas State University"",""Oregon State University"",""Florida International University"",""University of Alabama"",""University of Houston"",""University of New Mexico"",""University of Oklahoma"",""Drexel University"",""Oklahoma State University-Stillwater""]"
AC-e32360b8-0b07-4892-87fe-b83412e167a6,control,,"[""University of Georgia"",""University of Iowa"",""University of Massachusetts Amherst"",""Brandeis University"",""University of Connecticut"",""University of Oregon"",""University of Pittsburgh"",""Boston College"",""Louisiana State University"",""Rensselaer Polytechnic Institute"",""Tufts University"",""University of California, Riverside"",""University of Kansas"",""University of Tennessee"",""Florida State University"",""Iowa State University"",""Syracuse University"",""Tulane University"",""University of California, Santa Cruz"",""University of Missouri"",""Auburn University"",""Case Western Reserve University"",""Temple University"",""University of Delaware"",""University of Kentucky"",""University of Rochester"",""Clemson University"",""Colorado State University"",""University of Miami"",""University of South Carolina"",""George Mason University"",""George Washington University"",""Kansas State University"",""Oregon State University"",""Florida International University"",""University of Alabama"",""University of Houston"",""University of New Mexico"",""University of Oklahoma"",""Drexel University""]"
AC-2194a285-4862-4051-bf58-a97360a1d5e6,control,,"[""Massachusetts Institute of Technology"",""Princeton University"",""Harvard University"",""Stanford University"",""University of California, Berkeley"",""University of Chicago"",""University of California, Los Angeles"",""California Institute of Technology"",""Yale University"",""Columbia University"",""University of Michigan"",""University of Texas at Austin"",""Brown University"",""Cornell University"",""Duke University"",""Northwestern University"",""University of Pennsylvania"",""University of Wisconsin-Madison"",""Carnegie Mellon University"",""Georgia Institute of Technology"",""Georgetown University"",""Johns Hopkins University"",""University of California, San Diego"",""University of Illinois Urbana-Champaign"",""University of Maryland, College Park"",""University of Minnesota"",""Ohio State University"",""Rutgers University-New Brunswick"",""University of Washington"",""Rice University"",""Stony Brook University"",""University of California, Davis"",""University of North Carolina at Chapel Hill"",""Indiana University Bloomington"",""Texas A&M University"",""University of California, Irvine"",""Pennsylvania State University"",""Purdue University"",""University of California, Santa Barbara"",""University of Notre Dame""]"
AC-a935084b-8166-4069-9ca5-188aa5c24673,control,,"[""University of Nebraska-Lincoln"",""Auburn University"",""Case Western Reserve University"",""Temple University"",""University of Delaware"",""University of Kentucky"",""University of Rochester"",""Clemson University"",""Colorado State University"",""University of Miami"",""University of South Carolina"",""George Mason University"",""George Washington University"",""Kansas State University"",""Oregon State University"",""Florida International University"",""University of Alabama"",""University of Houston"",""University of New Mexico"",""University of Oklahoma"",""Oklahoma State University-Stillwater"",""University at Buffalo"",""Baylor University"",""Binghamton University"",""University of Alabama at Birmingham"",""Colorado School of Mines"",""New Jersey Institute of Technology"",""Texas Tech University"",""University of Cincinnati"",""University of New Hampshire"",""University of Texas at Dallas"",""Washington State University"",""Wayne State University"",""University at Albany, SUNY"",""University of Arkansas"",""University of Maryland, Baltimore County"",""Utah State University"",""University of Central Florida"",""University of Hawaii at Manoa"",""University of Mississippi""]"
AC-9fc9ff8f-7a14-4418-8211-30f11995faa1,control,,
AC-37c7ab4a-5cf3-47be-9032-84370b832d40,control,,"[""Texas A&M University"",""University of California, Irvine"",""Pennsylvania State University"",""Purdue University"",""University of California, Santa Barbara"",""University of Notre Dame"",""University of Southern California"",""University of Virginia"",""Graduate Center, CUNY"",""University of Arizona"",""University of Illinois Chicago"",""University of Utah"",""Vanderbilt University"",""Washington University in St. Louis"",""Michigan State University"",""University of Colorado Boulder"",""Emory University"",""North Carolina State University"",""Northeastern University"",""Virginia Tech"",""Boston University"",""Dartmouth College"",""University of Florida"",""University of Georgia"",""University of Iowa"",""University of Massachusetts Amherst"",""Brandeis University"",""University of Connecticut"",""University of Oregon"",""University of Pittsburgh"",""Boston College"",""Louisiana State University"",""Rensselaer Polytechnic Institute"",""Tufts University"",""University of California, Riverside"",""University of Kansas"",""University of Tennessee"",""Florida State University"",""Iowa State University"",""Syracuse University""]"
AC-689665c4-2066-446d-84c9-6c68bbb8ae61,control,,"[""Tufts University"",""University of California, Riverside"",""University of Kansas"",""University of Tennessee"",""Florida State University"",""Iowa State University"",""Syracuse University"",""Tulane University"",""University of California, Santa Cruz"",""University of Missouri"",""University of Nebraska-Lincoln"",""Auburn University"",""Case Western Reserve University"",""Temple University"",""University of Delaware"",""University of Kentucky"",""University of Rochester"",""Clemson University"",""Colorado State University"",""University of Miami"",""George Mason University"",""George Washington University"",""Kansas State University"",""Oregon State University"",""Florida International University"",""University of Alabama"",""University of Houston"",""University of New Mexico"",""University of Oklahoma"",""Drexel University"",""Oklahoma State University-Stillwater"",""University at Buffalo"",""Baylor University"",""Binghamton University"",""University of Alabama at Birmingham"",""Colorado School of Mines"",""New Jersey Institute of Technology"",""Texas Tech University"",""University of Cincinnati"",""University of New Hampshire""]"
AC-bae45c20-fa38-4ae7-8627-0d1b25eafea8,control,,"[""Massachusetts Institute of Technology"",""Princeton University"",""Harvard University"",""Stanford University"",""University of California, Berkeley"",""University of Chicago"",""University of California, Los Angeles"",""California Institute of Technology"",""New York University"",""Yale University"",""Columbia University"",""University of Michigan"",""University of Texas at Austin"",""Brown University"",""Cornell University"",""Duke University"",""Northwestern University"",""University of Wisconsin-Madison"",""Carnegie Mellon University"",""Georgia Institute of Technology"",""Georgetown University"",""Johns Hopkins University"",""University of California, San Diego"",""University of Illinois Urbana-Champaign"",""University of Maryland, College Park"",""University of Minnesota"",""Ohio State University"",""Rutgers University-New Brunswick"",""University of Washington"",""Rice University"",""Stony Brook University"",""University of California, Davis"",""University of North Carolina at Chapel Hill"",""Indiana University Bloomington"",""Texas A&M University"",""University of California, Irvine"",""Pennsylvania State University"",""Purdue University"",""University of California, Santa Barbara"",""University of Notre Dame""]"
AC-5e11d866-4b30-437a-b562-2b777e00c62f,control,,"[""University of Alabama at Birmingham"",""Colorado School of Mines"",""New Jersey Institute of Technology"",""Texas Tech University"",""University of Cincinnati"",""University of New Hampshire"",""University of Texas at Dallas"",""Washington State University"",""Wayne State University"",""University at Albany, SUNY"",""University of Arkansas"",""University of Maryland, Baltimore County"",""Utah State University"",""University of Central Florida"",""University of Hawaii at Manoa"",""University of Mississippi"",""University of Wisconsin-Milwaukee"",""University of Nevada, Reno"",""Georgia State University"",""Kent State University"",""Montana State University"",""University of Colorado Denver"",""University of Memphis"",""University of Montana"",""University of South Florida"",""Virginia Commonwealth University"",""West Virginia University"",""Ohio University"",""University of Louisville"",""University of Maine"",""University of Nevada, Las Vegas"",""University of North Texas"",""University of Texas at Arlington"",""Mississippi State University"",""Old Dominion University"",""University of Alabama in Huntsville"",""North Dakota State University"",""University of Louisiana at Lafayette"",""University of Texas at El Paso"",""University of Texas at San Antonio"",""University of Southern Mississippi""]"
AC-ed421c55-db1d-44a5-933b-0bc5b1f64a74,control,,
AC-62d8a282-c75d-4456-87fe-b36eaff955b8,control,,"[""Kansas State University"",""Oregon State University"",""Florida International University"",""University of Alabama"",""University of Houston"",""University of New Mexico"",""University of Oklahoma"",""Drexel University"",""Oklahoma State University-Stillwater"",""University at Buffalo"",""Baylor University"",""Binghamton University"",""University of Alabama at Birmingham"",""Colorado School of Mines"",""New Jersey Institute of Technology"",""Texas Tech University"",""University of Cincinnati"",""University of New Hampshire"",""University of Texas at Dallas"",""Washington State University"",""University at Albany, SUNY"",""University of Arkansas"",""University of Maryland, Baltimore County"",""Utah State University"",""University of Central Florida"",""University of Hawaii at Manoa"",""University of Mississippi"",""University of Wisconsin-Milwaukee"",""University of Nevada, Reno"",""Georgia State University"",""Kent State University"",""Montana State University"",""University of Colorado Denver"",""University of Memphis"",""University of Montana"",""University of South Florida"",""Virginia Commonwealth University"",""West Virginia University"",""Ohio University"",""University of Louisville""]"
AC-e31bcaf8-efad-4a2d-a332-b7121297a89f,control,,"[""Purdue University"",""University of California, Santa Barbara"",""University of Notre Dame"",""University of Southern California"",""University of Virginia"",""Graduate Center, CUNY"",""University of Arizona"",""University of Illinois Chicago"",""University of Utah"",""Vanderbilt University"",""Washington University in St. Louis"",""Michigan State University"",""University of Colorado Boulder"",""Emory University"",""North Carolina State University"",""Northeastern University"",""Virginia Tech"",""Arizona State University"",""Boston University"",""Dartmouth College"",""University of Georgia"",""University of Iowa"",""University of Massachusetts Amherst"",""Brandeis University"",""University of Connecticut"",""University of Oregon"",""University of Pittsburgh"",""Boston College"",""Louisiana State University"",""Rensselaer Polytechnic Institute"",""Tufts University"",""University of California, Riverside"",""University of Kansas"",""University of Tennessee"",""Florida State University"",""Iowa State University"",""Syracuse University"",""Tulane University"",""University of California, Santa Cruz"",""University of Missouri""]"
AC-c5980cac-2cb0-41fb-a3c0-a78dd8860a7c,control,,"[""Johns Hopkins University"",""University of California, San Diego"",""University of Illinois Urbana-Champaign"",""University of Maryland, College Park"",""University of Minnesota"",""Ohio State University"",""Rutgers University-New Brunswick"",""University of Washington"",""Rice University"",""Stony Brook University"",""University of California, Davis"",""University of North Carolina at Chapel Hill"",""Indiana University Bloomington"",""Texas A&M University"",""University of California, Irvine"",""Pennsylvania State University"",""Purdue University"",""University of California, Santa Barbara"",""University of Notre Dame"",""University of Southern California"",""Graduate Center, CUNY"",""University of Arizona"",""University of Illinois Chicago"",""University of Utah"",""Vanderbilt University"",""Washington University in St. Louis"",""Michigan State University"",""University of Colorado Boulder"",""Emory University"",""North Carolina State University"",""Northeastern University"",""Virginia Tech"",""Arizona State University"",""Boston University"",""Dartmouth College"",""University of Florida"",""University of Georgia"",""University of Iowa"",""University of Massachusetts Amherst"",""Brandeis University""]"
AC-98c762da-9d5a-428c-82c8-04e888e32bc9,control,,
AC-98c762da-9d5a-428c-82c8-04e888e32bc9,control,,
AC-5cfaae34-1e2a-4634-a39e-8398bdc968bf,control,,"[""University of Michigan"",""University of Texas at Austin"",""Brown University"",""Cornell University"",""Duke University"",""Northwestern University"",""University of Pennsylvania"",""University of Wisconsin-Madison"",""Carnegie Mellon University"",""Georgia Institute of Technology"",""Georgetown University"",""Johns Hopkins University"",""University of California, San Diego"",""University of Illinois Urbana-Champaign"",""University of Maryland, College Park"",""University of Minnesota"",""Ohio State University"",""Rutgers University-New Brunswick"",""University of Washington"",""Rice University"",""University of California, Davis"",""University of North Carolina at Chapel Hill"",""Indiana University Bloomington"",""Texas A&M University"",""University of California, Irvine"",""Pennsylvania State University"",""Purdue University"",""University of California, Santa Barbara"",""University of Notre Dame"",""University of Southern California"",""University of Virginia"",""Graduate Center, CUNY"",""University of Arizona"",""University of Illinois Chicago"",""University of Utah"",""Vanderbilt University"",""Washington University in St. Louis"",""Michigan State University"",""University of Colorado Boulder"",""Emory University""]"
AC-5b6aa308-1c5e-4228-afc5-ebe7ad681f51,control,,"[""University of Notre Dame"",""University of Southern California"",""University of Virginia"",""Graduate Center, CUNY"",""University of Arizona"",""University of Illinois Chicago"",""University of Utah"",""Vanderbilt University"",""Washington University in St. Louis"",""Michigan State University"",""University of Colorado Boulder"",""Emory University"",""North Carolina State University"",""Northeastern University"",""Virginia Tech"",""Arizona State University"",""Boston University"",""Dartmouth College"",""University of Florida"",""University of Georgia"",""University of Massachusetts Amherst"",""Brandeis University"",""University of Connecticut"",""University of Oregon"",""University of Pittsburgh"",""Boston College"",""Louisiana State University"",""Rensselaer Polytechnic Institute"",""Tufts University"",""University of California, Riverside"",""University of Kansas"",""University of Tennessee"",""Florida State University"",""Iowa State University"",""Syracuse University"",""Tulane University"",""University of California, Santa Cruz"",""University of Missouri"",""University of Nebraska-Lincoln"",""Auburn University""]"
AC-c7e07a9a-ea9f-457b-8705-19d23c5d2090,control,,"[""Princeton University"",""Harvard University"",""Stanford University"",""University of California, Berkeley"",""University of Chicago"",""University of California, Los Angeles"",""California Institute of Technology"",""New York University"",""Yale University"",""Columbia University"",""University of Michigan"",""University of Texas at Austin"",""Brown University"",""Cornell University"",""Duke University"",""Northwestern University"",""University of Pennsylvania"",""University of Wisconsin-Madison"",""Carnegie Mellon University"",""Georgia Institute of Technology"",""Georgetown University"",""Johns Hopkins University"",""University of California, San Diego"",""University of Illinois Urbana-Champaign"",""University of Maryland, College Park"",""University of Minnesota"",""Ohio State University"",""Rutgers University-New Brunswick"",""University of Washington"",""Rice University"",""Stony Brook University"",""University of California, Davis"",""University of North Carolina at Chapel Hill"",""Indiana University Bloomington"",""Texas A&M University"",""University of California, Irvine"",""Pennsylvania State University"",""Purdue University"",""University of California, Santa Barbara"",""University of Notre Dame""]"
AC-fc085060-c686-4777-a292-9016de0898c6,control,,"[""University of Texas at Austin"",""Brown University"",""Cornell University"",""Duke University"",""Northwestern University"",""University of Pennsylvania"",""University of Wisconsin-Madison"",""Carnegie Mellon University"",""Georgia Institute of Technology"",""Georgetown University"",""Johns Hopkins University"",""University of California, San Diego"",""University of Illinois Urbana-Champaign"",""University of Maryland, College Park"",""University of Minnesota"",""Ohio State University"",""Rutgers University-New Brunswick"",""University of Washington"",""Rice University"",""Stony Brook University"",""University of North Carolina at Chapel Hill"",""Indiana University Bloomington"",""Texas A&M University"",""University of California, Irvine"",""Pennsylvania State University"",""Purdue University"",""University of California, Santa Barbara"",""University of Notre Dame"",""University of Southern California"",""University of Virginia"",""Graduate Center, CUNY"",""University of Arizona"",""University of Illinois Chicago"",""University of Utah"",""Vanderbilt University"",""Washington University in St. Louis"",""Michigan State University"",""University of Colorado Boulder"",""Emory University"",""North Carolina State University""]"
AC-43a0a0b3-8ff5-46f8-8fa7-cc6abf800c42,control,,"[""Temple University"",""University of Delaware"",""University of Kentucky"",""University of Rochester"",""Clemson University"",""Colorado State University"",""University of Miami"",""University of South Carolina"",""George Mason University"",""George Washington University"",""Kansas State University"",""Oregon State University"",""Florida International University"",""University of Alabama"",""University of Houston"",""University of New Mexico"",""University of Oklahoma"",""Drexel University"",""Oklahoma State University-Stillwater"",""University at Buffalo"",""Binghamton University"",""University of Alabama at Birmingham"",""Colorado School of Mines"",""New Jersey Institute of Technology"",""Texas Tech University"",""University of Cincinnati"",""University of New Hampshire"",""University of Texas at Dallas"",""Washington State University"",""Wayne State University"",""University at Albany, SUNY"",""University of Arkansas"",""University of Maryland, Baltimore County"",""Utah State University"",""University of Central Florida"",""University of Hawaii at Manoa"",""University of Mississippi"",""University of Wisconsin-Milwaukee"",""University of Nevada, Reno"",""Georgia State University""]"
AC-e222f4f7-8809-46ff-91b4-c00baec12f84,control,,"[""University of Florida"",""University of Georgia"",""University of Iowa"",""University of Massachusetts Amherst"",""Brandeis University"",""University of Connecticut"",""University of Oregon"",""University of Pittsburgh"",""Boston College"",""Louisiana State University"",""Rensselaer Polytechnic Institute"",""Tufts University"",""University of California, Riverside"",""University of Kansas"",""University of Tennessee"",""Florida State University"",""Iowa State University"",""Syracuse University"",""Tulane University"",""University of California, Santa Cruz"",""University of Nebraska-Lincoln"",""Auburn University"",""Case Western Reserve University"",""Temple University"",""University of Delaware"",""University of Kentucky"",""University of Rochester"",""Clemson University"",""Colorado State University"",""University of Miami"",""University of South Carolina"",""George Mason University"",""George Washington University"",""Kansas State University"",""Oregon State University"",""Florida International University"",""University of Alabama"",""University of Houston"",""University of New Mexico"",""University of Oklahoma""]"
AC-212a6b4b-dd3e-49f9-b1b4-024b2c782794,control,,"[""Princeton University"",""Harvard University"",""Stanford University"",""University of California, Berkeley"",""University of Chicago"",""University of California, Los Angeles"",""California Institute of Technology"",""New York University"",""Yale University"",""Columbia University"",""University of Michigan"",""University of Texas at Austin"",""Brown University"",""Cornell University"",""Duke University"",""Northwestern University"",""University of Pennsylvania"",""University of Wisconsin-Madison"",""Carnegie Mellon University"",""Georgia Institute of Technology"",""Georgetown University"",""Johns Hopkins University"",""University of California, San Diego"",""University of Illinois Urbana-Champaign"",""University of Maryland, College Park"",""University of Minnesota"",""Ohio State University"",""Rutgers University-New Brunswick"",""University of Washington"",""Rice University"",""Stony Brook University"",""University of California, Davis"",""University of North Carolina at Chapel Hill"",""Indiana University Bloomington"",""Texas A&M University"",""University of California, Irvine"",""Pennsylvania State University"",""Purdue University"",""University of California, Santa Barbara"",""University of Notre Dame""]"
AC-e33fbc60-feec-4b76-9f43-3d6999d52f3b,control,,
AC-2d315cd0-330c-4786-bd88-436cf0cf523b,control,,"[""Massachusetts Institute of Technology"",""Princeton University"",""Harvard University"",""Stanford University"",""University of California, Berkeley"",""University of Chicago"",""University of California, Los Angeles"",""California Institute of Technology"",""New York University"",""Yale University"",""Columbia University"",""University of Michigan"",""University of Texas at Austin"",""Brown University"",""Duke University"",""Northwestern University"",""University of Pennsylvania"",""University of Wisconsin-Madison"",""Carnegie Mellon University"",""Georgia Institute of Technology"",""Georgetown University"",""Johns Hopkins University"",""University of California, San Diego"",""University of Illinois Urbana-Champaign"",""University of Maryland, College Park"",""University of Minnesota"",""Ohio State University"",""Rutgers University-New Brunswick"",""University of Washington"",""Rice University"",""Stony Brook University"",""University of California, Davis"",""University of North Carolina at Chapel Hill"",""Indiana University Bloomington"",""Texas A&M University"",""University of California, Irvine"",""Pennsylvania State University"",""Purdue University"",""University of California, Santa Barbara"",""University of Notre Dame""]"
AC-b368be2f-e69a-4af1-839a-20018fae9958,control,,"[""Massachusetts Institute of Technology"",""Princeton University"",""Harvard University"",""Stanford University"",""University of California, Berkeley"",""University of Chicago"",""University of California, Los Angeles"",""California Institute of Technology"",""New York University"",""Yale University"",""Columbia University"",""University of Michigan"",""University of Texas at Austin"",""Brown University"",""Cornell University"",""Duke University"",""Northwestern University"",""University of Pennsylvania"",""Carnegie Mellon University"",""Georgia Institute of Technology"",""Georgetown University"",""Johns Hopkins University"",""University of California, San Diego"",""University of Illinois Urbana-Champaign"",""University of Maryland, College Park"",""University of Minnesota"",""Ohio State University"",""Rutgers University-New Brunswick"",""University of Washington"",""Rice University"",""Stony Brook University"",""University of California, Davis"",""University of North Carolina at Chapel Hill"",""Indiana University Bloomington"",""Texas A&M University"",""University of California, Irvine"",""Pennsylvania State University"",""Purdue University"",""University of California, Santa Barbara"",""University of Notre Dame""]"
AC-09e1bce4-c5d5-4548-aeb8-7c433da040a3,control,,
AC-517a3d8f-d34b-4b32-bffc-f194919aaed3,control,,"[""Case Western Reserve University"",""Temple University"",""University of Delaware"",""University of Kentucky"",""University of Rochester"",""Clemson University"",""Colorado State University"",""University of Miami"",""University of South Carolina"",""George Mason University"",""George Washington University"",""Kansas State University"",""Oregon State University"",""Florida International University"",""University of Alabama"",""University of Houston"",""University of New Mexico"",""University of Oklahoma"",""Drexel University"",""Oklahoma State University-Stillwater"",""Baylor University"",""Binghamton University"",""University of Alabama at Birmingham"",""Colorado School of Mines"",""New Jersey Institute of Technology"",""Texas Tech University"",""University of Cincinnati"",""University of New Hampshire"",""University of Texas at Dallas"",""Washington State University"",""Wayne State University"",""University at Albany, SUNY"",""University of Arkansas"",""University of Maryland, Baltimore County"",""Utah State University"",""University of Central Florida"",""University of Hawaii at Manoa"",""University of Mississippi"",""University of Wisconsin-Milwaukee"",""University of Nevada, Reno""]"
AC-ae74de6b-85a3-4c6d-ba02-784b5c5dde8b,control,,"[""University of Oklahoma"",""Drexel University"",""Oklahoma State University-Stillwater"",""University at Buffalo"",""Baylor University"",""Binghamton University"",""University of Alabama at Birmingham"",""Colorado School of Mines"",""New Jersey Institute of Technology"",""Texas Tech University"",""University of Cincinnati"",""University of New Hampshire"",""University of Texas at Dallas"",""Washington State University"",""Wayne State University"",""University at Albany, SUNY"",""University of Arkansas"",""University of Maryland, Baltimore County"",""Utah State University"",""University of Central Florida"",""University of Hawaii at Manoa"",""University of Mississippi"",""University of Wisconsin-Milwaukee"",""University of Nevada, Reno"",""Georgia State University"",""Kent State University"",""Montana State University"",""University of Colorado Denver"",""University of Memphis"",""University of Montana"",""University of South Florida"",""Virginia Commonwealth University"",""West Virginia University"",""Ohio University"",""University of Louisville"",""University of Maine"",""University of Nevada, Las Vegas"",""University of North Texas"",""University of Texas at Arlington"",""Mississippi State University"",""Old Dominion University"",""University of Denver"",""North Dakota State University"",""University of Louisiana at Lafayette"",""University of Texas at El Paso"",""University of Texas at San Antonio"",""University of Southern Mississippi""]"
AC-b368be2f-e69a-4af1-839a-20018fae9958,control,,"[""Massachusetts Institute of Technology"",""Princeton University"",""Harvard University"",""Stanford University"",""University of California, Berkeley"",""University of Chicago"",""University of California, Los Angeles"",""California Institute of Technology"",""New York University"",""Yale University"",""Columbia University"",""University of Michigan"",""University of Texas at Austin"",""Brown University"",""Cornell University"",""Duke University"",""Northwestern University"",""University of Pennsylvania"",""Carnegie Mellon University"",""Georgia Institute of Technology"",""Georgetown University"",""Johns Hopkins University"",""University of California, San Diego"",""University of Illinois Urbana-Champaign"",""University of Maryland, College Park"",""University of Minnesota"",""Ohio State University"",""Rutgers University-New Brunswick"",""University of Washington"",""Rice University"",""Stony Brook University"",""University of California, Davis"",""University of North Carolina at Chapel Hill"",""Indiana University Bloomington"",""Texas A&M University"",""University of California, Irvine"",""Pennsylvania State University"",""Purdue University"",""University of California, Santa Barbara"",""University of Notre Dame""]"
AC-f0beb17b-b61d-4dae-bc37-5389500d8aa5,control,,"[""Massachusetts Institute of Technology"",""Princeton University"",""Harvard University"",""Stanford University"",""University of California, Berkeley"",""University of Chicago"",""University of California, Los Angeles"",""California Institute of Technology"",""Yale University"",""Columbia University"",""University of Michigan"",""University of Texas at Austin"",""Brown University"",""Cornell University"",""Duke University"",""Northwestern University"",""University of Pennsylvania"",""University of Wisconsin-Madison"",""Carnegie Mellon University"",""Georgia Institute of Technology"",""Georgetown University"",""Johns Hopkins University"",""University of California, San Diego"",""University of Illinois Urbana-Champaign"",""University of Maryland, College Park"",""University of Minnesota"",""Ohio State University"",""Rutgers University-New Brunswick"",""University of Washington"",""Rice University"",""Stony Brook University"",""University of California, Davis"",""University of North Carolina at Chapel Hill"",""Indiana University Bloomington"",""Texas A&M University"",""University of California, Irvine"",""Pennsylvania State University"",""Purdue University"",""University of California, Santa Barbara"",""University of Notre Dame""]"
AC-44569de6-126d-4b57-97ec-0901bad87d18,control,,"[""University of Oregon"",""University of Pittsburgh"",""Boston College"",""Louisiana State University"",""Rensselaer Polytechnic Institute"",""Tufts University"",""University of California, Riverside"",""University of Kansas"",""University of Tennessee"",""Florida State University"",""Iowa State University"",""Syracuse University"",""Tulane University"",""University of California, Santa Cruz"",""University of Missouri"",""University of Nebraska-Lincoln"",""Auburn University"",""Case Western Reserve University"",""Temple University"",""University of Delaware"",""University of Rochester"",""Clemson University"",""Colorado State University"",""University of Miami"",""University of South Carolina"",""George Mason University"",""George Washington University"",""Kansas State University"",""Oregon State University"",""Florida International University"",""University of Alabama"",""University of Houston"",""University of New Mexico"",""University of Oklahoma"",""Drexel University"",""Oklahoma State University-Stillwater"",""University at Buffalo"",""Baylor University"",""Binghamton University"",""University of Alabama at Birmingham""]"
AC-2f7d65a1-c24f-44ae-9ff2-86ce3fae6149,control,,"[""Princeton University"",""Harvard University"",""Stanford University"",""University of California, Berkeley"",""University of Chicago"",""University of California, Los Angeles"",""California Institute of Technology"",""New York University"",""Yale University"",""Columbia University"",""University of Michigan"",""University of Texas at Austin"",""Brown University"",""Cornell University"",""Duke University"",""Northwestern University"",""University of Pennsylvania"",""University of Wisconsin-Madison"",""Carnegie Mellon University"",""Georgia Institute of Technology"",""Johns Hopkins University"",""University of California, San Diego"",""University of Illinois Urbana-Champaign"",""University of Maryland, College Park"",""University of Minnesota"",""Ohio State University"",""Rutgers University-New Brunswick"",""University of Washington"",""Rice University"",""Stony Brook University"",""University of California, Davis"",""University of North Carolina at Chapel Hill"",""Indiana University Bloomington"",""Texas A&M University"",""University of California, Irvine"",""Pennsylvania State University"",""Purdue University"",""University of California, Santa Barbara"",""University of Notre Dame"",""University of Southern California""]"
AC-8ec84f6f-29d7-4ef0-91d2-88fccf4758c0,control,,
AC-1f890434-a60f-4ff2-983f-603da2cdf41d,control,,"[""Texas A&M University"",""University of California, Irvine"",""Pennsylvania State University"",""Purdue University"",""University of California, Santa Barbara"",""University of Notre Dame"",""University of Southern California"",""University of Virginia"",""Graduate Center, CUNY"",""University of Arizona"",""University of Illinois Chicago"",""University of Utah"",""Vanderbilt University"",""Washington University in St. Louis"",""Michigan State University"",""University of Colorado Boulder"",""Emory University"",""North Carolina State University"",""Northeastern University"",""Virginia Tech"",""Boston University"",""Dartmouth College"",""University of Florida"",""University of Georgia"",""University of Iowa"",""University of Massachusetts Amherst"",""Brandeis University"",""University of Connecticut"",""University of Oregon"",""University of Pittsburgh"",""Boston College"",""Louisiana State University"",""Rensselaer Polytechnic Institute"",""Tufts University"",""University of California, Riverside"",""University of Kansas"",""University of Tennessee"",""Florida State University"",""Iowa State University"",""Syracuse University""]"
AC-99998304-f9ae-4ad6-a95b-fb3fce0ea2be,control,,"[""Massachusetts Institute of Technology"",""Princeton University"",""Harvard University"",""Stanford University"",""University of California, Berkeley"",""University of Chicago"",""University of California, Los Angeles"",""California Institute of Technology"",""New York University"",""Yale University"",""Columbia University"",""University of Michigan"",""University of Texas at Austin"",""Brown University"",""Duke University"",""Northwestern University"",""University of Pennsylvania"",""University of Wisconsin-Madison"",""Carnegie Mellon University"",""Georgia Institute of Technology"",""Georgetown University"",""Johns Hopkins University"",""University of California, San Diego"",""University of Illinois Urbana-Champaign"",""University of Maryland, College Park"",""University of Minnesota"",""Ohio State University"",""Rutgers University-New Brunswick"",""University of Washington"",""Rice University"",""Stony Brook University"",""University of California, Davis"",""University of North Carolina at Chapel Hill"",""Indiana University Bloomington"",""Texas A&M University"",""University of California, Irvine"",""Pennsylvania State University"",""Purdue University"",""University of California, Santa Barbara"",""University of Notre Dame""]"
AC-93eb9671-6536-4af0-890b-06329b6bb71b,control,,"[""University of Delaware"",""University of Kentucky"",""University of Rochester"",""Clemson University"",""Colorado State University"",""University of Miami"",""University of South Carolina"",""George Mason University"",""George Washington University"",""Kansas State University"",""Oregon State University"",""Florida International University"",""University of Alabama"",""University of Houston"",""University of New Mexico"",""University of Oklahoma"",""Drexel University"",""Oklahoma State University-Stillwater"",""University at Buffalo"",""Baylor University"",""University of Alabama at Birmingham"",""Colorado School of Mines"",""New Jersey Institute of Technology"",""Texas Tech University"",""University of Cincinnati"",""University of New Hampshire"",""University of Texas at Dallas"",""Washington State University"",""Wayne State University"",""University at Albany, SUNY"",""University of Arkansas"",""University of Maryland, Baltimore County"",""Utah State University"",""University of Central Florida"",""University of Hawaii at Manoa"",""University of Mississippi"",""University of Wisconsin-Milwaukee"",""University of Nevada, Reno"",""Georgia State University"",""Kent State University""]"
AC-1ca5adaa-7903-485f-81bc-1f9999bb5893,control,,
AC-c3de32c8-43ff-4e37-9954-65b4e5f55e9e,control,,"[""University of Chicago"",""University of California, Los Angeles"",""California Institute of Technology"",""New York University"",""Yale University"",""Columbia University"",""University of Michigan"",""University of Texas at Austin"",""Brown University"",""Cornell University"",""Duke University"",""Northwestern University"",""University of Pennsylvania"",""University of Wisconsin-Madison"",""Carnegie Mellon University"",""Georgia Institute of Technology"",""Georgetown University"",""Johns Hopkins University"",""University of California, San Diego"",""University of Illinois Urbana-Champaign"",""University of Minnesota"",""Ohio State University"",""Rutgers University-New Brunswick"",""University of Washington"",""Rice University"",""Stony Brook University"",""University of California, Davis"",""University of North Carolina at Chapel Hill"",""Indiana University Bloomington"",""Texas A&M University"",""University of California, Irvine"",""Pennsylvania State University"",""Purdue University"",""University of California, Santa Barbara"",""University of Notre Dame"",""University of Southern California"",""University of Virginia"",""Graduate Center, CUNY"",""University of Arizona"",""University of Illinois Chicago""]"
AC-d47cdaac-ce05-44aa-8cd0-99218fd680ca,control,,
AC-eae5b48f-7728-421e-8c6a-1cd62b142237,control,,"[""University of Texas at Austin"",""Brown University"",""Cornell University"",""Duke University"",""Northwestern University"",""University of Pennsylvania"",""University of Wisconsin-Madison"",""Carnegie Mellon University"",""Georgia Institute of Technology"",""Georgetown University"",""Johns Hopkins University"",""University of California, San Diego"",""University of Illinois Urbana-Champaign"",""University of Maryland, College Park"",""University of Minnesota"",""Ohio State University"",""Rutgers University-New Brunswick"",""University of Washington"",""Rice University"",""Stony Brook University"",""University of North Carolina at Chapel Hill"",""Indiana University Bloomington"",""Texas A&M University"",""University of California, Irvine"",""Pennsylvania State University"",""Purdue University"",""University of California, Santa Barbara"",""University of Notre Dame"",""University of Southern California"",""University of Virginia"",""Graduate Center, CUNY"",""University of Arizona"",""University of Illinois Chicago"",""University of Utah"",""Vanderbilt University"",""Washington University in St. Louis"",""Michigan State University"",""University of Colorado Boulder"",""Emory University"",""North Carolina State University""]"
AC-b428d293-079c-430e-a188-23693c4ee634,control,,"[""Carnegie Mellon University"",""Georgia Institute of Technology"",""Georgetown University"",""Johns Hopkins University"",""University of California, San Diego"",""University of Illinois Urbana-Champaign"",""University of Maryland, College Park"",""University of Minnesota"",""Ohio State University"",""Rutgers University-New Brunswick"",""University of Washington"",""Rice University"",""Stony Brook University"",""University of California, Davis"",""University of North Carolina at Chapel Hill"",""Indiana University Bloomington"",""Texas A&M University"",""University of California, Irvine"",""Pennsylvania State University"",""Purdue University"",""University of Notre Dame"",""University of Southern California"",""University of Virginia"",""Graduate Center, CUNY"",""University of Arizona"",""University of Illinois Chicago"",""University of Utah"",""Vanderbilt University"",""Washington University in St. Louis"",""Michigan State University"",""University of Colorado Boulder"",""Emory University"",""North Carolina State University"",""Northeastern University"",""Virginia Tech"",""Arizona State University"",""Boston University"",""Dartmouth College"",""University of Florida"",""University of Georgia""]"
AC-9604b7be-da71-48b0-97d7-d0974932397d,control,,
AC-15aa5919-ae4f-4e6d-80e5-4ad04ed29bfb,control,,"[""Princeton University"",""Harvard University"",""Stanford University"",""University of California, Berkeley"",""University of Chicago"",""University of California, Los Angeles"",""California Institute of Technology"",""New York University"",""Yale University"",""Columbia University"",""University of Michigan"",""University of Texas at Austin"",""Brown University"",""Cornell University"",""Duke University"",""Northwestern University"",""University of Pennsylvania"",""University of Wisconsin-Madison"",""Carnegie Mellon University"",""Georgia Institute of Technology"",""Georgetown University"",""Johns Hopkins University"",""University of California, San Diego"",""University of Illinois Urbana-Champaign"",""University of Maryland, College Park"",""University of Minnesota"",""Ohio State University"",""Rutgers University-New Brunswick"",""University of Washington"",""Rice University"",""Stony Brook University"",""University of California, Davis"",""University of North Carolina at Chapel Hill"",""Indiana University Bloomington"",""Texas A&M University"",""University of California, Irvine"",""Pennsylvania State University"",""Purdue University"",""University of California, Santa Barbara"",""University of Notre Dame""]"
AC-3ec4ac49-e260-492b-a798-38569f10b0e3,control,,"[""University of Kansas"",""University of Tennessee"",""Florida State University"",""Iowa State University"",""Syracuse University"",""Tulane University"",""University of California, Santa Cruz"",""University of Missouri"",""University of Nebraska-Lincoln"",""Auburn University"",""Case Western Reserve University"",""Temple University"",""University of Delaware"",""University of Kentucky"",""University of Rochester"",""Clemson University"",""Colorado State University"",""University of Miami"",""University of South Carolina"",""George Mason University"",""Kansas State University"",""Oregon State University"",""Florida International University"",""University of Alabama"",""University of Houston"",""University of New Mexico"",""University of Oklahoma"",""Drexel University"",""Oklahoma State University-Stillwater"",""University at Buffalo"",""Baylor University"",""Binghamton University"",""University of Alabama at Birmingham"",""Colorado School of Mines"",""New Jersey Institute of Technology"",""Texas Tech University"",""University of Cincinnati"",""University of New Hampshire"",""University of Texas at Dallas"",""Washington State University""]"
AC-7289a821-a64a-4b48-a305-c868d857ed8d,control,,"[""Massachusetts Institute of Technology"",""Princeton University"",""Harvard University"",""Stanford University"",""University of California, Berkeley"",""University of Chicago"",""University of California, Los Angeles"",""California Institute of Technology"",""New York University"",""Yale University"",""Columbia University"",""University of Michigan"",""University of Texas at Austin"",""Brown University"",""Duke University"",""Northwestern University"",""University of Pennsylvania"",""University of Wisconsin-Madison"",""Carnegie Mellon University"",""Georgia Institute of Technology"",""Georgetown University"",""Johns Hopkins University"",""University of California, San Diego"",""University of Illinois Urbana-Champaign"",""University of Maryland, College Park"",""University of Minnesota"",""Ohio State University"",""Rutgers University-New Brunswick"",""University of Washington"",""Rice University"",""Stony Brook University"",""University of California, Davis"",""University of North Carolina at Chapel Hill"",""Indiana University Bloomington"",""Texas A&M University"",""University of California, Irvine"",""Pennsylvania State University"",""Purdue University"",""University of California, Santa Barbara"",""University of Notre Dame""]"
AC-c277a3aa-cd23-4c45-8175-354b0ac75c39,control,,
AC-fa6a463f-39ce-4dac-a04a-c5c4c35ee9c1,control,,"[""Tufts University"",""University of California, Riverside"",""University of Kansas"",""University of Tennessee"",""Florida State University"",""Iowa State University"",""Syracuse University"",""Tulane University"",""University of California, Santa Cruz"",""University of Missouri"",""University of Nebraska-Lincoln"",""Auburn University"",""Case Western Reserve University"",""Temple University"",""University of Delaware"",""University of Kentucky"",""University of Rochester"",""Clemson University"",""Colorado State University"",""University of Miami"",""George Mason University"",""George Washington University"",""Kansas State University"",""Oregon State University"",""Florida International University"",""University of Alabama"",""University of Houston"",""University of New Mexico"",""University of Oklahoma"",""Drexel University"",""Oklahoma State University-Stillwater"",""University at Buffalo"",""Baylor University"",""Binghamton University"",""University of Alabama at Birmingham"",""Colorado School of Mines"",""New Jersey Institute of Technology"",""Texas Tech University"",""University of Cincinnati"",""University of New Hampshire""]"
AC-f0beb17b-b61d-4dae-bc37-5389500d8aa5,control,,
AC-422712d2-9fdb-4451-b0a8-f5fcba74eaa1,control,,"[""Massachusetts Institute of Technology"",""Princeton University"",""Harvard University"",""Stanford University"",""University of California, Berkeley"",""University of Chicago"",""University of California, Los Angeles"",""California Institute of Technology"",""New York University"",""Yale University"",""Columbia University"",""University of Michigan"",""University of Texas at Austin"",""Brown University"",""Duke University"",""Northwestern University"",""University of Pennsylvania"",""University of Wisconsin-Madison"",""Carnegie Mellon University"",""Georgia Institute of Technology"",""Georgetown University"",""Johns Hopkins University"",""University of California, San Diego"",""University of Illinois Urbana-Champaign"",""University of Maryland, College Park"",""University of Minnesota"",""Ohio State University"",""Rutgers University-New Brunswick"",""University of Washington"",""Rice University"",""Stony Brook University"",""University of California, Davis"",""University of North Carolina at Chapel Hill"",""Indiana University Bloomington"",""Texas A&M University"",""University of California, Irvine"",""Pennsylvania State University"",""Purdue University"",""University of California, Santa Barbara"",""University of Notre Dame""]"
AC-2c9fa22a-652e-47bf-9583-d1fe195c406d,control,,"[""University of Oregon"",""University of Pittsburgh"",""Boston College"",""Louisiana State University"",""Rensselaer Polytechnic Institute"",""Tufts University"",""University of California, Riverside"",""University of Kansas"",""University of Tennessee"",""Florida State University"",""Iowa State University"",""Syracuse University"",""Tulane University"",""University of California, Santa Cruz"",""University of Missouri"",""University of Nebraska-Lincoln"",""Auburn University"",""Case Western Reserve University"",""Temple University"",""University of Delaware"",""University of Rochester"",""Clemson University"",""Colorado State University"",""University of Miami"",""University of South Carolina"",""George Mason University"",""George Washington University"",""Kansas State University"",""Oregon State University"",""Florida International University"",""University of Alabama"",""University of Houston"",""University of New Mexico"",""University of Oklahoma"",""Drexel University"",""Oklahoma State University-Stillwater"",""University at Buffalo"",""Baylor University"",""Binghamton University"",""University of Alabama at Birmingham""]"
AC-2f7d65a1-c24f-44ae-9ff2-86ce3fae6149,control,,
MT-79e7f356-b0c2-4a8f-927f-d32477951fe7,treatment,"[""John Aaron Palmore JR"",""Ottman A. Tertuliano"",""Raissa M. Dsouza"",""Annie Abell"",""Brian Taylor"",""Kimberly Cook-Chennault"",""David L. Green"",""Pierre Yao"",""Mamadou Diagne"",""Karen E. Kasza"",""Mark Mbawright"",""Stephanie Lindsey"",""Darius Carter"",""Patricia Hidalgo-Gonzalez"",""Ralph C. Aldredge"",""Rodrigo Martinez-Duarte"",""Veronica Eliasson"",""Marilyn L. Minus"",""Oumar Barry"",""Marien Simeni"",""Kimani Toussaint"",""Sonia Martinez Diaz"",""Monica Martinez Wilhelmus"",""Pedro Peralta"",""Jorge Cortes"",""Gabriel Taubin"",""Ayokunle Olanrewaju"",""Enrique Martinez Saez"",""Edgar Bolivar-Nieto"",""Gracious Ngaile"",""Valeri Frumkin"",""Michael Frazier"",""Carlos Hidrovo"",""Juan Carlos Del Alamo"",""C. Fred Higgs III"",""Andrew Alleyne"",""Sarah A. Bentil"",""Carmen L. Gomes""]","[""University of Minnesota"",""University of Pennsylvania"",""Georgetown University"",""University of North Carolina at Chapel Hill"",""University of Wisconsin-Madison"",""Emory University"",""Virginia Tech"",""Harvard University"",""University of California, San Diego"",""Duke University"",""Ohio State University"",""Rice University"",""Columbia University"",""University of Colorado Boulder"",""University of Florida"",""University of Southern California"",""University of Washington"",""Brown University"",""Rensselaer Polytechnic Institute"",""Boston College"",""University of Notre Dame"",""Yale University"",""Arizona State University"",""University of California, Davis"",""University of California, Irvine"",""Iowa State University"",""North Carolina State University"",""Northeastern University"",""University of Virginia"",""Washington University in St. Louis"",""Case Western Reserve University"",""Michigan State University"",""Vanderbilt University"",""Boston University"",""Colorado School of Mines"",""Rutgers University-New Brunswick"",""Brandeis University"",""University of Delaware"",""Clemson University"",""Drexel University""]"
MT-004fadcd-d8cc-4e2e-b76e-b5f69ea5f8c3,treatment,,
MT-004fadcd-d8cc-4e2e-b76e-b5f69ea5f8c3,treatment,,
MT-8c1935d7-23ee-492d-89d8-405697a5ec8b,treatment,"[""Samuel Graham Jr."",""Monica Martinez Wilhelmus"",""Damena Agonafer"",""Ousmane Kodio"",""Oumar Barry"",""C. Fred Higgs III"",""Mark Mbawright"",""Ottman A. Tertuliano"",""Marien Simeni"",""Annie Abell"",""Jorge Cortes"",""Cecilia Huertas Cerdeira"",""John Aaron Palmore JR"",""David L. Green"",""Mamadou Diagne"",""Patricia Hidalgo-Gonzalez"",""Kimberly Cook-Chennault"",""Michael Frazier"",""Carmen L. Gomes"",""Sarah A. Bentil"",""Ayokunle Olanrewaju"",""Darius Carter"",""Pierre Yao"",""Sonia Martinez Diaz"",""Kimani Toussaint"",""Brian Taylor"",""Pedro Peralta"",""Karen E. Kasza"",""Gabriel Taubin"",""Ralph C. Aldredge"",""Veronica Eliasson"",""Edgar Bolivar-Nieto"",""Marilyn L. Minus"",""Valeri Frumkin"",""Stephanie Lindsey"",""Daniel Cortes"",""Juan Carlos Del Alamo"",""Raissa M. Dsouza"",""Andrew Alleyne"",""Carlos Hidrovo"",""Gracious Ngaile""]","[""Pennsylvania State University"",""University of Maryland, College Park"",""University of Minnesota"",""University of Pennsylvania"",""Georgetown University"",""University of North Carolina at Chapel Hill"",""University of Wisconsin-Madison"",""Emory University"",""Virginia Tech"",""Harvard University"",""University of California, San Diego"",""Duke University"",""Ohio State University"",""Rice University"",""Columbia University"",""University of Colorado Boulder"",""University of Florida"",""University of Southern California"",""University of Washington"",""Brown University"",""Boston College"",""University of California, Santa Barbara"",""University of Notre Dame"",""Yale University"",""Arizona State University"",""University of California, Davis"",""University of California, Irvine"",""Iowa State University"",""North Carolina State University"",""Northeastern University"",""University of Virginia"",""Washington University in St. Louis"",""Case Western Reserve University"",""Michigan State University"",""Vanderbilt University"",""Boston University"",""Colorado School of Mines"",""Rutgers University-New Brunswick"",""Brandeis University"",""University of Delaware""]"
MT-efbdb87c-f9e9-4c40-8629-d4f6e6a6d862,treatment,"[""Lorena A. Barba"",""Rodrigo Martinez-Duarte"",""Trevion Henderson"",""Ousmane Kodio"",""Edgar Bolivar-Nieto"",""Veronica Eliasson"",""Pierre Yao"",""Darius Carter"",""Ralph C. Aldredge"",""Juldeh Sesay"",""Brian Taylor"",""Nicholas R. Sandoval"",""Foluso Ladeinde"",""Valeri Frumkin"",""Gracious Ngaile"",""Enrique Martinez Saez"",""Marilyn L. Minus"",""David L. Green"",""Pedro Peralta"",""Kimberly Cook-Chennault"",""Sarah A. Bentil"",""Sylvanus Wosu"",""Carlos Hidrovo"",""Raissa M. Dsouza"",""Mark Mbawright"",""Carmen L. Gomes""]","[""University of California, Santa Barbara"",""University of Notre Dame"",""Yale University"",""Arizona State University"",""University of California, Davis"",""University of California, Irvine"",""Iowa State University"",""North Carolina State University"",""Northeastern University"",""University of Virginia"",""Washington University in St. Louis"",""Case Western Reserve University"",""Michigan State University"",""Vanderbilt University"",""Boston University"",""Colorado School of Mines"",""Rutgers University-New Brunswick"",""Brandeis University"",""University of Delaware"",""Clemson University"",""Tufts University"",""University at Buffalo"",""University of Arizona"",""University of Connecticut"",""University of Iowa"",""University of Pittsburgh"",""Auburn University"",""Indiana University Bloomington"",""Tulane University"",""Dartmouth College"",""George Washington University"",""Stony Brook University"",""University of Illinois Chicago"",""University of California, Santa Cruz"",""University of Massachusetts Amherst"",""University of Tennessee"",""Colorado State University"",""New York University"",""Oregon State University"",""University of Central Florida""]"
MT-54435102-6a5f-4eca-9e87-2aec52fa276a,treatment,"[""Sanchoy Das"",""Selvum Pillay"",""Nelson Akafuah"",""Adelia Aquino"",""Stephen Ekwaroosire"",""Johne Parker"",""Ope Owoyele"",""Brendy Rincon Troconis"",""Reginald E. Rogers JR"",""Paris Von Lockette"",""Krystel K. Castillo"",""Kwabena Narh"",""Christina H. Fuller"",""Theresa Oehmke"",""Mir Jalil Razavi"",""Felix Santiago-Collazo"",""Daniel J. Fonseca"",""Jessika Rojas"",""Uche Wejinya"",""Lucia Fernandez-Ballester"",""Gbemeho Agbaglah"",""Victor Maldonado""]","[""Oklahoma State University-Stillwater"",""University of Alabama"",""New Jersey Institute of Technology"",""University of Texas at Arlington"",""University of Alabama in Huntsville"",""University of Kentucky"",""University of Nebraska-Lincoln"",""University of Rochester"",""University of South Carolina"",""Binghamton University"",""Kansas State University"",""University at Albany, SUNY"",""Texas Tech University"",""University of Georgia"",""University of Kansas"",""University of Maryland, Baltimore County"",""University of Missouri"",""Virginia Commonwealth University"",""West Virginia University"",""Baylor University"",""Louisiana State University"",""Mississippi State University"",""University of Miami"",""University of New Mexico"",""University of Oklahoma"",""University of Wisconsin-Milwaukee"",""Graduate Center, CUNY"",""Temple University"",""University of Arkansas"",""University of Hawaii at Manoa"",""University of New Hampshire"",""University of South Florida"",""University of Texas at San Antonio"",""Utah State University"",""Wayne State University"",""Old Dominion University"",""Georgia State University"",""Kent State University"",""University of Alabama at Birmingham"",""University of Colorado Denver""]"
,treatment,"[""Ofodike Ezekoye"",""Mamadou Diagne"",""Kosa Goucher-Lambert"",""James Holly Jr."",""Cecilia Huertas Cerdeira"",""Annie Abell"",""Chinedum Okwudire"",""Oumar Barry"",""Rhima Coleman"",""Michael Frazier"",""Marien Simeni"",""Tequila A. L. Harris"",""Solomon Adera"",""Loza Tadesse"",""Monroe Kennedy III"",""Hector Gomez"",""C. Fred Higgs III"",""Juan Carlos Del Alamo"",""Patricia Hidalgo-Gonzalez"",""Marcial Gonzalez"",""Edgar Bolivar-Nieto"",""Guillermo Aguilar"",""John O. Dabiri"",""Samuel Graham Jr."",""Gabriel Taubin"",""David Kwabi"",""Michaelle Ntala Mayalu"",""Jerard Gordon"",""Frank L. Hammond III"",""Chandler Benjamin"",""Sonia Martinez Diaz"",""Karen E. Kasza"",""Andrew Alleyne"",""Jeremy Brown"",""Nakhiah Goulbourne"",""Michael Moreno"",""Ayokunle Olanrewaju"",""Noelia Grande Gutierrez"",""Ousmane Kodio"",""Sandra M. Troian"",""Daniel Cortes"",""Christine Allen-Blanchette"",""Stephanie Lindsey"",""Uduak Inyangudoh"",""John Aaron Palmore JR"",""Conrad Tucker"",""Kaushik Bhattacharya"",""Cara Nunez"",""Kimani Toussaint"",""Samuel Graham"",""Jose E. Andrade"",""Grace D. Oconnell"",""Baratunde A. Cola"",""Damena Agonafer"",""James Gibert"",""Monica Martinez Wilhelmus"",""Jorge Cortes"",""Monique Mcclain"",""Eduardo Barocio Vaca"",""Dion S. Antao"",""Jon Estrada"",""Aimy Wissa"",""Oluwaseyi Balogun""]","[""Massachusetts Institute of Technology"",""Stanford University"",""California Institute of Technology"",""University of California, Berkeley"",""Georgia Institute of Technology"",""University of Illinois Urbana-Champaign"",""University of Michigan"",""Purdue University"",""Cornell University"",""Princeton University"",""Carnegie Mellon University"",""University of Texas at Austin"",""Northwestern University"",""University of Chicago"",""Johns Hopkins University"",""Texas A&M University"",""University of California, Los Angeles"",""Pennsylvania State University"",""University of Maryland, College Park"",""University of Minnesota"",""Georgetown University"",""University of North Carolina at Chapel Hill"",""University of Wisconsin-Madison"",""Emory University"",""Virginia Tech"",""Harvard University"",""University of California, San Diego"",""Duke University"",""Ohio State University"",""Rice University"",""Columbia University"",""University of Colorado Boulder"",""University of Florida"",""University of Southern California"",""University of Washington"",""Brown University"",""Rensselaer Polytechnic Institute"",""Boston College"",""University of California, Santa Barbara"",""University of Notre Dame""]"
MT-8cec9f2a-9cfe-4216-8dd2-5f78f6a184e5,treatment,"[""Chandler Benjamin"",""Chinedum Okwudire"",""Patricia Hidalgo-Gonzalez"",""Eduardo Barocio Vaca"",""Daniel Cortes"",""James Gibert"",""Grace D. Oconnell"",""Jerard Gordon"",""C. Fred Higgs III"",""Ofodike Ezekoye"",""Oluwaseyi Balogun"",""Guillermo Aguilar"",""Ousmane Kodio"",""John Aaron Palmore JR"",""Sonia Martinez Diaz"",""Aimy Wissa"",""Uduak Inyangudoh"",""Samuel Graham"",""Michael Frazier"",""Cecilia Huertas Cerdeira"",""Nakhiah Goulbourne"",""Pedro Peralta"",""James Holly Jr."",""Ottman A. Tertuliano"",""Jon Estrada"",""Solomon Adera"",""Michael Moreno"",""Stephanie Lindsey"",""Baratunde A. Cola"",""Marien Simeni"",""Annie Abell"",""Ralph C. Aldredge"",""Raissa M. Dsouza"",""Ayokunle Olanrewaju"",""Cara Nunez"",""Edgar Bolivar-Nieto"",""David Kwabi"",""Oumar Barry"",""Juan Carlos Del Alamo"",""Jorge Cortes"",""Andrew Alleyne"",""Monica Martinez Wilhelmus"",""Karen E. Kasza"",""Noelia Grande Gutierrez"",""Frank L. Hammond III"",""Gabriel Taubin"",""Jeremy Brown"",""Conrad Tucker"",""Mamadou Diagne"",""Tequila A. L. Harris"",""Samuel Graham Jr."",""Monique Mcclain"",""Kimani Toussaint"",""Damena Agonafer"",""Dion S. Antao"",""Marcial Gonzalez"",""Kosa Goucher-Lambert"",""Rhima Coleman"",""Hector Gomez"",""Christine Allen-Blanchette""]","[""University of California, Berkeley"",""Georgia Institute of Technology"",""University of Illinois Urbana-Champaign"",""University of Michigan"",""Purdue University"",""Cornell University"",""Princeton University"",""Carnegie Mellon University"",""University of Texas at Austin"",""Northwestern University"",""University of Chicago"",""Johns Hopkins University"",""Texas A&M University"",""University of California, Los Angeles"",""Pennsylvania State University"",""University of Maryland, College Park"",""University of Minnesota"",""University of Pennsylvania"",""Georgetown University"",""University of North Carolina at Chapel Hill"",""Emory University"",""Virginia Tech"",""Harvard University"",""University of California, San Diego"",""Duke University"",""Ohio State University"",""Rice University"",""Columbia University"",""University of Colorado Boulder"",""University of Florida"",""University of Southern California"",""University of Washington"",""Brown University"",""Rensselaer Polytechnic Institute"",""Boston College"",""University of California, Santa Barbara"",""University of Notre Dame"",""Yale University"",""Arizona State University"",""University of California, Davis""]"
MT-6e182875-460f-45aa-9a1f-764a3b8c56ae,treatment,,
MT-44c43e24-a000-4edd-9c8d-1de9334deb04,treatment,"[""Ofodike Ezekoye"",""Mamadou Diagne"",""Kosa Goucher-Lambert"",""James Holly Jr."",""Cecilia Huertas Cerdeira"",""Annie Abell"",""Chinedum Okwudire"",""Oumar Barry"",""Rhima Coleman"",""Michael Frazier"",""Marien Simeni"",""Tequila A. L. Harris"",""Solomon Adera"",""Loza Tadesse"",""Monroe Kennedy III"",""Hector Gomez"",""C. Fred Higgs III"",""Juan Carlos Del Alamo"",""Patricia Hidalgo-Gonzalez"",""Marcial Gonzalez"",""Edgar Bolivar-Nieto"",""Guillermo Aguilar"",""John O. Dabiri"",""Samuel Graham Jr."",""Gabriel Taubin"",""David Kwabi"",""Michaelle Ntala Mayalu"",""Jerard Gordon"",""Frank L. Hammond III"",""Chandler Benjamin"",""Sonia Martinez Diaz"",""Karen E. Kasza"",""Andrew Alleyne"",""Jeremy Brown"",""Nakhiah Goulbourne"",""Michael Moreno"",""Ayokunle Olanrewaju"",""Noelia Grande Gutierrez"",""Ousmane Kodio"",""Sandra M. Troian"",""Daniel Cortes"",""Christine Allen-Blanchette"",""Stephanie Lindsey"",""Uduak Inyangudoh"",""John Aaron Palmore JR"",""Conrad Tucker"",""Kaushik Bhattacharya"",""Cara Nunez"",""Kimani Toussaint"",""Samuel Graham"",""Jose E. Andrade"",""Grace D. Oconnell"",""Baratunde A. Cola"",""Damena Agonafer"",""James Gibert"",""Monica Martinez Wilhelmus"",""Jorge Cortes"",""Monique Mcclain"",""Eduardo Barocio Vaca"",""Dion S. Antao"",""Jon Estrada"",""Aimy Wissa"",""Oluwaseyi Balogun""]","[""Massachusetts Institute of Technology"",""Stanford University"",""California Institute of Technology"",""University of California, Berkeley"",""Georgia Institute of Technology"",""University of Illinois Urbana-Champaign"",""University of Michigan"",""Purdue University"",""Cornell University"",""Princeton University"",""Carnegie Mellon University"",""University of Texas at Austin"",""Northwestern University"",""University of Chicago"",""Johns Hopkins University"",""Texas A&M University"",""University of California, Los Angeles"",""Pennsylvania State University"",""University of Maryland, College Park"",""University of Minnesota"",""Georgetown University"",""University of North Carolina at Chapel Hill"",""University of Wisconsin-Madison"",""Emory University"",""Virginia Tech"",""Harvard University"",""University of California, San Diego"",""Duke University"",""Ohio State University"",""Rice University"",""Columbia University"",""University of Colorado Boulder"",""University of Florida"",""University of Southern California"",""University of Washington"",""Brown University"",""Rensselaer Polytechnic Institute"",""Boston College"",""University of California, Santa Barbara"",""University of Notre Dame""]"
MT-cd799f78-593c-431a-9f8b-91eb32169fed,treatment,"[""Ope Owoyele"",""Carl Moore"",""Reginald E. Rogers JR"",""Anabel Renteria Marquez"",""Krystel K. Castillo"",""Juan Ordonez"",""Brendy Rincon Troconis"",""Peter Queseda"",""Alejandra G. Castellanos"",""Viola Acoff"",""Peter Kalu"",""Erick C. Jones"",""Okenwa Okoli"",""Norman D. H. Munroe"",""Uche Wejinya"",""Simone Peterson Hruda"",""Alexander J. Headley"",""Gbemeho Agbaglah"",""Darryl Dickerson"",""Gladius Lewis"",""Selvum Pillay"",""Jessika Rojas"",""Paris Von Lockette"",""Theresa Oehmke"",""Majura Selekwa"",""Roberta Amendola""]","[""University of Kansas"",""University of Maryland, Baltimore County"",""University of Missouri"",""Virginia Commonwealth University"",""West Virginia University"",""Baylor University"",""Florida State University"",""Louisiana State University"",""Mississippi State University"",""University of Miami"",""University of New Mexico"",""University of Oklahoma"",""University of Wisconsin-Milwaukee"",""Graduate Center, CUNY"",""Temple University"",""University of Arkansas"",""University of Hawaii at Manoa"",""University of New Hampshire"",""University of South Florida"",""University of Texas at San Antonio"",""Wayne State University"",""Old Dominion University"",""Georgia State University"",""Kent State University"",""University of Alabama at Birmingham"",""University of Colorado Denver"",""University of Denver"",""University of Louisville"",""University of Maine"",""University of Nevada, Reno"",""Florida International University"",""Montana State University"",""Ohio University"",""University of Texas at El Paso"",""University of Mississippi"",""University of Nevada, Las Vegas"",""University of North Texas"",""North Dakota State University"",""University of Memphis"",""University of Louisiana at Lafayette""]"
MT-c6db26d5-4a5a-4b05-98d5-8e7c6013174b,treatment,"[""Ope Owoyele"",""Carl Moore"",""Reginald E. Rogers JR"",""Anabel Renteria Marquez"",""Krystel K. Castillo"",""Juan Ordonez"",""Brendy Rincon Troconis"",""Peter Queseda"",""Alejandra G. Castellanos"",""Viola Acoff"",""Peter Kalu"",""Erick C. Jones"",""Okenwa Okoli"",""Norman D. H. Munroe"",""Uche Wejinya"",""Simone Peterson Hruda"",""Alexander J. Headley"",""Gbemeho Agbaglah"",""Darryl Dickerson"",""Gladius Lewis"",""Selvum Pillay"",""Jessika Rojas"",""Paris Von Lockette"",""Theresa Oehmke"",""Majura Selekwa"",""Roberta Amendola""]","[""University of Kansas"",""University of Maryland, Baltimore County"",""University of Missouri"",""Virginia Commonwealth University"",""West Virginia University"",""Baylor University"",""Florida State University"",""Louisiana State University"",""Mississippi State University"",""University of Miami"",""University of New Mexico"",""University of Oklahoma"",""University of Wisconsin-Milwaukee"",""Graduate Center, CUNY"",""Temple University"",""University of Arkansas"",""University of Hawaii at Manoa"",""University of New Hampshire"",""University of South Florida"",""University of Texas at San Antonio"",""Wayne State University"",""Old Dominion University"",""Georgia State University"",""Kent State University"",""University of Alabama at Birmingham"",""University of Colorado Denver"",""University of Denver"",""University of Louisville"",""University of Maine"",""University of Nevada, Reno"",""Florida International University"",""Montana State University"",""Ohio University"",""University of Texas at El Paso"",""University of Mississippi"",""University of Nevada, Las Vegas"",""University of North Texas"",""North Dakota State University"",""University of Memphis"",""University of Louisiana at Lafayette""]"
MT-c2ad0698-78f2-4621-b66b-ecd811028ae7,treatment,"[""Juan Ordonez"",""Ope Owoyele"",""Reginald E. Rogers JR"",""Theresa Oehmke"",""Carl Moore"",""Brendy Rincon Troconis"",""Uche Wejinya"",""Majura Selekwa"",""Viola Acoff"",""Peter Kalu"",""Erick C. Jones"",""Okenwa Okoli"",""Norman D. H. Munroe"",""Krystel K. Castillo"",""Simone Peterson Hruda"",""Alexander J. Headley"",""Anabel Renteria Marquez"",""Darryl Dickerson"",""Gladius Lewis"",""Selvum Pillay"",""Jessika Rojas"",""Peter Queseda"",""Alejandra G. Castellanos"",""Gbemeho Agbaglah"",""Roberta Amendola""]","[""University of Missouri"",""Virginia Commonwealth University"",""West Virginia University"",""Baylor University"",""Florida State University"",""Louisiana State University"",""Mississippi State University"",""University of Miami"",""University of New Mexico"",""University of Oklahoma"",""University of Wisconsin-Milwaukee"",""Graduate Center, CUNY"",""Temple University"",""University of Arkansas"",""University of Hawaii at Manoa"",""University of New Hampshire"",""University of South Florida"",""University of Texas at San Antonio"",""Utah State University"",""Wayne State University"",""Old Dominion University"",""Georgia State University"",""Kent State University"",""University of Alabama at Birmingham"",""University of Colorado Denver"",""University of Denver"",""University of Louisville"",""University of Maine"",""University of Nevada, Reno"",""Florida International University"",""Montana State University"",""Ohio University"",""University of Texas at El Paso"",""University of Mississippi"",""University of Nevada, Las Vegas"",""North Dakota State University"",""University of Memphis"",""University of Louisiana at Lafayette"",""University of Southern Mississippi"",""University of Montana""]"
MT-846fa755-001b-4b26-9ea4-fec61004b106,treatment,"[""Michaelle Ntala Mayalu"",""Chinedum Okwudire"",""Patricia Hidalgo-Gonzalez"",""Eduardo Barocio Vaca"",""Daniel Cortes"",""James Gibert"",""Guillermo Aguilar"",""Jerard Gordon"",""C. Fred Higgs III"",""Ofodike Ezekoye"",""Oluwaseyi Balogun"",""Chandler Benjamin"",""Ousmane Kodio"",""John Aaron Palmore JR"",""Sonia Martinez Diaz"",""Aimy Wissa"",""Uduak Inyangudoh"",""Tequila A. L. Harris"",""Michael Frazier"",""Cecilia Huertas Cerdeira"",""Nakhiah Goulbourne"",""Gabriel Taubin"",""James Holly Jr."",""Ottman A. Tertuliano"",""Jon Estrada"",""Solomon Adera"",""Dion S. Antao"",""Stephanie Lindsey"",""Frank L. Hammond III"",""Marien Simeni"",""Annie Abell"",""Kosa Goucher-Lambert"",""Grace D. Oconnell"",""Ayokunle Olanrewaju"",""Baratunde A. Cola"",""Edgar Bolivar-Nieto"",""David Kwabi"",""Oumar Barry"",""Juan Carlos Del Alamo"",""Jorge Cortes"",""Andrew Alleyne"",""Conrad Tucker"",""Cara Nunez"",""Karen E. Kasza"",""Samuel Graham"",""Kimani Toussaint"",""Loza Tadesse"",""Noelia Grande Gutierrez"",""Mamadou Diagne"",""Jeremy Brown"",""Samuel Graham Jr."",""Monique Mcclain"",""Monica Martinez Wilhelmus"",""Damena Agonafer"",""Monroe Kennedy III"",""Marcial Gonzalez"",""Michael Moreno"",""Rhima Coleman"",""Hector Gomez"",""Christine Allen-Blanchette""]","[""Massachusetts Institute of Technology"",""Stanford University"",""University of California, Berkeley"",""Georgia Institute of Technology"",""University of Illinois Urbana-Champaign"",""University of Michigan"",""Purdue University"",""Cornell University"",""Princeton University"",""Carnegie Mellon University"",""University of Texas at Austin"",""Northwestern University"",""University of Chicago"",""Johns Hopkins University"",""Texas A&M University"",""University of California, Los Angeles"",""Pennsylvania State University"",""University of Maryland, College Park"",""University of Minnesota"",""University of Pennsylvania"",""Georgetown University"",""University of North Carolina at Chapel Hill"",""University of Wisconsin-Madison"",""Emory University"",""Virginia Tech"",""Harvard University"",""University of California, San Diego"",""Duke University"",""Ohio State University"",""Rice University"",""Columbia University"",""University of Colorado Boulder"",""University of Florida"",""University of Southern California"",""University of Washington"",""Brown University"",""Rensselaer Polytechnic Institute"",""Boston College"",""University of California, Santa Barbara"",""University of Notre Dame""]"
MT-846fa755-001b-4b26-9ea4-fec61004b106,treatment,"[""Michaelle Ntala Mayalu"",""Chinedum Okwudire"",""Patricia Hidalgo-Gonzalez"",""Eduardo Barocio Vaca"",""Daniel Cortes"",""James Gibert"",""Guillermo Aguilar"",""Jerard Gordon"",""C. Fred Higgs III"",""Ofodike Ezekoye"",""Oluwaseyi Balogun"",""Chandler Benjamin"",""Ousmane Kodio"",""John Aaron Palmore JR"",""Sonia Martinez Diaz"",""Aimy Wissa"",""Uduak Inyangudoh"",""Tequila A. L. Harris"",""Michael Frazier"",""Cecilia Huertas Cerdeira"",""Nakhiah Goulbourne"",""Gabriel Taubin"",""James Holly Jr."",""Ottman A. Tertuliano"",""Jon Estrada"",""Solomon Adera"",""Dion S. Antao"",""Stephanie Lindsey"",""Frank L. Hammond III"",""Marien Simeni"",""Annie Abell"",""Kosa Goucher-Lambert"",""Grace D. Oconnell"",""Ayokunle Olanrewaju"",""Baratunde A. Cola"",""Edgar Bolivar-Nieto"",""David Kwabi"",""Oumar Barry"",""Juan Carlos Del Alamo"",""Jorge Cortes"",""Andrew Alleyne"",""Conrad Tucker"",""Cara Nunez"",""Karen E. Kasza"",""Samuel Graham"",""Kimani Toussaint"",""Loza Tadesse"",""Noelia Grande Gutierrez"",""Mamadou Diagne"",""Jeremy Brown"",""Samuel Graham Jr."",""Monique Mcclain"",""Monica Martinez Wilhelmus"",""Damena Agonafer"",""Monroe Kennedy III"",""Marcial Gonzalez"",""Michael Moreno"",""Rhima Coleman"",""Hector Gomez"",""Christine Allen-Blanchette""]","[""Massachusetts Institute of Technology"",""Stanford University"",""University of California, Berkeley"",""Georgia Institute of Technology"",""University of Illinois Urbana-Champaign"",""University of Michigan"",""Purdue University"",""Cornell University"",""Princeton University"",""Carnegie Mellon University"",""University of Texas at Austin"",""Northwestern University"",""University of Chicago"",""Johns Hopkins University"",""Texas A&M University"",""University of California, Los Angeles"",""Pennsylvania State University"",""University of Maryland, College Park"",""University of Minnesota"",""University of Pennsylvania"",""Georgetown University"",""University of North Carolina at Chapel Hill"",""University of Wisconsin-Madison"",""Emory University"",""Virginia Tech"",""Harvard University"",""University of California, San Diego"",""Duke University"",""Ohio State University"",""Rice University"",""Columbia University"",""University of Colorado Boulder"",""University of Florida"",""University of Southern California"",""University of Washington"",""Brown University"",""Rensselaer Polytechnic Institute"",""Boston College"",""University of California, Santa Barbara"",""University of Notre Dame""]"
MT-846fa755-001b-4b26-9ea4-fec61004b106,treatment,"[""Michaelle Ntala Mayalu"",""Chinedum Okwudire"",""Patricia Hidalgo-Gonzalez"",""Eduardo Barocio Vaca"",""Daniel Cortes"",""James Gibert"",""Guillermo Aguilar"",""Jerard Gordon"",""C. Fred Higgs III"",""Ofodike Ezekoye"",""Oluwaseyi Balogun"",""Chandler Benjamin"",""Ousmane Kodio"",""John Aaron Palmore JR"",""Sonia Martinez Diaz"",""Aimy Wissa"",""Uduak Inyangudoh"",""Tequila A. L. Harris"",""Michael Frazier"",""Cecilia Huertas Cerdeira"",""Nakhiah Goulbourne"",""Gabriel Taubin"",""James Holly Jr."",""Ottman A. Tertuliano"",""Jon Estrada"",""Solomon Adera"",""Dion S. Antao"",""Stephanie Lindsey"",""Frank L. Hammond III"",""Marien Simeni"",""Annie Abell"",""Kosa Goucher-Lambert"",""Grace D. Oconnell"",""Ayokunle Olanrewaju"",""Baratunde A. Cola"",""Edgar Bolivar-Nieto"",""David Kwabi"",""Oumar Barry"",""Juan Carlos Del Alamo"",""Jorge Cortes"",""Andrew Alleyne"",""Conrad Tucker"",""Cara Nunez"",""Karen E. Kasza"",""Samuel Graham"",""Kimani Toussaint"",""Loza Tadesse"",""Noelia Grande Gutierrez"",""Mamadou Diagne"",""Jeremy Brown"",""Samuel Graham Jr."",""Monique Mcclain"",""Monica Martinez Wilhelmus"",""Damena Agonafer"",""Monroe Kennedy III"",""Marcial Gonzalez"",""Michael Moreno"",""Rhima Coleman"",""Hector Gomez"",""Christine Allen-Blanchette""]","[""Massachusetts Institute of Technology"",""Stanford University"",""University of California, Berkeley"",""Georgia Institute of Technology"",""University of Illinois Urbana-Champaign"",""University of Michigan"",""Purdue University"",""Cornell University"",""Princeton University"",""Carnegie Mellon University"",""University of Texas at Austin"",""Northwestern University"",""University of Chicago"",""Johns Hopkins University"",""Texas A&M University"",""University of California, Los Angeles"",""Pennsylvania State University"",""University of Maryland, College Park"",""University of Minnesota"",""University of Pennsylvania"",""Georgetown University"",""University of North Carolina at Chapel Hill"",""University of Wisconsin-Madison"",""Emory University"",""Virginia Tech"",""Harvard University"",""University of California, San Diego"",""Duke University"",""Ohio State University"",""Rice University"",""Columbia University"",""University of Colorado Boulder"",""University of Florida"",""University of Southern California"",""University of Washington"",""Brown University"",""Rensselaer Polytechnic Institute"",""Boston College"",""University of California, Santa Barbara"",""University of Notre Dame""]"
MT-2039e013-3d01-410e-952a-00262d731e92,treatment,"[""Gbemeho Agbaglah"",""Juan Ordonez"",""Stephen Ekwaroosire"",""Reginald E. Rogers JR"",""Selvum Pillay"",""Christina H. Fuller"",""Ope Owoyele"",""Carl Moore"",""Brendy Rincon Troconis"",""Krystel K. Castillo"",""Viola Acoff"",""Peter Kalu"",""Darryl Dickerson"",""Paris Von Lockette"",""Erick C. Jones"",""Alejandra G. Castellanos"",""Simone Peterson Hruda"",""Felix Santiago-Collazo"",""Anabel Renteria Marquez"",""Norman D. H. Munroe"",""Peter Queseda"",""Victor Maldonado"",""Jessika Rojas"",""Uche Wejinya"",""Theresa Oehmke"",""Adelia Aquino"",""Roberta Amendola""]","[""Kansas State University"",""University at Albany, SUNY"",""Texas Tech University"",""University of Georgia"",""University of Kansas"",""University of Maryland, Baltimore County"",""University of Missouri"",""Virginia Commonwealth University"",""West Virginia University"",""Baylor University"",""Florida State University"",""Louisiana State University"",""Mississippi State University"",""University of Miami"",""University of New Mexico"",""University of Oklahoma"",""University of Wisconsin-Milwaukee"",""Graduate Center, CUNY"",""Temple University"",""University of Arkansas"",""University of New Hampshire"",""University of South Florida"",""University of Texas at San Antonio"",""Utah State University"",""Wayne State University"",""Old Dominion University"",""Georgia State University"",""Kent State University"",""University of Alabama at Birmingham"",""University of Colorado Denver"",""University of Denver"",""University of Louisville"",""University of Maine"",""University of Nevada, Reno"",""Florida International University"",""Montana State University"",""Ohio University"",""University of Texas at El Paso"",""University of Mississippi"",""University of Nevada, Las Vegas""]"
MT-d17caf34-dcd3-4556-863f-39b0c0f806d1,treatment,,
MC-be58c864-7309-4a1f-a5ea-918bcad3dcd1,control,,"[""University of California, Irvine"",""University of California, Santa Barbara"",""University of North Carolina at Chapel Hill"",""University of California, Davis"",""University of Minnesota"",""University of Virginia"",""Boston College"",""Virginia Tech"",""Pennsylvania State University"",""University of Colorado Boulder"",""Rutgers University-New Brunswick"",""University of Utah"",""Washington University in St. Louis"",""Arizona State University"",""Boston University"",""Stony Brook University"",""Texas A&M University"",""University of Florida"",""Dartmouth College"",""Indiana University Bloomington"",""University of California, Santa Cruz"",""University of Rochester"",""Vanderbilt University"",""Michigan State University"",""Tufts University"",""University of California, Riverside"",""University of Notre Dame"",""University of Pittsburgh"",""University at Buffalo"",""University of Arizona"",""University of Illinois Chicago"",""Emory University"",""George Mason University"",""Iowa State University"",""Rensselaer Polytechnic Institute"",""Tulane University"",""University of Oregon"",""University of Texas at Dallas"",""Georgetown University"",""George Washington University""]"
MC-35355992-affa-4bfb-b131-841e60804ee6,control,,"[""University of Colorado Boulder"",""Rutgers University-New Brunswick"",""University of Utah"",""Washington University in St. Louis"",""Arizona State University"",""Boston University"",""Stony Brook University"",""Texas A&M University"",""University of Florida"",""Dartmouth College"",""Indiana University Bloomington"",""North Carolina State University"",""University of California, Santa Cruz"",""University of Rochester"",""Vanderbilt University"",""Michigan State University"",""Tufts University"",""University of California, Riverside"",""University of Notre Dame"",""University of Pittsburgh"",""University of Arizona"",""University of Illinois Chicago"",""Emory University"",""George Mason University"",""Iowa State University"",""Rensselaer Polytechnic Institute"",""Tulane University"",""University of Oregon"",""University of Texas at Dallas"",""Georgetown University"",""George Washington University"",""Oregon State University"",""University of Central Florida"",""University of Delaware"",""Case Western Reserve University"",""Colorado School of Mines"",""Florida State University"",""Syracuse University"",""Baylor University"",""University of Connecticut""]"
MC-922d6d2f-dc78-4208-9afe-cc6a35ab37e3,control,,
MC-5e1b0a09-c14a-4f1c-a51e-7634c29f82b2,control,,"[""Drexel University"",""New Jersey Institute of Technology"",""University of Georgia"",""University of Nebraska-Lincoln"",""University of Tennessee"",""Washington State University"",""Binghamton University"",""Colorado State University"",""Temple University"",""University of Texas at Arlington"",""University of Alabama"",""University of Kansas"",""University of Kentucky"",""University of New Mexico"",""University of South Florida"",""Brandeis University"",""Florida International University"",""Georgia State University"",""Kansas State University"",""University of Cincinnati"",""University of Missouri"",""University of South Carolina"",""Wayne State University"",""Graduate Center, CUNY"",""Louisiana State University"",""University at Albany, SUNY"",""University of Hawaii at Manoa"",""University of New Hampshire"",""University of Oklahoma"",""University of Texas at San Antonio"",""Utah State University"",""Mississippi State University"",""Ohio University"",""University of Alabama at Birmingham"",""University of Arkansas"",""University of Louisville"",""University of Miami"",""University of Mississippi"",""University of North Texas"",""West Virginia University""]"
MC-0622bfb0-7696-450e-a6de-3668c87ef6c2,control,,"[""University of Pennsylvania"",""Duke University"",""University of Southern California"",""Yale University"",""Johns Hopkins University"",""University of Chicago"",""University of Massachusetts Amherst"",""Brown University"",""New York University"",""Northeastern University"",""Northwestern University"",""Ohio State University"",""Rice University"",""University of California, Irvine"",""University of California, Santa Barbara"",""University of North Carolina at Chapel Hill"",""University of California, Davis"",""University of Minnesota"",""University of Virginia"",""Boston College"",""Pennsylvania State University"",""University of Colorado Boulder"",""Rutgers University-New Brunswick"",""University of Utah"",""Washington University in St. Louis"",""Arizona State University"",""Boston University"",""Stony Brook University"",""Texas A&M University"",""University of Florida"",""Dartmouth College"",""Indiana University Bloomington"",""North Carolina State University"",""University of California, Santa Cruz"",""University of Rochester"",""Vanderbilt University"",""Michigan State University"",""Tufts University"",""University of California, Riverside"",""University of Notre Dame""]"
MC-7114e25b-99d6-4694-8893-4f1976924c9c,control,,
MC-b791e5fc-a7b8-4f26-826c-7ac5f3bc33ad,control,,"[""Johns Hopkins University"",""University of Chicago"",""University of Massachusetts Amherst"",""Brown University"",""New York University"",""Northeastern University"",""Northwestern University"",""Ohio State University"",""Rice University"",""University of California, Irvine"",""University of California, Santa Barbara"",""University of North Carolina at Chapel Hill"",""University of California, Davis"",""University of Minnesota"",""University of Virginia"",""Boston College"",""Virginia Tech"",""Pennsylvania State University"",""University of Colorado Boulder"",""Rutgers University-New Brunswick"",""Washington University in St. Louis"",""Arizona State University"",""Boston University"",""Stony Brook University"",""Texas A&M University"",""University of Florida"",""Dartmouth College"",""Indiana University Bloomington"",""North Carolina State University"",""University of California, Santa Cruz"",""University of Rochester"",""Vanderbilt University"",""Michigan State University"",""Tufts University"",""University of California, Riverside"",""University of Notre Dame"",""University of Pittsburgh"",""University at Buffalo"",""University of Arizona"",""University of Illinois Chicago""]"
MC-12ff2222-9b0a-4d5d-bae4-b555ea06dbee,control,,"[""Carnegie Mellon University"",""Massachusetts Institute of Technology"",""Stanford University"",""University of California, Berkeley"",""University of Illinois Urbana-Champaign"",""Cornell University"",""Georgia Institute of Technology"",""University of Texas at Austin"",""University of Washington"",""Princeton University"",""University of Michigan"",""Columbia University"",""California Institute of Technology"",""University of California, Los Angeles"",""University of California, San Diego"",""University of Wisconsin-Madison"",""Harvard University"",""University of Maryland, College Park"",""Purdue University"",""University of Pennsylvania"",""University of Southern California"",""Yale University"",""Johns Hopkins University"",""University of Chicago"",""University of Massachusetts Amherst"",""Brown University"",""New York University"",""Northeastern University"",""Northwestern University"",""Ohio State University"",""Rice University"",""University of California, Irvine"",""University of California, Santa Barbara"",""University of North Carolina at Chapel Hill"",""University of California, Davis"",""University of Minnesota"",""University of Virginia"",""Boston College"",""Virginia Tech"",""Pennsylvania State University""]"
MC-3d1b5cd1-197f-4fc5-a2f5-66e56ab35689,control,,
MC-b39abda1-3d3c-4bac-a3d9-9dca840a786d,control,,"[""Massachusetts Institute of Technology"",""Stanford University"",""University of California, Berkeley"",""University of Illinois Urbana-Champaign"",""Cornell University"",""Georgia Institute of Technology"",""University of Texas at Austin"",""University of Washington"",""Princeton University"",""University of Michigan"",""Columbia University"",""California Institute of Technology"",""University of California, Los Angeles"",""University of California, San Diego"",""University of Wisconsin-Madison"",""Harvard University"",""University of Maryland, College Park"",""Purdue University"",""University of Pennsylvania"",""Duke University"",""Yale University"",""Johns Hopkins University"",""University of Chicago"",""University of Massachusetts Amherst"",""Brown University"",""New York University"",""Northeastern University"",""Northwestern University"",""Ohio State University"",""Rice University"",""University of California, Irvine"",""University of California, Santa Barbara"",""University of North Carolina at Chapel Hill"",""University of California, Davis"",""University of Minnesota"",""University of Virginia"",""Boston College"",""Virginia Tech"",""Pennsylvania State University"",""University of Colorado Boulder""]"
MC-fbd922c0-1b07-4771-8bd7-47d9aaf94172,control,,"[""University of California, Berkeley"",""University of Illinois Urbana-Champaign"",""Cornell University"",""Georgia Institute of Technology"",""University of Texas at Austin"",""University of Washington"",""Princeton University"",""University of Michigan"",""Columbia University"",""California Institute of Technology"",""University of California, Los Angeles"",""University of California, San Diego"",""University of Wisconsin-Madison"",""Harvard University"",""University of Maryland, College Park"",""Purdue University"",""University of Pennsylvania"",""Duke University"",""University of Southern California"",""Yale University"",""University of Chicago"",""University of Massachusetts Amherst"",""Brown University"",""New York University"",""Northeastern University"",""Northwestern University"",""Ohio State University"",""Rice University"",""University of California, Irvine"",""University of California, Santa Barbara"",""University of North Carolina at Chapel Hill"",""University of California, Davis"",""University of Minnesota"",""University of Virginia"",""Boston College"",""Virginia Tech"",""Pennsylvania State University"",""University of Colorado Boulder"",""Rutgers University-New Brunswick"",""University of Utah""]"
MC-5e1b0a09-c14a-4f1c-a51e-7634c29f82b2,control,,
MC-2c761de7-07a1-4aed-850a-fc6e1e1d42ea,control,,"[""Carnegie Mellon University"",""Massachusetts Institute of Technology"",""Stanford University"",""University of California, Berkeley"",""University of Illinois Urbana-Champaign"",""Cornell University"",""Georgia Institute of Technology"",""University of Texas at Austin"",""University of Washington"",""Princeton University"",""University of Michigan"",""Columbia University"",""California Institute of Technology"",""University of California, Los Angeles"",""University of Wisconsin-Madison"",""Harvard University"",""University of Maryland, College Park"",""Purdue University"",""University of Pennsylvania"",""Duke University"",""University of Southern California"",""Yale University"",""Johns Hopkins University"",""University of Chicago"",""University of Massachusetts Amherst"",""Brown University"",""New York University"",""Northeastern University"",""Northwestern University"",""Ohio State University"",""Rice University"",""University of California, Irvine"",""University of California, Santa Barbara"",""University of North Carolina at Chapel Hill"",""University of California, Davis"",""University of Minnesota"",""University of Virginia"",""Boston College"",""Virginia Tech"",""Pennsylvania State University""]"
MC-2c761de7-07a1-4aed-850a-fc6e1e1d42ea,control,,"[""Carnegie Mellon University"",""Massachusetts Institute of Technology"",""Stanford University"",""University of California, Berkeley"",""University of Illinois Urbana-Champaign"",""Cornell University"",""Georgia Institute of Technology"",""University of Texas at Austin"",""University of Washington"",""Princeton University"",""University of Michigan"",""Columbia University"",""California Institute of Technology"",""University of California, Los Angeles"",""University of Wisconsin-Madison"",""Harvard University"",""University of Maryland, College Park"",""Purdue University"",""University of Pennsylvania"",""Duke University"",""University of Southern California"",""Yale University"",""Johns Hopkins University"",""University of Chicago"",""University of Massachusetts Amherst"",""Brown University"",""New York University"",""Northeastern University"",""Northwestern University"",""Ohio State University"",""Rice University"",""University of California, Irvine"",""University of California, Santa Barbara"",""University of North Carolina at Chapel Hill"",""University of California, Davis"",""University of Minnesota"",""University of Virginia"",""Boston College"",""Virginia Tech"",""Pennsylvania State University""]"
MC-2c761de7-07a1-4aed-850a-fc6e1e1d42ea,control,,
MC-2c761de7-07a1-4aed-850a-fc6e1e1d42ea,control,,
,treatment,"[""Francesca Serra"",""Danielle Speller"",""Carlos Silva"",""Melinda Soares-Furtado"",""John Joseph Carrasco"",""Charles Brown"",""Hernan Garcia"",""Akaa Daniel Ayangeakaa"",""Nadya Mason"",""Ismaila Dabo"",""Mayda Velasco"",""Rene Lopez"",""Indara Suarez"",""Isabel Garcia Garcia"",""Carlos Bustamante"",""Keith Baker"",""Julio Barreiro Guerrero"",""Carl Rodriguez"",""Maria Gonzalez-Garcia"",""Divine P. Kumah"",""Clifford Johnson"",""Joseph Berry"",""Carmen Carmona Benitez"",""Geraldine Cochran"",""Gustavo Joaquin Turiaci"",""Sylvester Gates"",""Eduardo Rozo"",""Juan Pedro Ochoa-Ricoux"",""Ibrahima Bah"",""Ronald Fernando Garcia Ruiz"",""Raul Briceno"",""Alvaro Chavarria"",""Nuris Figueroa Morales"",""Raquel Queiroz"",""Kerstin M. Perez"",""Ignacio Taboada"",""Stephon H. Alexander"",""Cora Dvorkin"",""Ana Asenjo Garcia"",""Jesus Perezrios"",""Carlos Arguelles-Delgado"",""Aomawa Shields"",""Enectali Figueroa-Feliciano"",""Fernando Brandao"",""Manuel Calderon De La Barca Sanchez"",""Rolando Valdes Aguilar"",""Anthony Pullen"",""Monika Schleier-Smith"",""Philip W. Phillips"",""Filomena Nunes"",""Pablo Jarillo-Herrero""]","[""Massachusetts Institute of Technology"",""Stanford University"",""California Institute of Technology"",""Harvard University"",""Princeton University"",""University of California, Berkeley"",""Cornell University"",""University of Chicago"",""Columbia University"",""University of California, Santa Barbara"",""University of Illinois Urbana-Champaign"",""Yale University"",""Johns Hopkins University"",""University of Michigan"",""University of Pennsylvania"",""University of Texas at Austin"",""University of Colorado Boulder"",""University of Maryland, College Park"",""University of Washington"",""Georgia Institute of Technology"",""Northwestern University"",""Pennsylvania State University"",""Rice University"",""Stony Brook University"",""University of California, San Diego"",""University of Wisconsin-Madison"",""Carnegie Mellon University"",""Duke University"",""New York University"",""Ohio State University"",""Rutgers University-New Brunswick"",""Brown University"",""University of North Carolina at Chapel Hill"",""Michigan State University"",""University of Arizona"",""University of California, Irvine"",""Boston University"",""Purdue University"",""University of California, Davis"",""University of Florida""]"
PT-8b34e4e1-c22d-4745-bfd5-fb1c39ad0519,treatment,,
PT-becb8a58-ccb2-4c74-9358-d6517b3219f2,treatment,"[""Paulo Araujo"",""Cecille Labuda"",""Mario Borunda"",""Nathaly Santiesteban"",""Raquel Castillo Fernandez"",""Salvador Barraza-Lopez"",""John Federici"",""Jacob Gayles"",""Richard Anantua"",""Trevor Tyson"",""Kelly Nash"",""Kerwin Crayton Foster"",""Elena Roxana Margine"",""Chanda Prescod-Weinstein"",""Arturo Ponce-Pedraza"",""Maria J. Rodriguez"",""Orlando Alvarez"",""Xochitl Lopez-Lozano"",""Massimillano Bonamente"",""Clayton E. Simien""]","[""University of Missouri"",""University of Texas at Arlington"",""George Mason University"",""George Washington University"",""Montana State University"",""Oklahoma State University-Stillwater"",""University of Alabama"",""University of Miami"",""University of New Hampshire"",""University of South Carolina"",""Georgia State University"",""New Jersey Institute of Technology"",""University of Alabama in Huntsville"",""University of Nevada, Las Vegas"",""Wayne State University"",""Binghamton University"",""Kent State University"",""Texas Tech University"",""University of Arkansas"",""University of Denver"",""University of South Florida"",""Mississippi State University"",""University at Albany, SUNY"",""University of Mississippi"",""University of Colorado Denver"",""Old Dominion University"",""University of Alabama at Birmingham"",""University of Louisville"",""University of Maine"",""University of Nevada, Reno"",""University of North Texas"",""Virginia Commonwealth University"",""Utah State University"",""Florida International University"",""University of Texas at San Antonio"",""University of Texas at El Paso"",""North Dakota State University"",""University of Louisiana at Lafayette"",""University of Southern Mississippi"",""University of Montana""]"
PT-f8582cc2-5985-499f-ba63-f3089fb321cb,treatment,"[""Richard Anantua"",""Nathaly Santiesteban"",""Mario Borunda"",""Paulo Araujo"",""Chanda Prescod-Weinstein"",""John Federici"",""Francisco Muller Sanchez"",""Raquel Castillo Fernandez"",""Jacob Gayles"",""Arturo Ponce-Pedraza"",""Trevor Tyson"",""Kelly Nash"",""Kerwin Crayton Foster"",""Elena Roxana Margine"",""Cecille Labuda"",""Salvador Barraza-Lopez"",""Maria J. Rodriguez"",""Orlando Alvarez"",""Xochitl Lopez-Lozano"",""Massimillano Bonamente"",""Clayton E. Simien""]","[""University of Cincinnati"",""University of Maryland, Baltimore County"",""University of Wisconsin-Milwaukee"",""West Virginia University"",""Auburn University"",""Oregon State University"",""University of Hawaii at Manoa"",""University of Missouri"",""University of Texas at Arlington"",""George Mason University"",""George Washington University"",""Montana State University"",""Oklahoma State University-Stillwater"",""University of Alabama"",""University of Miami"",""University of New Hampshire"",""University of South Carolina"",""Georgia State University"",""New Jersey Institute of Technology"",""University of Alabama in Huntsville"",""University of Nevada, Las Vegas"",""Binghamton University"",""Kent State University"",""Texas Tech University"",""University of Arkansas"",""University of Denver"",""University of South Florida"",""Mississippi State University"",""University at Albany, SUNY"",""University of Mississippi"",""University of Colorado Denver"",""Old Dominion University"",""University of Alabama at Birmingham"",""University of Louisville"",""University of Maine"",""University of Nevada, Reno"",""University of Memphis"",""University of North Texas"",""Virginia Commonwealth University"",""Utah State University"",""Florida International University"",""University of Texas at San Antonio""]"
PT-c1a1a0b5-cfd0-4578-a2c2-bbaf6a1b7fb9,treatment,"[""Sharonda Leblanc"",""Cristina Mantilla-Suarez"",""Luiz Santos"",""Geraldine Cochran"",""Rene Lopez"",""Juan Pedro Ochoa-Ricoux"",""Kelle L. Cruz"",""Filomena Nunes"",""Aran Garcia-Bellido"",""Rolando Valdes Aguilar"",""Eduardo Rozo"",""Aomawa Shields"",""Justin F. Vazquez-Poritz"",""Rafael Fernandes"",""Miguel Fiolhais"",""Trevor Rhone"",""Mauricio Santillana"",""James Daniel Whitfield"",""Eugene Mananga"",""Indara Suarez"",""Manuel Calderon De La Barca Sanchez"",""Carl Rodriguez"",""Alberto De La Torre"",""Jillian M. Bellovary"",""Denis R. Candido"",""Akaa Daniel Ayangeakaa"",""Stephon H. Alexander"",""Moussa Ngom"",""Anthony Pullen"",""Raquel Ribeiro"",""Johan Bonilla Castro"",""Miguel Arratia"",""Jorge V. Jose"",""Sophia N. Suarez""]","[""New York University"",""Ohio State University"",""Rutgers University-New Brunswick"",""Brown University"",""University of North Carolina at Chapel Hill"",""Michigan State University"",""University of Arizona"",""University of California, Irvine"",""Boston University"",""Purdue University"",""University of California, Davis"",""University of Florida"",""University of Minnesota"",""University of Pittsburgh"",""University of Virginia"",""Vanderbilt University"",""Washington University in St. Louis"",""Texas A&M University"",""University of California, Santa Cruz"",""University of Notre Dame"",""Florida State University"",""Indiana University Bloomington"",""University of Rochester"",""Virginia Tech"",""Case Western Reserve University"",""Graduate Center, CUNY"",""Dartmouth College"",""Emory University"",""Iowa State University"",""Northeastern University"",""Rensselaer Polytechnic Institute"",""Syracuse University"",""University of California, Riverside"",""University of Massachusetts Amherst"",""University of Southern California"",""University of Tennessee"",""Brandeis University"",""Clemson University"",""North Carolina State University"",""University of Iowa""]"
PT-74eb0871-90fd-4424-b812-7b6d77ce9ffd,treatment,,
PT-4e2e32c3-cf7c-42fd-9c1b-085dedaae59d,treatment,"[""Keith Baker"",""Aomawa Shields"",""Rafael Fernandes"",""Nadya Mason"",""Stephon H. Alexander"",""Antia Sanchez Botana"",""Isabel Garcia Garcia"",""Charles Brown"",""Ismaila Dabo"",""Carmen Carmona Benitez"",""Manuel Calderon De La Barca Sanchez"",""Juan Pedro Ochoa-Ricoux"",""Jesus Perezrios"",""Nuris Figueroa Morales"",""Melinda Soares-Furtado"",""Rolando Valdes Aguilar"",""Gustavo Joaquin Turiaci"",""Rene Lopez"",""Julio Barreiro Guerrero"",""Danielle Speller"",""Cristina Mantilla-Suarez"",""Francesca Serra"",""Ibrahima Bah"",""Sylvester Gates"",""Enectali Figueroa-Feliciano"",""Philip W. Phillips"",""Indara Suarez"",""Ricardo Alarcon"",""Divine P. Kumah"",""Carl Rodriguez"",""Carlos Silva"",""Jose Menendez"",""Eduardo Rozo"",""Ignacio Taboada"",""Joseph Berry"",""Alvaro Chavarria"",""Fernando Ponce"",""Clifford Johnson"",""Geraldine Cochran"",""Mayda Velasco"",""Maria Gonzalez-Garcia"",""Akaa Daniel Ayangeakaa"",""John Joseph Carrasco"",""Filomena Nunes""]","[""University of California, Santa Barbara"",""University of Illinois Urbana-Champaign"",""Yale University"",""Johns Hopkins University"",""University of Michigan"",""University of Pennsylvania"",""University of Texas at Austin"",""University of California, Los Angeles"",""University of Colorado Boulder"",""University of Maryland, College Park"",""University of Washington"",""Georgia Institute of Technology"",""Northwestern University"",""Pennsylvania State University"",""Rice University"",""Stony Brook University"",""University of California, San Diego"",""University of Wisconsin-Madison"",""Carnegie Mellon University"",""Duke University"",""Ohio State University"",""Rutgers University-New Brunswick"",""Brown University"",""University of North Carolina at Chapel Hill"",""Michigan State University"",""University of Arizona"",""University of California, Irvine"",""Boston University"",""Purdue University"",""University of California, Davis"",""University of Florida"",""University of Minnesota"",""University of Pittsburgh"",""University of Virginia"",""Vanderbilt University"",""Washington University in St. Louis"",""Texas A&M University"",""University of California, Santa Cruz"",""University of Notre Dame"",""Arizona State University""]"
PT-3bd85d4d-a9ba-4a24-9680-d24fb7fb580b,treatment,"[""Alvaro Chavarria"",""Filomena Nunes"",""Divine P. Kumah"",""Nadya Mason"",""Joseph Berry"",""Aomawa Shields"",""Indara Suarez"",""Isabel Garcia Garcia"",""Francesca Serra"",""Eduardo Rozo"",""Enectali Figueroa-Feliciano"",""Manuel Calderon De La Barca Sanchez"",""Juan Pedro Ochoa-Ricoux"",""Ismaila Dabo"",""Nuris Figueroa Morales"",""Rafael Fernandes"",""Geraldine Cochran"",""Gustavo Joaquin Turiaci"",""Rene Lopez"",""Julio Barreiro Guerrero"",""Sylvester Gates"",""Melinda Soares-Furtado"",""Ibrahima Bah"",""Charles Brown"",""Hernan Garcia"",""Keith Baker"",""Philip W. Phillips"",""Raquel Queiroz"",""Kerstin M. Perez"",""Ignacio Taboada"",""Carl Rodriguez"",""Danielle Speller"",""Ana Asenjo Garcia"",""Carlos Bustamante"",""Carlos Silva"",""Cristina Mantilla-Suarez"",""Rolando Valdes Aguilar"",""Stephon H. Alexander"",""Clifford Johnson"",""Carmen Carmona Benitez"",""Mayda Velasco"",""Raul Briceno"",""Akaa Daniel Ayangeakaa"",""John Joseph Carrasco"",""Anthony Pullen""]","[""Princeton University"",""University of California, Berkeley"",""Cornell University"",""University of Chicago"",""Columbia University"",""University of California, Santa Barbara"",""University of Illinois Urbana-Champaign"",""Yale University"",""Johns Hopkins University"",""University of Michigan"",""University of Pennsylvania"",""University of Texas at Austin"",""University of California, Los Angeles"",""University of Colorado Boulder"",""University of Maryland, College Park"",""University of Washington"",""Georgia Institute of Technology"",""Northwestern University"",""Pennsylvania State University"",""Rice University"",""University of California, San Diego"",""University of Wisconsin-Madison"",""Carnegie Mellon University"",""Duke University"",""New York University"",""Ohio State University"",""Rutgers University-New Brunswick"",""Brown University"",""University of North Carolina at Chapel Hill"",""Michigan State University"",""University of Arizona"",""University of California, Irvine"",""Boston University"",""Purdue University"",""University of California, Davis"",""University of Florida"",""University of Minnesota"",""University of Pittsburgh"",""University of Virginia"",""Vanderbilt University""]"
PT-a88e5b7f-90ec-4246-9b04-ae576163232d,treatment,"[""Sylvester Gates"",""Indara Suarez"",""Nuris Figueroa Morales"",""Julio Barreiro Guerrero"",""Melinda Soares-Furtado"",""Rolando Valdes Aguilar"",""Danielle Speller"",""Aran Garcia-Bellido"",""Rene Lopez"",""John Joseph Carrasco"",""Juan Pedro Ochoa-Ricoux"",""Rafael Fernandes"",""Alvaro Chavarria"",""Cristina Mantilla-Suarez"",""Jesus Perezrios"",""Eduardo Rozo"",""Geraldine Cochran"",""Maria Gonzalez-Garcia"",""Jorge V. Jose"",""Francesca Serra"",""Gustavo Joaquin Turiaci"",""Filomena Nunes"",""Joseph Berry"",""Manuel Calderon De La Barca Sanchez"",""Ricardo Alarcon"",""Divine P. Kumah"",""Antia Sanchez Botana"",""Carlos Silva"",""Jose Menendez"",""Ismaila Dabo"",""Ignacio Taboada"",""Carl Rodriguez"",""Enectali Figueroa-Feliciano"",""Fernando Ponce"",""Aomawa Shields"",""Mayda Velasco"",""Isabel Garcia Garcia"",""Carmen Carmona Benitez"",""Akaa Daniel Ayangeakaa"",""Anthony Pullen"",""Ibrahima Bah""]","[""Johns Hopkins University"",""University of Michigan"",""University of Pennsylvania"",""University of Texas at Austin"",""University of California, Los Angeles"",""University of Colorado Boulder"",""University of Maryland, College Park"",""University of Washington"",""Georgia Institute of Technology"",""Northwestern University"",""Pennsylvania State University"",""Rice University"",""Stony Brook University"",""University of California, San Diego"",""University of Wisconsin-Madison"",""Carnegie Mellon University"",""Duke University"",""New York University"",""Ohio State University"",""Rutgers University-New Brunswick"",""University of North Carolina at Chapel Hill"",""Michigan State University"",""University of Arizona"",""University of California, Irvine"",""Boston University"",""Purdue University"",""University of California, Davis"",""University of Florida"",""University of Minnesota"",""University of Pittsburgh"",""University of Virginia"",""Vanderbilt University"",""Washington University in St. Louis"",""Texas A&M University"",""University of California, Santa Cruz"",""University of Notre Dame"",""Arizona State University"",""Florida State University"",""Indiana University Bloomington"",""University of Rochester""]"
PT-07933e1f-3f1c-48eb-9498-5f233ad30c24,treatment,"[""Sharonda Leblanc"",""Lea Ferreira Dos Santos"",""Gabriela Gonzalez"",""Mark Akubo"",""Donna Stokes"",""Herbert Fotso"",""Paola Barbara"",""Byron Freelon"",""Victor M. Acosta"",""Rhonda Dzakpasu"",""Francisco Elohim Becerra Chavez"",""G. Andres Cisneros"",""Emanuela Del Gado"",""Adebanjo Oriade"",""Marcel Ngoko Djiokap"",""Raquel Castillo Fernandez"",""Miguel Arratia"",""Denis R. Candido"",""Mario Borunda"",""Sergio E. Ulloa""]","[""University of California, Riverside"",""University of Massachusetts Amherst"",""University of Southern California"",""University of Tennessee"",""Brandeis University"",""Clemson University"",""North Carolina State University"",""University of Iowa"",""University of Oregon"",""University of Utah"",""Boston College"",""Louisiana State University"",""University of Delaware"",""University of Illinois Chicago"",""University of New Mexico"",""Colorado School of Mines"",""Colorado State University"",""Georgetown University"",""Tufts University"",""University of Connecticut"",""University of Kansas"",""University of Nebraska-Lincoln"",""University of Oklahoma"",""Washington State University"",""University at Buffalo"",""University of Georgia"",""University of Houston"",""University of Kentucky"",""University of Texas at Dallas"",""Baylor University"",""Drexel University"",""Ohio University"",""Temple University"",""Tulane University"",""University of Central Florida"",""University of Cincinnati"",""University of Maryland, Baltimore County"",""University of Wisconsin-Milwaukee"",""West Virginia University"",""Auburn University"",""Oregon State University"",""University of Hawaii at Manoa"",""University of Missouri"",""University of Texas at Arlington"",""George Mason University"",""George Washington University"",""Montana State University"",""Oklahoma State University-Stillwater""]"
PT-1ddd9418-ffc3-409c-9f03-9833d6e9de68,treatment,"[""Aomawa Shields"",""Cora Dvorkin"",""Philip W. Phillips"",""Gustavo Joaquin Turiaci"",""Carlos Bustamante"",""Isabel Garcia Garcia"",""Danielle Speller"",""Nuris Figueroa Morales"",""Geraldine Cochran"",""Enectali Figueroa-Feliciano"",""Indara Suarez"",""Akaa Daniel Ayangeakaa"",""Melinda Soares-Furtado"",""Eduardo Rozo"",""Divine P. Kumah"",""Raul Briceno"",""Joseph Berry"",""Carmen Carmona Benitez"",""Juan Pedro Ochoa-Ricoux"",""Julio Barreiro Guerrero"",""Rolando Valdes Aguilar"",""Rene Lopez"",""John Joseph Carrasco"",""Raquel Queiroz"",""Jesus Perezrios"",""Alvaro Chavarria"",""Francesca Serra"",""Pablo Jarillo-Herrero"",""Maria Gonzalez-Garcia"",""Carl Rodriguez"",""Sylvester Gates"",""Kerstin M. Perez"",""Clifford Johnson"",""Ignacio Taboada"",""Stephon H. Alexander"",""Carlos Arguelles-Delgado"",""Ana Asenjo Garcia"",""Monika Schleier-Smith"",""Carlos Silva"",""Manuel Calderon De La Barca Sanchez"",""Anthony Pullen"",""Fernando Brandao"",""Hernan Garcia"",""Mayda Velasco"",""Filomena Nunes"",""Ismaila Dabo"",""Nadya Mason"",""Ronald Fernando Garcia Ruiz"",""Ibrahima Bah""]","[""Massachusetts Institute of Technology"",""Stanford University"",""California Institute of Technology"",""Harvard University"",""Princeton University"",""University of California, Berkeley"",""Cornell University"",""University of Chicago"",""Columbia University"",""University of California, Santa Barbara"",""University of Illinois Urbana-Champaign"",""Johns Hopkins University"",""University of Michigan"",""University of Pennsylvania"",""University of Texas at Austin"",""University of California, Los Angeles"",""University of Colorado Boulder"",""University of Maryland, College Park"",""University of Washington"",""Georgia Institute of Technology"",""Northwestern University"",""Pennsylvania State University"",""Rice University"",""Stony Brook University"",""University of California, San Diego"",""University of Wisconsin-Madison"",""Carnegie Mellon University"",""Duke University"",""New York University"",""Ohio State University"",""Rutgers University-New Brunswick"",""Brown University"",""University of North Carolina at Chapel Hill"",""Michigan State University"",""University of Arizona"",""University of California, Irvine"",""Boston University"",""Purdue University"",""University of California, Davis"",""University of Florida""]"
PT-313e9013-8ce0-4143-a616-bfa8369bbab4,treatment,,
PT-4e9935a7-152a-45f8-8016-05814b288186,treatment,"[""Sharonda Leblanc"",""Cristina Mantilla-Suarez"",""Luiz Santos"",""Geraldine Cochran"",""Rene Lopez"",""Juan Pedro Ochoa-Ricoux"",""Kelle L. Cruz"",""Filomena Nunes"",""Aran Garcia-Bellido"",""Rolando Valdes Aguilar"",""Eduardo Rozo"",""Aomawa Shields"",""Justin F. Vazquez-Poritz"",""Rafael Fernandes"",""Miguel Fiolhais"",""Trevor Rhone"",""Mauricio Santillana"",""James Daniel Whitfield"",""Eugene Mananga"",""Indara Suarez"",""Manuel Calderon De La Barca Sanchez"",""Carl Rodriguez"",""Alberto De La Torre"",""Jillian M. Bellovary"",""Denis R. Candido"",""Akaa Daniel Ayangeakaa"",""Stephon H. Alexander"",""Moussa Ngom"",""Anthony Pullen"",""Raquel Ribeiro"",""Johan Bonilla Castro"",""Miguel Arratia"",""Jorge V. Jose"",""Sophia N. Suarez""]","[""New York University"",""Ohio State University"",""Rutgers University-New Brunswick"",""Brown University"",""University of North Carolina at Chapel Hill"",""Michigan State University"",""University of Arizona"",""University of California, Irvine"",""Boston University"",""Purdue University"",""University of California, Davis"",""University of Florida"",""University of Minnesota"",""University of Pittsburgh"",""University of Virginia"",""Vanderbilt University"",""Washington University in St. Louis"",""Texas A&M University"",""University of California, Santa Cruz"",""University of Notre Dame"",""Florida State University"",""Indiana University Bloomington"",""University of Rochester"",""Virginia Tech"",""Case Western Reserve University"",""Graduate Center, CUNY"",""Dartmouth College"",""Emory University"",""Iowa State University"",""Northeastern University"",""Rensselaer Polytechnic Institute"",""Syracuse University"",""University of California, Riverside"",""University of Massachusetts Amherst"",""University of Southern California"",""University of Tennessee"",""Brandeis University"",""Clemson University"",""North Carolina State University"",""University of Iowa""]"
PT-1eb332ad-0dc6-412f-9692-47e747eccc47,treatment,"[""Eduardo Rozo"",""Julio Barreiro Guerrero"",""Isabel Garcia Garcia"",""Ibrahima Bah"",""Manuel Calderon De La Barca Sanchez"",""Anthony Pullen"",""Joseph Berry"",""Ismaila Dabo"",""Akaa Daniel Ayangeakaa"",""Indara Suarez"",""Carl Rodriguez"",""Alvaro Chavarria"",""Carlos Bustamante"",""Carlos Arguelles-Delgado"",""Hernan Garcia"",""Nadya Mason"",""Monika Schleier-Smith"",""Clifford Johnson"",""Philip W. Phillips"",""Carmen Carmona Benitez"",""Gustavo Joaquin Turiaci"",""Rolando Valdes Aguilar"",""Carlos Silva"",""Pablo Jarillo-Herrero"",""Melinda Soares-Furtado"",""Ronald Fernando Garcia Ruiz"",""Charles Brown"",""Raul Briceno"",""Keith Baker"",""Rene Lopez"",""Ignacio Taboada"",""Nuris Figueroa Morales"",""Cora Dvorkin"",""Stephon H. Alexander"",""Francesca Serra"",""Divine P. Kumah"",""Maria Gonzalez-Garcia"",""Danielle Speller"",""Juan Pedro Ochoa-Ricoux"",""Mayda Velasco"",""Fernando Brandao"",""Aomawa Shields"",""Geraldine Cochran"",""John Joseph Carrasco"",""Jesus Perezrios"",""Sylvester Gates"",""Enectali Figueroa-Feliciano"",""Filomena Nunes""]","[""Massachusetts Institute of Technology"",""Stanford University"",""California Institute of Technology"",""Harvard University"",""Princeton University"",""University of California, Berkeley"",""Cornell University"",""University of Chicago"",""University of California, Santa Barbara"",""University of Illinois Urbana-Champaign"",""Yale University"",""Johns Hopkins University"",""University of Michigan"",""University of Pennsylvania"",""University of Texas at Austin"",""University of California, Los Angeles"",""University of Colorado Boulder"",""University of Maryland, College Park"",""University of Washington"",""Georgia Institute of Technology"",""Northwestern University"",""Pennsylvania State University"",""Rice University"",""Stony Brook University"",""University of California, San Diego"",""University of Wisconsin-Madison"",""Carnegie Mellon University"",""Duke University"",""New York University"",""Ohio State University"",""Rutgers University-New Brunswick"",""Brown University"",""University of North Carolina at Chapel Hill"",""Michigan State University"",""University of Arizona"",""University of California, Irvine"",""Boston University"",""Purdue University"",""University of California, Davis"",""University of Florida""]"
PT-6beff9d1-46ee-4b2e-bfc8-1c8b3322460c,treatment,,
PT-1ddd9418-ffc3-409c-9f03-9833d6e9de68,treatment,"[""Aomawa Shields"",""Cora Dvorkin"",""Philip W. Phillips"",""Gustavo Joaquin Turiaci"",""Carlos Bustamante"",""Isabel Garcia Garcia"",""Danielle Speller"",""Nuris Figueroa Morales"",""Geraldine Cochran"",""Enectali Figueroa-Feliciano"",""Indara Suarez"",""Akaa Daniel Ayangeakaa"",""Melinda Soares-Furtado"",""Eduardo Rozo"",""Divine P. Kumah"",""Raul Briceno"",""Joseph Berry"",""Carmen Carmona Benitez"",""Juan Pedro Ochoa-Ricoux"",""Julio Barreiro Guerrero"",""Rolando Valdes Aguilar"",""Rene Lopez"",""John Joseph Carrasco"",""Raquel Queiroz"",""Jesus Perezrios"",""Alvaro Chavarria"",""Francesca Serra"",""Pablo Jarillo-Herrero"",""Maria Gonzalez-Garcia"",""Carl Rodriguez"",""Sylvester Gates"",""Kerstin M. Perez"",""Clifford Johnson"",""Ignacio Taboada"",""Stephon H. Alexander"",""Carlos Arguelles-Delgado"",""Ana Asenjo Garcia"",""Monika Schleier-Smith"",""Carlos Silva"",""Manuel Calderon De La Barca Sanchez"",""Anthony Pullen"",""Fernando Brandao"",""Hernan Garcia"",""Mayda Velasco"",""Filomena Nunes"",""Ismaila Dabo"",""Nadya Mason"",""Ronald Fernando Garcia Ruiz"",""Ibrahima Bah""]","[""Massachusetts Institute of Technology"",""Stanford University"",""California Institute of Technology"",""Harvard University"",""Princeton University"",""University of California, Berkeley"",""Cornell University"",""University of Chicago"",""Columbia University"",""University of California, Santa Barbara"",""University of Illinois Urbana-Champaign"",""Johns Hopkins University"",""University of Michigan"",""University of Pennsylvania"",""University of Texas at Austin"",""University of California, Los Angeles"",""University of Colorado Boulder"",""University of Maryland, College Park"",""University of Washington"",""Georgia Institute of Technology"",""Northwestern University"",""Pennsylvania State University"",""Rice University"",""Stony Brook University"",""University of California, San Diego"",""University of Wisconsin-Madison"",""Carnegie Mellon University"",""Duke University"",""New York University"",""Ohio State University"",""Rutgers University-New Brunswick"",""Brown University"",""University of North Carolina at Chapel Hill"",""Michigan State University"",""University of Arizona"",""University of California, Irvine"",""Boston University"",""Purdue University"",""University of California, Davis"",""University of Florida""]"
PT-8756d280-2bea-48cf-9da5-0e82f97d87ed,treatment,"[""Julio Barreiro Guerrero"",""Cora Dvorkin"",""Akaa Daniel Ayangeakaa"",""Isabel Garcia Garcia"",""Manuel Calderon De La Barca Sanchez"",""Keith Baker"",""Danielle Speller"",""Philip W. Phillips"",""Ismaila Dabo"",""Mayda Velasco"",""Indara Suarez"",""Carl Rodriguez"",""Charles Brown"",""Carlos Bustamante"",""Divine P. Kumah"",""Hernan Garcia"",""Nadya Mason"",""Monika Schleier-Smith"",""Clifford Johnson"",""Joseph Berry"",""Carmen Carmona Benitez"",""Gustavo Joaquin Turiaci"",""Rolando Valdes Aguilar"",""Raquel Queiroz"",""Eduardo Rozo"",""Melinda Soares-Furtado"",""Francesca Serra"",""Filomena Nunes"",""Raul Briceno"",""Alvaro Chavarria"",""Rene Lopez"",""Kerstin M. Perez"",""Nuris Figueroa Morales"",""Ignacio Taboada"",""Stephon H. Alexander"",""Carlos Arguelles-Delgado"",""Ana Asenjo Garcia"",""Maria Gonzalez-Garcia"",""Carlos Silva"",""Juan Pedro Ochoa-Ricoux"",""John Joseph Carrasco"",""Fernando Brandao"",""Aomawa Shields"",""Geraldine Cochran"",""Enectali Figueroa-Feliciano"",""Jesus Perezrios"",""Sylvester Gates"",""Anthony Pullen"",""Ibrahima Bah""]","[""Stanford University"",""California Institute of Technology"",""Harvard University"",""Princeton University"",""University of California, Berkeley"",""Cornell University"",""University of Chicago"",""Columbia University"",""University of California, Santa Barbara"",""University of Illinois Urbana-Champaign"",""Yale University"",""Johns Hopkins University"",""University of Michigan"",""University of Pennsylvania"",""University of Texas at Austin"",""University of California, Los Angeles"",""University of Colorado Boulder"",""University of Maryland, College Park"",""University of Washington"",""Georgia Institute of Technology"",""Northwestern University"",""Pennsylvania State University"",""Rice University"",""Stony Brook University"",""University of California, San Diego"",""University of Wisconsin-Madison"",""Carnegie Mellon University"",""Duke University"",""New York University"",""Ohio State University"",""Rutgers University-New Brunswick"",""Brown University"",""University of North Carolina at Chapel Hill"",""Michigan State University"",""University of Arizona"",""University of California, Irvine"",""Boston University"",""Purdue University"",""University of California, Davis"",""University of Florida""]"
PT-16f911b8-5718-4c0c-aa81-8caa01675931,treatment,"[""Monika Schleier-Smith"",""Manuel Calderon De La Barca Sanchez"",""Carl Rodriguez"",""Cora Dvorkin"",""Raul Briceno"",""Pablo Jarillo-Herrero"",""Juan Pedro Ochoa-Ricoux"",""Rolando Valdes Aguilar"",""Nadya Mason"",""Indara Suarez"",""Sylvester Gates"",""Rene Lopez"",""Maria Gonzalez-Garcia"",""Divine P. Kumah"",""Eduardo Rozo"",""Clifford Johnson"",""Geraldine Cochran"",""Aomawa Shields"",""Joseph Berry"",""Mayda Velasco"",""Akaa Daniel Ayangeakaa"",""Enectali Figueroa-Feliciano"",""Raquel Queiroz"",""Danielle Speller"",""Melinda Soares-Furtado"",""Francesca Serra"",""Charles Brown"",""Jesus Perezrios"",""Keith Baker"",""Philip W. Phillips"",""Kerstin M. Perez"",""Julio Barreiro Guerrero"",""Ignacio Taboada"",""Stephon H. Alexander"",""Carlos Arguelles-Delgado"",""Ana Asenjo Garcia"",""Ismaila Dabo"",""Carlos Silva"",""Hernan Garcia"",""Anthony Pullen"",""Fernando Brandao"",""Carlos Bustamante"",""John Joseph Carrasco"",""Filomena Nunes"",""Carmen Carmona Benitez"",""Nuris Figueroa Morales"",""Ronald Fernando Garcia Ruiz"",""Ibrahima Bah""]","[""Massachusetts Institute of Technology"",""Stanford University"",""California Institute of Technology"",""Harvard University"",""Princeton University"",""University of California, Berkeley"",""Cornell University"",""University of Chicago"",""Columbia University"",""University of California, Santa Barbara"",""University of Illinois Urbana-Champaign"",""Yale University"",""Johns Hopkins University"",""University of Michigan"",""University of Pennsylvania"",""University of Texas at Austin"",""University of California, Los Angeles"",""University of Colorado Boulder"",""University of Maryland, College Park"",""Georgia Institute of Technology"",""Northwestern University"",""Pennsylvania State University"",""Rice University"",""Stony Brook University"",""University of California, San Diego"",""University of Wisconsin-Madison"",""Carnegie Mellon University"",""Duke University"",""New York University"",""Ohio State University"",""Rutgers University-New Brunswick"",""Brown University"",""University of North Carolina at Chapel Hill"",""Michigan State University"",""University of Arizona"",""University of California, Irvine"",""Boston University"",""Purdue University"",""University of California, Davis"",""University of Florida""]"
PT-0a784db1-2ace-4834-8f06-7419f2ca4699,treatment,"[""Julio Barreiro Guerrero"",""Francesca Serra"",""Akaa Daniel Ayangeakaa"",""Isabel Garcia Garcia"",""Manuel Calderon De La Barca Sanchez"",""Keith Baker"",""Ibrahima Bah"",""Philip W. Phillips"",""Ismaila Dabo"",""Mayda Velasco"",""Indara Suarez"",""Carl Rodriguez"",""Charles Brown"",""Carlos Bustamante"",""Divine P. Kumah"",""Hernan Garcia"",""Nadya Mason"",""Monika Schleier-Smith"",""Clifford Johnson"",""Joseph Berry"",""Carmen Carmona Benitez"",""Gustavo Joaquin Turiaci"",""Rolando Valdes Aguilar"",""Raquel Queiroz"",""Eduardo Rozo"",""Melinda Soares-Furtado"",""Pablo Jarillo-Herrero"",""Filomena Nunes"",""Raul Briceno"",""Alvaro Chavarria"",""Rene Lopez"",""Kerstin M. Perez"",""Nuris Figueroa Morales"",""Ignacio Taboada"",""Stephon H. Alexander"",""Danielle Speller"",""Ana Asenjo Garcia"",""Maria Gonzalez-Garcia"",""Carlos Silva"",""Juan Pedro Ochoa-Ricoux"",""John Joseph Carrasco"",""Fernando Brandao"",""Aomawa Shields"",""Geraldine Cochran"",""Enectali Figueroa-Feliciano"",""Jesus Perezrios"",""Sylvester Gates"",""Anthony Pullen"",""Ronald Fernando Garcia Ruiz""]","[""Massachusetts Institute of Technology"",""Stanford University"",""California Institute of Technology"",""Princeton University"",""University of California, Berkeley"",""Cornell University"",""University of Chicago"",""Columbia University"",""University of California, Santa Barbara"",""University of Illinois Urbana-Champaign"",""Yale University"",""Johns Hopkins University"",""University of Michigan"",""University of Pennsylvania"",""University of Texas at Austin"",""University of California, Los Angeles"",""University of Colorado Boulder"",""University of Maryland, College Park"",""University of Washington"",""Georgia Institute of Technology"",""Northwestern University"",""Pennsylvania State University"",""Rice University"",""Stony Brook University"",""University of California, San Diego"",""University of Wisconsin-Madison"",""Carnegie Mellon University"",""Duke University"",""New York University"",""Ohio State University"",""Rutgers University-New Brunswick"",""Brown University"",""University of North Carolina at Chapel Hill"",""Michigan State University"",""University of Arizona"",""University of California, Irvine"",""Boston University"",""Purdue University"",""University of California, Davis"",""University of Florida""]"
PT-68d82ece-16ef-4114-8ab3-0c42563a1af6,treatment,,
PT-58d529b1-02fa-40be-9f01-47d84cd5a570,treatment,"[""Julio Barreiro Guerrero"",""Francesca Serra"",""Akaa Daniel Ayangeakaa"",""Isabel Garcia Garcia"",""Manuel Calderon De La Barca Sanchez"",""Keith Baker"",""Ibrahima Bah"",""Philip W. Phillips"",""Ismaila Dabo"",""Mayda Velasco"",""Indara Suarez"",""Carl Rodriguez"",""Charles Brown"",""Carlos Bustamante"",""Divine P. Kumah"",""Hernan Garcia"",""Nadya Mason"",""Monika Schleier-Smith"",""Clifford Johnson"",""Joseph Berry"",""Carmen Carmona Benitez"",""Gustavo Joaquin Turiaci"",""Rolando Valdes Aguilar"",""Raquel Queiroz"",""Eduardo Rozo"",""Melinda Soares-Furtado"",""Pablo Jarillo-Herrero"",""Filomena Nunes"",""Raul Briceno"",""Alvaro Chavarria"",""Rene Lopez"",""Kerstin M. Perez"",""Nuris Figueroa Morales"",""Ignacio Taboada"",""Stephon H. Alexander"",""Danielle Speller"",""Ana Asenjo Garcia"",""Maria Gonzalez-Garcia"",""Carlos Silva"",""Juan Pedro Ochoa-Ricoux"",""John Joseph Carrasco"",""Fernando Brandao"",""Aomawa Shields"",""Geraldine Cochran"",""Enectali Figueroa-Feliciano"",""Jesus Perezrios"",""Sylvester Gates"",""Anthony Pullen"",""Ronald Fernando Garcia Ruiz""]","[""Massachusetts Institute of Technology"",""Stanford University"",""California Institute of Technology"",""Princeton University"",""University of California, Berkeley"",""Cornell University"",""University of Chicago"",""Columbia University"",""University of California, Santa Barbara"",""University of Illinois Urbana-Champaign"",""Yale University"",""Johns Hopkins University"",""University of Michigan"",""University of Pennsylvania"",""University of Texas at Austin"",""University of California, Los Angeles"",""University of Colorado Boulder"",""University of Maryland, College Park"",""University of Washington"",""Georgia Institute of Technology"",""Northwestern University"",""Pennsylvania State University"",""Rice University"",""Stony Brook University"",""University of California, San Diego"",""University of Wisconsin-Madison"",""Carnegie Mellon University"",""Duke University"",""New York University"",""Ohio State University"",""Rutgers University-New Brunswick"",""Brown University"",""University of North Carolina at Chapel Hill"",""Michigan State University"",""University of Arizona"",""University of California, Irvine"",""Boston University"",""Purdue University"",""University of California, Davis"",""University of Florida""]"
PT-a1532705-980f-4e1b-aa1a-ac771e5d5500,treatment,"[""Alvaro Chavarria"",""Filomena Nunes"",""Divine P. Kumah"",""Nadya Mason"",""Joseph Berry"",""Aomawa Shields"",""Indara Suarez"",""Isabel Garcia Garcia"",""Francesca Serra"",""Eduardo Rozo"",""Enectali Figueroa-Feliciano"",""Manuel Calderon De La Barca Sanchez"",""Juan Pedro Ochoa-Ricoux"",""Ismaila Dabo"",""Nuris Figueroa Morales"",""Rafael Fernandes"",""Geraldine Cochran"",""Gustavo Joaquin Turiaci"",""Rene Lopez"",""Julio Barreiro Guerrero"",""Sylvester Gates"",""Melinda Soares-Furtado"",""Ibrahima Bah"",""Charles Brown"",""Hernan Garcia"",""Keith Baker"",""Philip W. Phillips"",""Raquel Queiroz"",""Kerstin M. Perez"",""Ignacio Taboada"",""Carl Rodriguez"",""Danielle Speller"",""Ana Asenjo Garcia"",""Carlos Bustamante"",""Carlos Silva"",""Cristina Mantilla-Suarez"",""Rolando Valdes Aguilar"",""Stephon H. Alexander"",""Clifford Johnson"",""Carmen Carmona Benitez"",""Mayda Velasco"",""Raul Briceno"",""Akaa Daniel Ayangeakaa"",""John Joseph Carrasco"",""Anthony Pullen""]","[""Princeton University"",""University of California, Berkeley"",""Cornell University"",""University of Chicago"",""Columbia University"",""University of California, Santa Barbara"",""University of Illinois Urbana-Champaign"",""Yale University"",""Johns Hopkins University"",""University of Michigan"",""University of Pennsylvania"",""University of Texas at Austin"",""University of California, Los Angeles"",""University of Colorado Boulder"",""University of Maryland, College Park"",""University of Washington"",""Georgia Institute of Technology"",""Northwestern University"",""Pennsylvania State University"",""Rice University"",""University of California, San Diego"",""University of Wisconsin-Madison"",""Carnegie Mellon University"",""Duke University"",""New York University"",""Ohio State University"",""Rutgers University-New Brunswick"",""Brown University"",""University of North Carolina at Chapel Hill"",""Michigan State University"",""University of Arizona"",""University of California, Irvine"",""Boston University"",""Purdue University"",""University of California, Davis"",""University of Florida"",""University of Minnesota"",""University of Pittsburgh"",""University of Virginia"",""Vanderbilt University""]"
PT-7c76e5a2-18ca-4be2-b049-2238300fcb27,treatment,"[""Mario Borunda"",""Mark Akubo"",""Gabriela Gonzalez"",""Donna Stokes"",""Marcel Ngoko Djiokap"",""Lea Ferreira Dos Santos"",""Paola Barbara"",""Orlando Alvarez"",""Victor M. Acosta"",""Rhonda Dzakpasu"",""Francisco Elohim Becerra Chavez"",""G. Andres Cisneros"",""Emanuela Del Gado"",""Byron Freelon"",""Nathaly Santiesteban"",""Raquel Castillo Fernandez"",""Adebanjo Oriade"",""Chanda Prescod-Weinstein"",""Paulo Araujo"",""Herbert Fotso""]","[""Louisiana State University"",""University of Delaware"",""University of Illinois Chicago"",""University of New Mexico"",""Colorado School of Mines"",""Colorado State University"",""Georgetown University"",""Tufts University"",""University of Connecticut"",""University of Kansas"",""University of Nebraska-Lincoln"",""University of Oklahoma"",""Washington State University"",""Kansas State University"",""University at Buffalo"",""University of Georgia"",""University of Houston"",""University of Kentucky"",""University of Texas at Dallas"",""Baylor University"",""Drexel University"",""Temple University"",""Tulane University"",""University of Central Florida"",""University of Cincinnati"",""University of Maryland, Baltimore County"",""University of Wisconsin-Milwaukee"",""West Virginia University"",""Auburn University"",""Oregon State University"",""University of Hawaii at Manoa"",""University of Missouri"",""University of Texas at Arlington"",""George Mason University"",""George Washington University"",""Montana State University"",""Oklahoma State University-Stillwater"",""University of Alabama"",""University of Miami"",""University of New Hampshire"",""University of South Carolina"",""Georgia State University""]"
PT-17bf0e70-e211-4212-84a5-2194a447bd6f,treatment,,
PT-aee86583-582f-44f3-8785-fdffc81a310f,treatment,,
PT-ce34b322-e5d0-439a-a132-e0e3f9d02c8e,treatment,"[""Miguel Arratia"",""Moussa Ngom"",""Jillian M. Bellovary"",""Denis R. Candido"",""G. Andres Cisneros"",""Mark Akubo"",""Kelle L. Cruz"",""Mauricio Santillana"",""Sharonda Leblanc"",""Lea Ferreira Dos Santos"",""Adebanjo Oriade"",""Raquel Ribeiro"",""Justin F. Vazquez-Poritz"",""Francisco Elohim Becerra Chavez"",""Emanuela Del Gado"",""Donna Stokes"",""Paola Barbara"",""James Daniel Whitfield"",""Eugene Mananga"",""Victor M. Acosta"",""Alberto De La Torre"",""Rhonda Dzakpasu"",""Trevor Rhone"",""Marcel Ngoko Djiokap"",""Luiz Santos"",""Herbert Fotso"",""Gabriela Gonzalez"",""Aran Garcia-Bellido"",""Johan Bonilla Castro"",""Byron Freelon"",""Sophia N. Suarez"",""Miguel Fiolhais""]","[""University of Rochester"",""Virginia Tech"",""Case Western Reserve University"",""Graduate Center, CUNY"",""Dartmouth College"",""Emory University"",""Iowa State University"",""Northeastern University"",""Rensselaer Polytechnic Institute"",""Syracuse University"",""University of California, Riverside"",""University of Massachusetts Amherst"",""University of Southern California"",""University of Tennessee"",""Brandeis University"",""Clemson University"",""North Carolina State University"",""University of Iowa"",""University of Oregon"",""University of Utah"",""Louisiana State University"",""University of Delaware"",""University of Illinois Chicago"",""University of New Mexico"",""Colorado School of Mines"",""Colorado State University"",""Georgetown University"",""Tufts University"",""University of Connecticut"",""University of Kansas"",""University of Nebraska-Lincoln"",""University of Oklahoma"",""Washington State University"",""Kansas State University"",""University at Buffalo"",""University of Georgia"",""University of Houston"",""University of Kentucky"",""University of Texas at Dallas"",""Baylor University""]"
PT-89dfc771-4dec-4825-ae5d-d50c6454ef13,treatment,,
PT-fa4f4694-f6a2-4f1c-a18e-4a07599373f7,treatment,,
,treatment,,
PT-ce34b322-e5d0-439a-a132-e0e3f9d02c8e,treatment,"[""Miguel Arratia"",""Moussa Ngom"",""Jillian M. Bellovary"",""Denis R. Candido"",""G. Andres Cisneros"",""Mark Akubo"",""Kelle L. Cruz"",""Mauricio Santillana"",""Sharonda Leblanc"",""Lea Ferreira Dos Santos"",""Adebanjo Oriade"",""Raquel Ribeiro"",""Justin F. Vazquez-Poritz"",""Francisco Elohim Becerra Chavez"",""Emanuela Del Gado"",""Donna Stokes"",""Paola Barbara"",""James Daniel Whitfield"",""Eugene Mananga"",""Victor M. Acosta"",""Alberto De La Torre"",""Rhonda Dzakpasu"",""Trevor Rhone"",""Marcel Ngoko Djiokap"",""Luiz Santos"",""Herbert Fotso"",""Gabriela Gonzalez"",""Aran Garcia-Bellido"",""Johan Bonilla Castro"",""Byron Freelon"",""Sophia N. Suarez"",""Miguel Fiolhais""]","[""University of Rochester"",""Virginia Tech"",""Case Western Reserve University"",""Graduate Center, CUNY"",""Dartmouth College"",""Emory University"",""Iowa State University"",""Northeastern University"",""Rensselaer Polytechnic Institute"",""Syracuse University"",""University of California, Riverside"",""University of Massachusetts Amherst"",""University of Southern California"",""University of Tennessee"",""Brandeis University"",""Clemson University"",""North Carolina State University"",""University of Iowa"",""University of Oregon"",""University of Utah"",""Louisiana State University"",""University of Delaware"",""University of Illinois Chicago"",""University of New Mexico"",""Colorado School of Mines"",""Colorado State University"",""Georgetown University"",""Tufts University"",""University of Connecticut"",""University of Kansas"",""University of Nebraska-Lincoln"",""University of Oklahoma"",""Washington State University"",""Kansas State University"",""University at Buffalo"",""University of Georgia"",""University of Houston"",""University of Kentucky"",""University of Texas at Dallas"",""Baylor University""]"
PT-ce0f9d61-654e-4b4a-a1a7-75827214f85f,treatment,"[""Aomawa Shields"",""Cora Dvorkin"",""Akaa Daniel Ayangeakaa"",""Isabel Garcia Garcia"",""Carlos Bustamante"",""Keith Baker"",""Danielle Speller"",""Nuris Figueroa Morales"",""Geraldine Cochran"",""Enectali Figueroa-Feliciano"",""Indara Suarez"",""Carl Rodriguez"",""Charles Brown"",""Eduardo Rozo"",""Divine P. Kumah"",""Raul Briceno"",""Joseph Berry"",""Carmen Carmona Benitez"",""Juan Pedro Ochoa-Ricoux"",""Julio Barreiro Guerrero"",""Rolando Valdes Aguilar"",""Gustavo Joaquin Turiaci"",""John Joseph Carrasco"",""Raquel Queiroz"",""Jesus Perezrios"",""Melinda Soares-Furtado"",""Francesca Serra"",""Pablo Jarillo-Herrero"",""Maria Gonzalez-Garcia"",""Alvaro Chavarria"",""Rene Lopez"",""Kerstin M. Perez"",""Clifford Johnson"",""Ignacio Taboada"",""Stephon H. Alexander"",""Carlos Arguelles-Delgado"",""Ana Asenjo Garcia"",""Monika Schleier-Smith"",""Carlos Silva"",""Manuel Calderon De La Barca Sanchez"",""Anthony Pullen"",""Fernando Brandao"",""Hernan Garcia"",""Mayda Velasco"",""Filomena Nunes"",""Ismaila Dabo"",""Sylvester Gates"",""Ronald Fernando Garcia Ruiz"",""Ibrahima Bah""]","[""Massachusetts Institute of Technology"",""Stanford University"",""California Institute of Technology"",""Harvard University"",""Princeton University"",""University of California, Berkeley"",""Cornell University"",""University of Chicago"",""Columbia University"",""University of California, Santa Barbara"",""Yale University"",""Johns Hopkins University"",""University of Michigan"",""University of Pennsylvania"",""University of Texas at Austin"",""University of California, Los Angeles"",""University of Colorado Boulder"",""University of Maryland, College Park"",""University of Washington"",""Georgia Institute of Technology"",""Northwestern University"",""Pennsylvania State University"",""Rice University"",""Stony Brook University"",""University of California, San Diego"",""University of Wisconsin-Madison"",""Carnegie Mellon University"",""Duke University"",""New York University"",""Ohio State University"",""Rutgers University-New Brunswick"",""Brown University"",""University of North Carolina at Chapel Hill"",""Michigan State University"",""University of Arizona"",""University of California, Irvine"",""Boston University"",""Purdue University"",""University of California, Davis"",""University of Florida""]"
PT-d31e1665-c9c5-46a3-b00a-c98a5f99b043,treatment,"[""Gabriela Gonzalez"",""Marcel Ngoko Djiokap"",""Sharonda Leblanc"",""Miguel Fiolhais"",""Rhonda Dzakpasu"",""Miguel Arratia"",""Justin F. Vazquez-Poritz"",""Aran Garcia-Bellido"",""James Daniel Whitfield"",""Mauricio Santillana"",""Trevor Rhone"",""Emanuela Del Gado"",""Mark Akubo"",""Paola Barbara"",""Johan Bonilla Castro"",""Raquel Ribeiro"",""Jose Menendez"",""Ricardo Alarcon"",""Antia Sanchez Botana"",""Moussa Ngom"",""Francisco Elohim Becerra Chavez"",""Sophia N. Suarez"",""Luiz Santos"",""Adebanjo Oriade"",""Denis R. Candido"",""Fernando Ponce"",""Alberto De La Torre"",""Kelle L. Cruz"",""Victor M. Acosta"",""Jorge V. Jose"",""Lea Ferreira Dos Santos"",""Jillian M. Bellovary"",""Eugene Mananga""]","[""Texas A&M University"",""University of California, Santa Cruz"",""University of Notre Dame"",""Arizona State University"",""Florida State University"",""Indiana University Bloomington"",""University of Rochester"",""Virginia Tech"",""Case Western Reserve University"",""Graduate Center, CUNY"",""Dartmouth College"",""Emory University"",""Iowa State University"",""Northeastern University"",""Rensselaer Polytechnic Institute"",""Syracuse University"",""University of California, Riverside"",""University of Massachusetts Amherst"",""University of Southern California"",""University of Tennessee"",""Clemson University"",""North Carolina State University"",""University of Iowa"",""University of Oregon"",""University of Utah"",""Boston College"",""Louisiana State University"",""University of Delaware"",""University of Illinois Chicago"",""University of New Mexico"",""Colorado School of Mines"",""Colorado State University"",""Georgetown University"",""Tufts University"",""University of Connecticut"",""University of Kansas"",""University of Nebraska-Lincoln"",""University of Oklahoma"",""Washington State University"",""Kansas State University""]"
PT-981983be-c11c-42d6-864a-ed7f4182b595,treatment,"[""Richard Anantua"",""Nathaly Santiesteban"",""Mario Borunda"",""Paulo Araujo"",""Chanda Prescod-Weinstein"",""John Federici"",""Francisco Muller Sanchez"",""Raquel Castillo Fernandez"",""Jacob Gayles"",""Arturo Ponce-Pedraza"",""Trevor Tyson"",""Kelly Nash"",""Kerwin Crayton Foster"",""Elena Roxana Margine"",""Cecille Labuda"",""Salvador Barraza-Lopez"",""Maria J. Rodriguez"",""Orlando Alvarez"",""Xochitl Lopez-Lozano"",""Massimillano Bonamente"",""Clayton E. Simien""]","[""University of Missouri"",""University of Texas at Arlington"",""George Mason University"",""George Washington University"",""Montana State University"",""Oklahoma State University-Stillwater"",""University of Alabama"",""University of Miami"",""University of New Hampshire"",""University of South Carolina"",""Georgia State University"",""New Jersey Institute of Technology"",""University of Alabama in Huntsville"",""University of Nevada, Las Vegas"",""Wayne State University"",""Binghamton University"",""Kent State University"",""Texas Tech University"",""University of Arkansas"",""University of Denver"",""University of South Florida"",""Mississippi State University"",""University at Albany, SUNY"",""University of Mississippi"",""University of Colorado Denver"",""Old Dominion University"",""University of Alabama at Birmingham"",""University of Louisville"",""University of Maine"",""University of Nevada, Reno"",""University of Memphis"",""University of North Texas"",""Virginia Commonwealth University"",""Utah State University"",""University of Texas at San Antonio"",""University of Texas at El Paso"",""North Dakota State University"",""University of Louisiana at Lafayette"",""University of Southern Mississippi"",""University of Montana""]"
PT-68d82ece-16ef-4114-8ab3-0c42563a1af6,treatment,"[""Richard Anantua"",""Nathaly Santiesteban"",""Mario Borunda"",""Paulo Araujo"",""Chanda Prescod-Weinstein"",""John Federici"",""Francisco Muller Sanchez"",""Raquel Castillo Fernandez"",""Jacob Gayles"",""Arturo Ponce-Pedraza"",""Trevor Tyson"",""Kelly Nash"",""Kerwin Crayton Foster"",""Elena Roxana Margine"",""Cecille Labuda"",""Salvador Barraza-Lopez"",""Maria J. Rodriguez"",""Orlando Alvarez"",""Xochitl Lopez-Lozano"",""Massimillano Bonamente"",""Clayton E. Simien""]","[""University of Missouri"",""University of Texas at Arlington"",""George Mason University"",""George Washington University"",""Montana State University"",""Oklahoma State University-Stillwater"",""University of Alabama"",""University of Miami"",""University of New Hampshire"",""University of South Carolina"",""Georgia State University"",""New Jersey Institute of Technology"",""University of Alabama in Huntsville"",""University of Nevada, Las Vegas"",""Wayne State University"",""Binghamton University"",""Kent State University"",""Texas Tech University"",""University of Arkansas"",""University of Denver"",""University of South Florida"",""Mississippi State University"",""University at Albany, SUNY"",""University of Mississippi"",""University of Colorado Denver"",""Old Dominion University"",""University of Alabama at Birmingham"",""University of Maine"",""University of Nevada, Reno"",""University of Memphis"",""University of North Texas"",""Virginia Commonwealth University"",""Utah State University"",""Florida International University"",""University of Texas at San Antonio"",""University of Texas at El Paso"",""North Dakota State University"",""University of Louisiana at Lafayette"",""University of Southern Mississippi"",""University of Montana""]"
PC-c2d5d673-3a6a-4924-bd43-76f3973b4598,control,,"[""University of Utah"",""Boston College"",""Louisiana State University"",""University of Delaware"",""University of Illinois Chicago"",""University of New Mexico"",""Colorado School of Mines"",""Colorado State University"",""Georgetown University"",""Tufts University"",""University of Connecticut"",""University of Kansas"",""University of Nebraska-Lincoln"",""University of Oklahoma"",""Washington State University"",""Kansas State University"",""University at Buffalo"",""University of Georgia"",""University of Houston"",""University of Kentucky"",""University of Texas at Dallas"",""Drexel University"",""Ohio University"",""Temple University"",""Tulane University"",""University of Central Florida"",""University of Cincinnati"",""University of Maryland, Baltimore County"",""University of Wisconsin-Milwaukee"",""West Virginia University"",""Auburn University"",""Oregon State University"",""University of Hawaii at Manoa"",""University of Missouri"",""University of Texas at Arlington"",""George Mason University"",""George Washington University"",""Montana State University"",""Oklahoma State University-Stillwater"",""University of Alabama"",""University of Miami"",""University of New Hampshire""]"
PC-0dfe137c-aa80-4839-b113-0b74b35b7f94,control,,
PC-fe8e1402-cde8-4038-93e2-aa5cc7ea50e3,control,,"[""Massachusetts Institute of Technology"",""Stanford University"",""Harvard University"",""Princeton University"",""University of California, Berkeley"",""Cornell University"",""University of Chicago"",""Columbia University"",""University of California, Santa Barbara"",""University of Illinois Urbana-Champaign"",""Yale University"",""Johns Hopkins University"",""University of Michigan"",""University of Pennsylvania"",""University of Texas at Austin"",""University of California, Los Angeles"",""University of Colorado Boulder"",""University of Maryland, College Park"",""University of Washington"",""Georgia Institute of Technology"",""Northwestern University"",""Pennsylvania State University"",""Rice University"",""Stony Brook University"",""University of California, San Diego"",""University of Wisconsin-Madison"",""Carnegie Mellon University"",""Duke University"",""New York University"",""Ohio State University"",""Rutgers University-New Brunswick"",""Brown University"",""University of North Carolina at Chapel Hill"",""Michigan State University"",""University of Arizona"",""University of California, Irvine"",""Boston University"",""Purdue University"",""University of California, Davis"",""University of Florida""]"
PC-411e114d-b15a-4aec-beb3-b995f95da45c,control,,"[""University of Nebraska-Lincoln"",""University of Oklahoma"",""Washington State University"",""Kansas State University"",""University at Buffalo"",""University of Georgia"",""University of Houston"",""University of Kentucky"",""University of Texas at Dallas"",""Baylor University"",""Drexel University"",""Ohio University"",""Temple University"",""Tulane University"",""University of Central Florida"",""University of Cincinnati"",""University of Maryland, Baltimore County"",""University of Wisconsin-Milwaukee"",""West Virginia University"",""Auburn University"",""Oregon State University"",""University of Hawaii at Manoa"",""University of Missouri"",""University of Texas at Arlington"",""George Mason University"",""George Washington University"",""Oklahoma State University-Stillwater"",""University of Alabama"",""University of Miami"",""University of New Hampshire"",""University of South Carolina"",""Georgia State University"",""New Jersey Institute of Technology"",""University of Alabama in Huntsville"",""University of Nevada, Las Vegas"",""Wayne State University"",""Binghamton University"",""Kent State University"",""Texas Tech University"",""University of Arkansas"",""University of Denver"",""University of South Florida"",""Mississippi State University"",""University at Albany, SUNY"",""University of Mississippi"",""University of Colorado Denver"",""Old Dominion University"",""University of Alabama at Birmingham"",""University of Louisville"",""University of Maine"",""University of Nevada, Reno"",""University of Memphis""]"
PC-af4d13ae-7f14-480d-9372-35ab4db72cc3,control,,"[""University of Iowa"",""University of Oregon"",""University of Utah"",""Boston College"",""Louisiana State University"",""University of Delaware"",""University of Illinois Chicago"",""University of New Mexico"",""Colorado School of Mines"",""Colorado State University"",""Georgetown University"",""Tufts University"",""University of Connecticut"",""University of Kansas"",""University of Nebraska-Lincoln"",""University of Oklahoma"",""Washington State University"",""Kansas State University"",""University at Buffalo"",""University of Georgia"",""University of Houston"",""University of Kentucky"",""Baylor University"",""Drexel University"",""Ohio University"",""Temple University"",""Tulane University"",""University of Central Florida"",""University of Cincinnati"",""University of Maryland, Baltimore County"",""University of Wisconsin-Milwaukee"",""West Virginia University"",""Auburn University"",""Oregon State University"",""University of Hawaii at Manoa"",""University of Missouri"",""University of Texas at Arlington"",""George Mason University"",""George Washington University"",""Montana State University"",""Oklahoma State University-Stillwater"",""University of Alabama"",""University of Miami"",""University of New Hampshire""]"
PC-20409428-dd5d-4384-88ac-0bd47ac68217,control,,"[""University of Missouri"",""University of Texas at Arlington"",""George Mason University"",""George Washington University"",""Montana State University"",""Oklahoma State University-Stillwater"",""University of Alabama"",""University of Miami"",""University of New Hampshire"",""University of South Carolina"",""Georgia State University"",""New Jersey Institute of Technology"",""University of Alabama in Huntsville"",""University of Nevada, Las Vegas"",""Wayne State University"",""Binghamton University"",""Kent State University"",""Texas Tech University"",""University of Arkansas"",""University of Denver"",""University of South Florida"",""Mississippi State University"",""University at Albany, SUNY"",""University of Colorado Denver"",""Old Dominion University"",""University of Alabama at Birmingham"",""University of Louisville"",""University of Maine"",""University of Nevada, Reno"",""University of Memphis"",""University of North Texas"",""Virginia Commonwealth University"",""Utah State University"",""Florida International University"",""University of Texas at San Antonio"",""University of Texas at El Paso"",""North Dakota State University"",""University of Louisiana at Lafayette"",""University of Southern Mississippi"",""University of Montana""]"
PC-f5bebed0-5278-4fda-98de-4dc18e3ad024,control,,
PC-84ce5036-268f-421c-af2b-9d430eefee15,control,,
PC-2fea351d-3031-4222-839a-99c66b4435c4,control,,"[""Georgia Institute of Technology"",""Northwestern University"",""Pennsylvania State University"",""Rice University"",""Stony Brook University"",""University of California, San Diego"",""University of Wisconsin-Madison"",""Carnegie Mellon University"",""Duke University"",""New York University"",""Ohio State University"",""Rutgers University-New Brunswick"",""Brown University"",""University of North Carolina at Chapel Hill"",""Michigan State University"",""University of Arizona"",""University of California, Irvine"",""Boston University"",""Purdue University"",""University of California, Davis"",""University of Minnesota"",""University of Pittsburgh"",""University of Virginia"",""Vanderbilt University"",""Washington University in St. Louis"",""Texas A&M University"",""University of California, Santa Cruz"",""University of Notre Dame"",""Arizona State University"",""Florida State University"",""Indiana University Bloomington"",""University of Rochester"",""Virginia Tech"",""Case Western Reserve University"",""Graduate Center, CUNY"",""Dartmouth College"",""Emory University"",""Iowa State University"",""Northeastern University"",""Rensselaer Polytechnic Institute""]"
PC-809a4e4b-6597-401a-ba2a-3b6c83706d5d,control,,
PC-80f8f623-4396-4e79-a10e-4227f63d1dde,control,,"[""Massachusetts Institute of Technology"",""Stanford University"",""Harvard University"",""Princeton University"",""University of California, Berkeley"",""Cornell University"",""University of Chicago"",""Columbia University"",""University of California, Santa Barbara"",""University of Illinois Urbana-Champaign"",""Yale University"",""Johns Hopkins University"",""University of Michigan"",""University of Pennsylvania"",""University of Texas at Austin"",""University of California, Los Angeles"",""University of Colorado Boulder"",""University of Maryland, College Park"",""University of Washington"",""Georgia Institute of Technology"",""Northwestern University"",""Pennsylvania State University"",""Rice University"",""Stony Brook University"",""University of California, San Diego"",""University of Wisconsin-Madison"",""Carnegie Mellon University"",""Duke University"",""New York University"",""Ohio State University"",""Rutgers University-New Brunswick"",""Brown University"",""University of North Carolina at Chapel Hill"",""Michigan State University"",""University of Arizona"",""University of California, Irvine"",""Boston University"",""Purdue University"",""University of California, Davis"",""University of Florida""]"
,control,,"[""University of California, Santa Cruz"",""University of Notre Dame"",""Arizona State University"",""Florida State University"",""Indiana University Bloomington"",""University of Rochester"",""Virginia Tech"",""Case Western Reserve University"",""Graduate Center, CUNY"",""Dartmouth College"",""Emory University"",""Iowa State University"",""Northeastern University"",""Rensselaer Polytechnic Institute"",""Syracuse University"",""University of California, Riverside"",""University of Massachusetts Amherst"",""University of Southern California"",""University of Tennessee"",""Brandeis University"",""North Carolina State University"",""University of Iowa"",""University of Oregon"",""University of Utah"",""Boston College"",""Louisiana State University"",""University of Delaware"",""University of Illinois Chicago"",""University of New Mexico"",""Colorado School of Mines"",""Colorado State University"",""Georgetown University"",""Tufts University"",""University of Connecticut"",""University of Kansas"",""University of Nebraska-Lincoln"",""University of Oklahoma"",""Washington State University"",""Kansas State University"",""University at Buffalo""]"
PC-4dcf9fc2-8888-4beb-99e5-dddfbf004684,control,,"[""Massachusetts Institute of Technology"",""Stanford University"",""California Institute of Technology"",""Harvard University"",""Princeton University"",""University of California, Berkeley"",""Cornell University"",""University of Chicago"",""Columbia University"",""University of California, Santa Barbara"",""University of Illinois Urbana-Champaign"",""Yale University"",""Johns Hopkins University"",""University of Michigan"",""University of Pennsylvania"",""University of Texas at Austin"",""University of California, Los Angeles"",""University of Colorado Boulder"",""University of Washington"",""Georgia Institute of Technology"",""Northwestern University"",""Pennsylvania State University"",""Rice University"",""Stony Brook University"",""University of California, San Diego"",""University of Wisconsin-Madison"",""Carnegie Mellon University"",""Duke University"",""New York University"",""Ohio State University"",""Rutgers University-New Brunswick"",""Brown University"",""University of North Carolina at Chapel Hill"",""Michigan State University"",""University of Arizona"",""University of California, Irvine"",""Boston University"",""Purdue University"",""University of California, Davis"",""University of Florida""]"
PC-2e46f60d-af4f-43ee-8e4c-cc1c507b5277,control,,
PC-aa1c812b-6d1b-4234-93e6-729740e0dce8,control,,"[""University of Pittsburgh"",""University of Virginia"",""Vanderbilt University"",""Washington University in St. Louis"",""Texas A&M University"",""University of California, Santa Cruz"",""University of Notre Dame"",""Arizona State University"",""Florida State University"",""Indiana University Bloomington"",""University of Rochester"",""Virginia Tech"",""Case Western Reserve University"",""Graduate Center, CUNY"",""Dartmouth College"",""Emory University"",""Iowa State University"",""Northeastern University"",""Rensselaer Polytechnic Institute"",""Syracuse University"",""University of Massachusetts Amherst"",""University of Southern California"",""University of Tennessee"",""Brandeis University"",""Clemson University"",""North Carolina State University"",""University of Iowa"",""University of Oregon"",""University of Utah"",""Boston College"",""Louisiana State University"",""University of Delaware"",""University of Illinois Chicago"",""University of New Mexico"",""Colorado School of Mines"",""Colorado State University"",""Georgetown University"",""Tufts University"",""University of Connecticut"",""University of Kansas""]"
PC-9825fb8e-d334-4888-bd8d-e425aeaeda5c,control,,"[""University of Missouri"",""University of Texas at Arlington"",""George Mason University"",""George Washington University"",""Montana State University"",""Oklahoma State University-Stillwater"",""University of Alabama"",""University of Miami"",""University of New Hampshire"",""University of South Carolina"",""Georgia State University"",""New Jersey Institute of Technology"",""University of Alabama in Huntsville"",""University of Nevada, Las Vegas"",""Wayne State University"",""Binghamton University"",""Kent State University"",""Texas Tech University"",""University of Arkansas"",""University of Denver"",""University of South Florida"",""Mississippi State University"",""University at Albany, SUNY"",""University of Mississippi"",""University of Colorado Denver"",""University of Alabama at Birmingham"",""University of Louisville"",""University of Maine"",""University of Nevada, Reno"",""University of Memphis"",""University of North Texas"",""Virginia Commonwealth University"",""Utah State University"",""Florida International University"",""University of Texas at San Antonio"",""University of Texas at El Paso"",""North Dakota State University"",""University of Louisiana at Lafayette"",""University of Southern Mississippi"",""University of Montana""]"
PC-d2cec6c7-9984-45d8-8e8a-493edc68dd03,control,,
PC-b18d6d3a-bbe1-4c35-84a3-0e51662055e6,control,,"[""Virginia Tech"",""Case Western Reserve University"",""Graduate Center, CUNY"",""Dartmouth College"",""Emory University"",""Iowa State University"",""Northeastern University"",""Rensselaer Polytechnic Institute"",""Syracuse University"",""University of California, Riverside"",""University of Massachusetts Amherst"",""University of Southern California"",""University of Tennessee"",""Brandeis University"",""Clemson University"",""North Carolina State University"",""University of Iowa"",""University of Oregon"",""University of Utah"",""Boston College"",""University of Delaware"",""University of Illinois Chicago"",""University of New Mexico"",""Colorado School of Mines"",""Colorado State University"",""Georgetown University"",""Tufts University"",""University of Connecticut"",""University of Kansas"",""University of Nebraska-Lincoln"",""University of Oklahoma"",""Washington State University"",""Kansas State University"",""University at Buffalo"",""University of Georgia"",""University of Houston"",""University of Kentucky"",""University of Texas at Dallas"",""Baylor University"",""Drexel University""]"
PC-eed72da7-06c7-4459-aeca-eac0afd24097,control,,"[""University of Houston"",""University of Kentucky"",""University of Texas at Dallas"",""Baylor University"",""Drexel University"",""Ohio University"",""Temple University"",""Tulane University"",""University of Central Florida"",""University of Cincinnati"",""University of Maryland, Baltimore County"",""University of Wisconsin-Milwaukee"",""West Virginia University"",""Auburn University"",""Oregon State University"",""University of Hawaii at Manoa"",""University of Missouri"",""University of Texas at Arlington"",""George Mason University"",""George Washington University"",""Montana State University"",""Oklahoma State University-Stillwater"",""University of Alabama"",""University of Miami"",""University of New Hampshire"",""Georgia State University"",""New Jersey Institute of Technology"",""University of Alabama in Huntsville"",""University of Nevada, Las Vegas"",""Wayne State University"",""Binghamton University"",""Kent State University"",""Texas Tech University"",""University of Arkansas"",""University of Denver"",""University of South Florida"",""Mississippi State University"",""University at Albany, SUNY"",""University of Mississippi"",""University of Colorado Denver"",""Old Dominion University"",""University of Alabama at Birmingham"",""University of Louisville"",""University of Maine"",""University of Nevada, Reno"",""University of Memphis"",""University of North Texas"",""Virginia Commonwealth University"",""Utah State University"",""Florida International University""]"
PC-685f0332-d1ff-4665-89db-fb8a56b35cfd,control,,
PC-d8ac85d5-b6c7-49ba-92bd-0e17a4f64ae8,control,,
PC-3643e42c-e098-4d58-a689-a36482d91d9d,control,,
PC-855cf159-d813-4880-9405-a1fd54afbed1,control,,"[""Rice University"",""Stony Brook University"",""University of California, San Diego"",""University of Wisconsin-Madison"",""Carnegie Mellon University"",""Duke University"",""New York University"",""Ohio State University"",""Rutgers University-New Brunswick"",""Brown University"",""University of North Carolina at Chapel Hill"",""Michigan State University"",""University of Arizona"",""University of California, Irvine"",""Boston University"",""Purdue University"",""University of California, Davis"",""University of Florida"",""University of Minnesota"",""University of Pittsburgh"",""Vanderbilt University"",""Washington University in St. Louis"",""Texas A&M University"",""University of California, Santa Cruz"",""University of Notre Dame"",""Arizona State University"",""Florida State University"",""Indiana University Bloomington"",""University of Rochester"",""Virginia Tech"",""Case Western Reserve University"",""Graduate Center, CUNY"",""Dartmouth College"",""Emory University"",""Iowa State University"",""Northeastern University"",""Rensselaer Polytechnic Institute"",""Syracuse University"",""University of California, Riverside"",""University of Massachusetts Amherst""]"
